frame_number,timestamp,ear,mar,blink_duration,blink_rate,yawn_freq,eye_closure_dur,face_angle,head_pitch,head_yaw,head_roll,perclos,fatigue_score,state
1719,57.3,0.6,0.3459155839605435,0.2690067048777109,23.29675703789832,0.2442354551358484,0.1742700627514973,4.620483423310865,4.318718403485747,1.5634556445697472,-0.5031350354994206,0.1163827896592281,41.35061833486498,Slightly Drowsy
1205,40.16666666666666,0.6,0.2520762257495027,0.2587591674080673,13.578070151405226,0.1017501262346384,0.0486180195061355,1.959285548433499,0.6747760349878256,0.2906936281029437,-1.8163078972153408,0.0315559863039051,10.462198000594151,Alert
2723,90.76666666666668,0.6,0.6056811023975757,0.484185977857315,24.964450492368023,0.5073722767773668,0.5964790939109037,24.912073510047595,22.579676235743747,-0.4967790099866391,10.512984270617022,0.407964417010971,84.15909977397237,Drowsy
1938,64.6,0.6,0.3586222031742216,0.2409086067182812,16.930754287145938,0.1766099717525051,0.1624885333463536,13.492904609874865,4.579300511018405,12.024420389669617,4.062240260431008,0.2172587807821595,45.78768336972382,Slightly Drowsy
1227,40.9,0.6,0.2812545153200317,0.1879888606932186,12.50753242238617,0.0169685149898197,0.0951888434764516,1.563635587207758,1.440151439216815,-0.2402489947472774,0.5596431918885543,0.0453057668956761,5.862891804691552,Alert
466,15.533333333333331,0.3329839686409472,0.3385677381153383,3.887636994342201,10.0439300649409,0.0826734804572392,0.0523880258820069,1.2017083649630256,0.9096113962312876,-0.7728614565329821,-0.1392669066002163,0.0537832891414867,9.17322384334156,Alert
3574,119.13333333333334,0.1069626027397071,0.3965418257388574,3.887636994342201,3.02555058488427,0.0592655192160222,1.7827661680557794,44.73175258701455,32.273223966965695,21.412522818395928,22.38018254696837,0.8722149717683229,100.0,Sleep
552,18.4,0.3380611746305245,0.267215169962864,3.887636994342201,14.450177594239952,0.0390826671909794,0.0632862198995992,5.500372661034474,4.743050479016096,2.6015622384832167,-0.9947087428281864,0.0515290269024484,5.836957896844794,Alert
839,27.966666666666665,0.2974959943031584,0.2655292953784872,3.887636994342201,13.52851292713128,0.087558287129394,0.0494045183978132,2.0672214255846018,-1.735658822665597,0.5426133344472973,-0.9830888276138092,0.0274590277060451,4.2264760405634725,Alert
556,18.53333333333333,0.3465713423258304,0.3618239710885905,3.887636994342201,15.335519655936686,0.0209303238047192,0.1008190834759557,2.5455884008967016,-1.1631460227130377,1.441760275283138,-1.7459779337787054,0.0358603082180326,7.404736496156103,Alert
3307,110.23333333333332,0.2379360259987431,0.7167544652711927,0.549129966707922,36.07776535373766,0.720316317913344,0.5477622665889827,21.985804846741832,17.375451974804058,11.412401503123478,7.157260325138347,0.3671968232997283,77.41603433767281,Drowsy
2728,90.93333333333334,0.1909753883198203,0.3507643175493727,0.4339781053778602,19.08742614597817,0.4234017223675754,0.4912971593707414,26.98693208570134,18.748344554623458,16.14497395964127,10.776543773487058,0.357447264108676,71.32333974257784,Drowsy
2432,81.06666666666666,0.1667899088492174,0.6385289233111022,0.4012554684224627,29.619552509552133,0.3184588372549994,0.430129576832205,21.65563193018615,20.34351483624705,5.794550899703318,4.6401485185112055,0.5377103188216469,92.99649449651308,Drowsy
2421,80.7,0.2205072293178646,0.5393588782628159,0.4526087326712544,24.09071845243722,0.5943993408673025,0.6086512218966824,24.30499267514585,15.11059081498572,4.467871730164799,18.505157020780917,0.4334964071106202,70.24291333211092,Drowsy
3632,121.06666666666666,0.1298194466076112,0.3562169676187048,0.9473074557970806,8.59654313381972,0.1565871280820747,2.0267848786088343,42.97598270517492,28.72926538491999,23.57950756019734,21.577099507045155,0.8174294800703156,100.0,Sleep
2011,67.03333333333333,0.2736063663397222,0.3787156544773248,0.2910265432694092,20.14164123496009,0.1381677069006239,0.1855103320897048,6.143527341757497,1.7022103893818876,5.009794219814654,3.122077812021024,0.1426631493315893,48.96367138697108,Slightly Drowsy
110,3.6666666666666665,0.3541035107493461,0.2843828575926768,0.1671178337662424,14.305743757580707,0.0717319211614555,0.080977201406514,3.2571607911590457,2.101479228009706,-2.1059750634202663,-1.3258018351018963,0.0119478945640061,18.167020043157404,Alert
3481,116.03333333333332,0.1260200680035444,0.2923590741397434,0.8207951945061472,6.101111503167633,0.1232200449183312,2.2599059524958798,43.95689282739896,41.49844798032678,7.232160510875776,12.5611741731607,0.7675129409414332,100.0,Sleep
1949,64.96666666666667,0.2586341157064296,0.3484295999173371,0.3172116683715847,21.602305729182696,0.1311181514809393,0.1385654131653796,9.44629718662167,0.4757731123050073,9.25003737581774,1.855526617852452,0.1935429676032659,50.60546141166552,Slightly Drowsy
3012,100.4,0.2163876826869908,0.4792953698273779,0.389831095823343,27.308601084023078,0.6689935891074839,0.5809405324839673,24.92000399723628,19.41165832395408,12.114649923998089,9.870632074761446,0.4320094147731474,79.59985672551176,Drowsy
3734,124.46666666666668,0.1188864260287036,0.3078902838637281,0.9538204015695284,6.006739651032639,0.1023253710118344,1.5317214675140878,44.95312050295209,33.62964087898189,17.184637370280623,24.38275078319911,0.9604743861163888,100.0,Sleep
2792,93.06666666666666,0.2064986735572057,0.6977848133237488,0.528556085575821,30.8560558788374,0.828111281172603,0.5001607288046378,20.742454385760105,13.02543162019134,5.942615549128277,15.00909276033422,0.5415532014760267,73.12817655857779,Drowsy
1703,56.766666666666666,0.2376922538047497,0.2644872909359474,0.3039269841196227,26.547134384202145,0.1267225934907878,0.1381908354000531,11.81262180936573,9.811606149582405,-2.5849653964250043,6.048832339870646,0.1438241950818151,33.470544533070374,Slightly Drowsy
1770,59.0,0.276903693106926,0.3430397617395058,0.2916786344983163,23.559752265715343,0.2497004875362823,0.1648745970770942,16.34493076593967,13.37203093892738,7.706080737385779,5.381623359231103,0.2281384022760158,44.57337203409093,Slightly Drowsy
3802,126.73333333333332,0.1411719316169691,0.401771926178287,0.9062805154780572,7.619367041923384,0.1250487241229044,1.5008580128192823,45.29158338422524,40.31299463824901,17.421573009615063,11.076045441283933,0.8607404189342539,100.0,Sleep
1314,43.8,0.3503245982137343,0.2655026226675364,0.1516574144397333,13.870717221729883,0.0150895571684584,0.0832991375081804,4.865765335891895,4.830242202086723,-0.5044189381475016,0.2999901798154782,0.0381230876755326,14.8500817143426,Alert
2003,66.76666666666667,0.2178775823826375,0.3882627528128993,0.2249511511838269,20.7676325204945,0.1148497788609629,0.2760971952188479,4.405849382677361,2.3117774296048745,3.5117612185239064,-1.31709037005038,0.2439828048828236,43.52699339385535,Slightly Drowsy
496,16.533333333333335,0.3144527932176932,0.2327579425716569,0.2330450787917934,14.799912977862908,0.0,0.0711630214551835,6.020637278272165,2.2772159570710446,5.113776279892131,-2.2162249165177386,0.0595208143871189,17.319042814584407,Alert
3150,105.0,0.2200662470893066,0.7315264495717662,0.4034895323891604,22.10568943613007,0.6478913723710147,0.8114370011300884,31.021176062504075,23.53470316650592,5.508203656035843,19.444557172868848,0.4880759734328239,71.84423982698135,Drowsy
2227,74.23333333333333,0.2546185352807931,0.3680310912540727,0.3028996352180855,21.08309850800287,0.3360619830032741,0.1506082099512592,4.02729774217553,0.9592854314062292,-3.2347222744342927,-2.198970298231089,0.20692679259281,43.5266098387886,Slightly Drowsy
1234,41.13333333333333,0.3106859429857271,0.2561526937747677,0.1602282092845637,15.498946569534382,0.0155797069397875,0.0679063829974517,3.983159348845343,-3.217673114273791,-0.8823695411285087,-2.1756750954272395,0.0415840585737928,7.334917012328712,Alert
3567,118.9,0.1426591568772594,0.3309074415124485,0.8035450499348826,5.43887833888666,0.0,1.786147143406212,33.35237221198976,25.712709899346624,16.255493335394142,13.674656054983808,0.7687653749892291,100.0,Sleep
880,29.33333333333333,0.326719394728716,0.2865487485043782,0.1916527384103251,11.431870281237178,0.0,0.0925118260501312,7.22553374712123,5.7116046546912695,-3.079060867169688,3.178882567123397,0.0456782211747276,12.068679643705249,Alert
3959,131.96666666666667,0.160151285692001,0.3833623293005325,0.9939935808197377,10.116116070522304,0.1449127045882767,2.404211280151952,20.88570869603027,7.843510981818261,5.866838856551894,11.660140409550367,0.8967193429554401,100.0,Sleep
1186,39.53333333333333,0.3413592330087355,0.3451965890233099,0.1611187736638063,15.754705630148235,0.1565871280820747,0.06207333334056,5.621736620065806,0.786024719887477,5.21371428550575,-1.95019771157388,0.0131773993468857,17.567411841062317,Alert
2885,96.16666666666669,0.1872215498514451,0.5185568309913801,0.4506140942631701,28.35287964080496,0.5829140458847011,0.5325832334719014,10.659546637155405,14.066531705341518,10.492439635897467,7.284568697616948,0.5117251949475047,83.92410738252705,Drowsy
2993,99.76666666666668,0.2078042420867563,0.2032194267064142,0.4967223800392321,22.51993281042132,0.5106887342200089,0.6245251108644205,20.886452113836796,10.31955083690046,16.53659678933215,7.502780754845103,0.5417180840401067,67.73289000767863,Drowsy
3687,122.9,0.1212718026434537,0.369353899414203,0.7318366125358282,8.081505715022589,0.1422417754186257,1.8191309898971644,31.52167127416049,24.585953599931408,12.05830705898267,15.61229888163634,0.800939421881839,100.0,Sleep
2409,80.3,0.1788670319546312,0.5893534311311502,0.4366182030002935,25.17264755125073,0.8671492579149165,0.20907870799801132,10.659546637155405,23.27936070678029,23.21329086809304,11.208767130732436,0.3860332193368994,69.73882470222357,Drowsy
212,7.066666666666666,0.3394734125878028,0.296022050315316,0.2302347730004261,13.986009952927384,0.0767496662237005,0.0581659824772137,2.881561057096495,1.0322507438139974,2.0866132726973325,1.698204221486288,0.0341206610467163,11.172357628290452,Alert
2881,96.03333333333332,0.213436949658759,0.3719102714355773,0.4466935628405842,26.87372024152561,0.67426468213305,0.5732736557675321,21.996677829162333,20.67605142571834,6.847839977619888,3.0760072499789537,0.4172166816886455,80.08196442085115,Drowsy
2586,86.2,0.1890048639915869,0.5122179498490537,0.4860910791747463,28.453118571973043,0.5957814941201296,0.4681609745273013,14.427807455754232,12.318649052656216,4.684770313656992,5.870727434150533,0.4239503032559812,82.03134643961675,Drowsy
2683,89.43333333333334,0.1761974253910085,0.4895399878351225,0.5622775533508318,29.58063683330021,0.5534017848950605,0.6812123209175663,24.96164790020337,21.48145274227858,9.112761113321422,8.865023342694387,0.3862354473798084,71.37133575952838,Drowsy
3372,112.4,0.2312083826144669,0.714045182141556,0.367006742494238,29.54883626017808,0.463865649242391,0.8780299589689118,29.68210901541861,21.070356794923956,18.497871938162763,9.741478013993955,0.2555189840007804,69.14782914797867,Drowsy
1827,60.9,0.2286669326216245,0.3531449738804889,0.2724998446508491,25.48431502007036,0.204371155331603,0.1682950867851526,9.03434494297442,2.385566923046828,7.462536739278693,4.498778102910624,0.2224223951236727,34.8400495476443,Slightly Drowsy
34,1.1333333333333333,0.3300427930524735,0.3041550397098889,0.1679633858434249,14.560231204526042,0.0505036960312718,0.0819535219709766,1.0009839552462565,0.0674755403613338,0.0735305227768281,0.9959965824908996,0.0690228721559008,15.664492434065624,Alert
1338,44.6,0.3539929553250224,0.3105984059231635,0.1796516965663487,10.7895044727221,0.0274578727500519,0.1117912666572515,8.067053847342445,5.463594454140956,-1.85879994031107,-5.6366085724043575,0.0357462053138976,10.724058333052245,Alert
3785,126.16666666666669,0.1158318527899906,0.4102993520671251,1.076054807162246,7.387212251002318,0.3231319848144405,1.5954723695740531,47.500020299832855,39.18959151682862,22.089515859078848,15.247332040070187,0.9971408832099912,100.0,Sleep
2015,67.16666666666667,0.2569306629363849,0.3670102563085622,0.1995988950902047,26.44530151688033,0.2178943757196444,0.1952232932043136,15.351494151627785,10.963480884961132,8.989986894273095,5.886475619022978,0.1701165401318685,34.80626010316136,Slightly Drowsy
2310,77.0,0.2340146055083917,0.4119545210988368,0.2586514095982122,21.42565962110661,0.1653342224514693,0.1545444259707067,14.36568375441019,12.494018555973003,4.192071268632307,5.71829594664657,0.221788449670584,36.09730082809229,Slightly Drowsy
2507,83.56666666666666,0.2038062610109314,0.6177039266368306,0.2528932653865894,27.788042314479043,0.4472942192346841,0.7001362504820234,24.767224030251068,21.071084577419143,11.40541246486336,6.272268122635903,0.4678045817092153,69.99592441428403,Drowsy
3275,109.16666666666669,0.2223250449847102,0.6695113305846776,0.4503965909090857,26.975365406376067,0.612009571874512,0.656320132005151,22.733247979981577,20.76218404988774,7.410725179655749,3.289651897105,0.3622577397073993,76.87216002827525,Drowsy
3905,130.16666666666666,0.1328200526957259,0.2564362424287545,1.1584225261274537,7.5948187367438145,0.1652811060368738,1.8574679229639528,49.75327794184428,34.3772054782187,30.284232004881915,19.402620991536804,0.8736934047898469,99.7358713339457,Sleep
3170,105.66666666666669,0.1997741729915065,0.5267276240525453,0.5274788427017865,24.12183696616321,0.5292194955081942,0.6581370666805961,18.537368104216068,13.944720379842956,5.439472433536079,10.935763777807235,0.340326031154707,78.70759494704751,Drowsy
3800,126.66666666666669,0.1410991407440251,0.3775312434936192,1.1343638386707091,4.130149387566693,0.1507798437505123,1.8389908780158548,41.59044638679227,37.61392412577031,7.234673412035976,16.205475714542178,0.8106133564753154,100.0,Sleep
1175,39.16666666666666,0.3130353819060821,0.292356373694525,0.1829225202919293,13.350782841397328,0.0167171812906881,0.0583006402503904,1.8061370620400985,-0.8389931638138104,1.2157200766474363,-1.0393489564072709,0.0,12.903032379235876,Alert
3436,114.53333333333332,0.0999498403287676,0.3108175933792761,0.9402919119134164,5.501960512674253,0.1485387160666632,0.20907870799801132,29.756702619469223,21.47028508840467,14.959057807455492,14.167385027568054,0.901026790620933,100.0,Sleep
1193,39.766666666666666,0.3418022548883446,0.2741815274687709,0.2603888608170001,12.488715348600511,0.1197798219743955,0.0787726791980017,2.656739199779885,-2.1362759872818646,1.448546237244326,0.6295251229103274,0.0189735637152154,7.173720528122206,Alert
2438,81.26666666666667,0.1956965472988165,0.3445081510436877,0.4657774807407889,18.24013069433852,0.3756734916961111,0.461705347100143,15.098681922431302,12.961452611149063,6.7296951735022885,3.8317287058755767,0.3415833135490029,83.91179698731825,Drowsy
271,9.033333333333331,0.2721936256145055,0.2775978083870086,0.1389505488350156,18.96818999807702,0.0864545088869888,0.0821150758254296,5.851988445375684,5.159266694136671,-2.538947932397208,3.289651897105,0.0439962086743742,13.47240911851109,Alert
2213,73.76666666666667,0.252942836385974,0.3507643175493727,0.2623472398239961,25.253176717327385,0.2288801556941681,0.2126068681556996,5.597828724577936,4.815579219965713,-2.257321305796373,1.7465347773067734,0.1913053542503957,37.86026972077158,Slightly Drowsy
577,19.23333333333333,0.3372727739348048,0.2644317606640328,0.1841708606085937,13.88719277418987,0.012964403844354,0.0777266662183713,1.7151360203050574,1.6408511752572046,-0.4952416950091383,0.0635189131629015,0.0415134708122677,9.724015721060804,Alert
3890,129.66666666666666,0.1154863425249526,0.359644289705666,0.7037733177128577,8.914665608270221,0.3660583157344431,1.680550485070423,27.96123495444221,25.84458133520277,4.823991546765271,9.519316222415696,0.8028444462664184,100.0,Sleep
3636,121.2,0.1059391889248937,0.477892023640585,0.9066908468277826,11.420984888566068,0.2118233112720787,2.4402384915561504,41.25218957268763,36.45766731684172,15.109613103808778,12.0117122097001,0.7718528067682816,100.0,Sleep
167,5.566666666666666,0.2927400230639289,0.3293826332911195,0.1770423560314721,14.04712405736212,0.0783285769302623,0.08466432262527,4.631585158983437,4.382841584783113,0.8613724956054727,-1.2248747492808758,0.047230070504122,7.890673016181051,Alert
2442,81.4,0.212435148257432,0.7649326791978809,0.5930771133755732,31.104611949496988,0.6178236647005036,0.6581655181769681,19.623408643138777,15.080231151648144,6.581024454453699,10.693685628367652,0.3800466737610699,79.83305846136825,Drowsy
2916,97.2,0.2044562470649936,0.4601385989856394,0.4377522672662336,24.947352040635764,0.4899576528610349,0.4242296334140759,22.27324560450848,13.149897120998403,15.367513196012052,9.32830175521299,0.4047890863227944,67.0817005424941,Drowsy
1085,36.16666666666666,0.3075780968164618,0.2825860427643594,0.253196234009565,14.753106200228476,0.0255524599099885,0.0633522111006111,6.625472297859065,0.770583468359493,6.531880342647197,-0.7985132918919241,0.0581374106922056,10.357024911162684,Alert
2742,91.4,0.2052173576877831,0.3927587164414924,0.5424578025115405,28.901125419250757,0.686659148772556,0.6720858320647745,26.41103927256821,24.674372113606356,6.110315344886783,7.168151968427182,0.3971808547689339,81.27697571894414,Drowsy
3971,132.36666666666667,0.1547334326078653,0.380300002311258,1.0385070244777357,6.640509293232965,0.1361450872199088,1.7416942819238337,42.93391162399346,38.59271898572554,13.36838785579864,13.236654213306153,0.7910355414462769,100.0,Sleep
3854,128.46666666666667,0.1183338234450051,0.200158806915738,1.0350299997270458,7.879961989907116,0.2233349277861427,2.4598999283986007,46.28014416007479,39.79569885221895,11.662233332690644,20.5462018396268,0.8421887749373255,100.0,Sleep
2516,83.86666666666666,0.2275417003461167,0.4281122985890223,0.2854143241056176,22.15675067296005,0.1565871280820747,0.5382075620451136,25.93365557631456,21.760664539910582,13.0104677002658,3.289651897105,0.4057641554343117,72.10663446893777,Drowsy
1004,33.46666666666667,0.3447641706860697,0.2492657403738092,0.150451616246489,13.715438069231308,0.0673189171217454,0.0832784812718686,2.7314514456917385,0.1433520855690544,-1.5182678735756654,-2.266084694754924,0.0355064019674025,15.40769942265506,Alert
1961,65.36666666666666,0.269334099627932,0.4353147957443578,0.2180764644123003,20.769807273435905,0.282738133920381,0.1923088674875422,4.447218448831312,3.813538140405967,-2.19999671398403,0.6282461633420828,0.1124439332574508,40.12845706931759,Slightly Drowsy
1488,49.6,0.2361687719461245,0.3735791100076796,0.3203717982311924,18.64542716560817,0.1539953443050103,0.1707495610669182,7.177227044719174,-1.4748291315704751,4.566847161270035,5.33679436457123,0.2206657282926352,35.063121485594266,Slightly Drowsy
3126,104.2,0.1857884121081361,0.6223894353700767,0.3972047430620418,29.09971065188416,0.5893685877580878,0.5017905322102524,19.497686806437187,16.801766851727034,5.91993111976027,7.925581177391054,0.3726818931938451,73.71808123661702,Drowsy
734,24.466666666666665,0.344892343859259,0.2491498203170551,0.182709293976193,16.911029351338176,0.0870270703085547,0.0806866677713767,3.3312395770716074,1.0937524927948288,2.8425357257267017,1.3493899556172395,0.0276326995991174,7.942738007975098,Alert
2375,79.16666666666667,0.2408683989102283,0.3414370210802991,0.2736181888046158,15.261968655808053,0.0108217461523885,0.2520650255252156,13.735849826648142,4.115763164062981,11.421056438305456,6.426004502847285,0.2426878125707895,36.96689864143093,Slightly Drowsy
71,2.3666666666666667,0.3376937983863869,0.2603136628437006,0.1989722321716656,16.431386124066826,0.0748723984886878,0.0485955056021908,0.7789299138210221,0.1821570604378286,-0.7425559066545142,-0.1488668582000925,0.0524134419510135,12.10317205641434,Alert
1462,48.73333333333333,0.2222341513703029,0.2940799308763266,0.3040365512966134,22.48808363110219,0.2625972817499739,0.2267630101798546,6.879848955531752,5.526732523956819,3.718105704490177,1.7214061780436511,0.1715868890853803,34.4075401587823,Slightly Drowsy
2471,82.36666666666666,0.2135786370667798,0.4969490710407642,0.5022719569967613,29.687248038518625,0.5371776867900462,0.4548701203503481,23.599480862008143,21.7843763273166,4.441975196118096,7.914878479370885,0.4362241689944744,74.117129583025,Drowsy
326,10.866666666666667,0.3271738963575427,0.2508815778876942,0.1608515182041451,11.961560929209696,0.007350602724031,0.1224954280603392,8.219700708497625,5.328347654971008,5.761102506432784,-2.445790039111128,0.0414250749982178,6.6600717332410255,Alert
2494,83.13333333333334,0.2157746814170124,0.5019148228723548,0.5244858290907876,36.5765704953825,0.1565871280820747,0.6191514706432169,10.985195123034089,6.685950186546039,2.451119630908053,8.36448411733408,0.3695286856237128,87.67167285097453,Drowsy
206,6.866666666666666,0.2446494854373704,0.3110410586534055,0.1673771461895684,7.489465358432165,0.0579579258718597,0.0887347710346701,5.234269688749192,3.010736887404244,3.7073465754664623,-2.1421073592980977,0.0536043221090089,16.77962587648445,Alert
15,0.5,0.327326811832467,0.2549977003690771,0.2359732353343427,15.18458230227947,0.002347860111894,0.0931310721726765,3.3370053881851183,-0.4367041755683036,2.361253811227356,2.317191158014808,0.0235863536329657,14.952071642935763,Alert
1974,65.8,0.2848833627229459,0.4507462955043256,0.2561093850690598,25.703369662986127,0.2283872124456238,0.1434927173197235,14.631094378165558,4.56320066869737,13.344584398398496,3.894636002761638,0.2199911831807008,39.608630600212855,Slightly Drowsy
2006,66.86666666666666,0.2147494577730997,0.3349892068203121,0.2290802667107491,20.68825652486563,0.2377449391604916,0.1758167964938342,11.312593805970996,10.023447327735736,4.120935210869343,5.213091534124946,0.2323902866349614,47.61435478158586,Slightly Drowsy
306,10.2,0.3158592147420592,0.2827501960401702,0.1161379771675556,15.145420286971747,0.0108111510113277,0.0569333519358851,6.421256054668508,-2.2183608677767754,-5.381677493603671,-2.7108950062245785,0.0258195808473901,18.986273534066875,Alert
3246,108.2,0.2104231402877339,0.4842567061424854,0.461896187920859,17.429845700042602,0.5539099684599503,0.6523132423113052,23.049657757013552,16.98544678914488,15.464010238359435,-1.909373571750009,0.5177998169790833,66.83389461234744,Drowsy
2528,84.26666666666667,0.2063787760486787,0.5081980093994385,0.3435512528836004,31.29586096426413,0.5755429978271325,0.4762232269345899,18.713584686265044,12.350398675026865,13.96859709629951,1.5950547135321402,0.4609748831210664,80.88960140150338,Drowsy
9,0.3,0.306755994905824,0.2979643601589675,0.1829123264804412,16.42161247633222,0.0219178762449059,0.0734467570680446,4.5461501731402905,1.019729617169606,-4.390544844396356,0.5922405541291521,0.0452211054435977,11.860411684271028,Alert
3127,104.23333333333332,0.2134728381403139,0.4263248920939329,0.4159051411615474,30.33218084493227,0.3006826261983206,0.20907870799801132,23.24278629319297,23.22628957015467,0.7699865185760792,-0.416783199727007,0.4420732311133843,67.57549365218166,Drowsy
1771,59.03333333333333,0.2294537315389805,0.3530513634222446,0.2139578641975234,23.452753783946797,0.1864629073467562,0.1983791046589227,11.665633843021224,11.21400395529978,2.172023845774163,2.3696921030698093,0.1808789318385286,30.06986318223285,Slightly Drowsy
840,28.0,0.3204886461199545,0.2781535712199732,0.1996043694585522,14.17226533280243,0.0446958368703801,0.1035400127358067,3.9245055789712255,-1.2811682586213746,1.6091676565427284,-3.3422943295906977,0.0232327623999838,6.330440954784676,Alert
1673,55.766666666666666,0.2178873319387442,0.3561975546151478,0.2495895040118608,25.04416720361702,0.2603129652153706,0.2203151938027448,8.839781955720902,4.536583596756879,7.541882331760382,-0.8253273218583295,0.1105875718562891,32.192197196392826,Slightly Drowsy
2583,86.1,0.1818556028899998,0.5041450500361588,0.4221770902196695,23.475715912880315,0.6609057631497598,0.5165526581568396,23.534596388021875,16.866688985019444,2.034830044182721,16.286543418448478,0.609894717688844,71.63870645362074,Drowsy
756,25.2,0.339952276216539,0.230154133993434,0.2373481820118996,12.397087676507876,0.0393974001244568,0.0619469128002436,8.93943075725003,8.745822089842719,0.7262120108639021,-1.7019501613631298,0.0572784709992489,15.205062496451752,Alert
858,28.6,0.3046894277274783,0.2107343457278601,0.2408045134812717,16.156886479881717,0.0167971801948305,0.074363103012058,5.444775456298045,0.4078088144839167,4.627641634122351,-2.839754328541858,0.0422895211763755,10.895721029772233,Alert
889,29.633333333333333,0.3375813457023986,0.2179178703729118,0.0623279924514497,14.7094700695952,0.0,0.0757509659457388,4.986780123575511,1.2447573974384858,4.762201807246611,0.7999931058872128,0.0433171805359734,14.544550749883648,Alert
3867,128.9,0.116309154213251,0.4217511295731945,1.0893096030270613,4.780583148826377,0.2016954368601774,1.9970261772276845,40.68935897124948,27.980792748603005,15.07695602283288,25.40442024011746,0.8274745577558219,100.0,Sleep
1058,35.266666666666666,0.3043243037042401,0.3677907195569797,0.2342057665243953,17.734820359105495,0.0367736535049467,0.1285235600768355,4.154045619018243,2.920880009602428,2.931790110909367,0.3593907622124139,0.0390106685735349,11.329439159141051,Alert
2092,69.73333333333333,0.2568671069677261,0.3483205133861,0.3190793123064783,24.947241011322653,0.0,0.1998905777563554,8.313493228410747,5.618901866413101,5.586822766055667,2.5158542992655244,0.1765929563091599,35.08520890415511,Slightly Drowsy
433,14.433333333333334,0.3141020867671969,0.2657590164423469,0.1639572998746703,14.737428639272052,0.0,0.1056187915333345,3.35485950028075,0.3364442546763486,2.1657104563144243,-2.539997194787752,0.0533768026109243,14.321169270909026,Alert
367,12.233333333333333,0.3004710905467221,0.2709069950731371,0.2279561433628902,16.0053211465453,0.084488940475479,0.051675458884147,8.714033445179133,-0.8778843413821731,-8.51723597845628,-1.618761642165508,0.0591340637277131,13.772104517124308,Alert
2016,67.2,0.2697784583428415,0.2917472778464791,0.3578902695465713,22.09799840818097,0.1151292595440332,0.1507252578337355,10.659546637155405,2.5283831158037917,4.561451626883373,2.984019199850532,0.1305631130596322,36.97024344533096,Slightly Drowsy
2877,95.9,0.2090503855425999,0.4812939081595762,0.425705516276914,28.901870485452356,0.75174977668738,0.4787652947745873,18.663968631129027,17.599533032532822,3.530648646417667,5.1122091346211125,0.3638860995552868,76.09637637102924,Drowsy
2246,74.86666666666666,0.2523684909198279,0.405232874095492,0.2612268727472979,26.25618103829954,0.1402407697434256,0.22401732306924,9.943058324319702,2.433249869895154,8.124521738722095,5.189975956448224,0.1987343169185491,38.128179779610974,Slightly Drowsy
1922,64.06666666666666,0.2479592359836307,0.3887413242230931,0.2996102977771408,21.971186724006717,0.2045643069460291,0.1967379681964088,5.473528011133712,2.4597596129180435,4.640539587931491,1.5409360363633755,0.1261062712336225,41.94130480956795,Slightly Drowsy
528,17.6,0.3135456215492141,0.2978543526437526,0.1605190554115835,14.738081437601508,0.0404706529977753,0.0717896303454054,7.443998457313239,6.547246330500812,3.531554889553017,0.2734932947984613,0.0,10.441594530864853,Alert
3181,106.03333333333332,0.2298531605015482,0.6893339418956341,0.4935501512957431,27.863973282433616,0.5241349214897305,0.4595496413556773,27.383700540167343,16.65133408146662,15.451143757528866,15.292556528099748,0.3828463085125173,61.38634652603572,Drowsy
788,26.266666666666666,0.3611969401445918,0.2823912745478936,0.1837893754376099,19.76486646491935,0.0,0.0959286073328422,6.46922188750557,6.1599656995202485,-0.9745737794956384,1.719261573709692,0.0203596100557819,8.84504393982317,Alert
2943,98.1,0.1578308332428188,0.3958502529496298,0.5668994467268613,29.47519424944109,0.4870109215911065,0.3803917168463165,10.659546637155405,17.718419175267613,15.911152550686634,18.556824418599764,0.5724439497496988,70.25431987292959,Drowsy
97,3.2333333333333334,0.3193611482252139,0.3210455156740778,0.1963080046378329,13.073464169784735,0.0808679484259338,0.0230291475873984,7.176380598955957,4.871914250930258,-5.219141336334299,-0.7248818828062643,0.0176066021074771,6.784869935852852,Alert
185,6.166666666666667,0.2445121961044793,0.2864347340663793,0.2877752059173907,17.097365882348594,0.058386376610985,0.070167276287359,5.057723374031474,4.017806491593276,-2.920638599113406,0.9527155387124384,0.0501094031833325,16.86979041248423,Alert
1043,34.766666666666666,0.3055664496072917,0.2271502390297277,0.2786328356216622,13.647125819142984,0.0369704442726952,0.082266689278106,2.9498205266370654,1.3931785267224286,0.368186723116451,2.5738945722328386,0.0375090304062715,6.804785997714219,Alert
3204,106.8,0.1972379260560595,0.5850077173167391,0.2343200023356388,25.21130150964377,0.569798456772902,0.5422483934058626,21.391567781001424,15.738018371272348,13.534911632844867,5.169150507167783,0.3544664778009424,83.00196453729876,Drowsy
1222,40.73333333333333,0.3460160610699917,0.2921586444597994,0.1921825532962328,10.833652927637573,0.0966916286953512,0.0235966235551861,5.029183490252019,4.0851386296234224,2.8029352130123133,-0.8648023745559231,0.0654582043449484,11.753370428333508,Alert
1790,59.66666666666666,0.2923474563284068,0.409847874076131,0.259815816180601,19.542777531756407,0.3202182144639428,0.1409651561159435,8.687149051633249,7.843510981818261,3.475518147001312,2.1419348282383104,0.194140559377937,41.80603245415637,Slightly Drowsy
150,5.0,0.2933116771436432,0.2808476809835465,0.2223666166624628,13.800896521885711,0.0680948718499893,0.0587521294370624,3.6920828555729455,3.0707677430191214,-0.5614327950136464,3.289651897105,0.063747721031295,22.61055354045791,Alert
3480,116.0,0.1231750898988261,0.3905384761737691,0.9445685296886622,7.308436612057545,0.2116559721473287,2.095971843748918,40.075391348679865,21.26269386958895,30.538607834258144,14.87710565612064,0.9470346682933768,94.7566563404405,Sleep
1941,64.7,0.2449112654462867,0.3507643175493727,0.3629302682673156,21.617208267563395,0.1568588231018108,0.1472875625203939,10.659546637155405,5.918289094980606,4.327586700803165,8.077384043372872,0.1282010410361565,40.66373790193497,Slightly Drowsy
2743,91.43333333333334,0.2059920061285473,0.3507643175493727,0.5278917162140063,20.227332290774918,0.7120924156664648,0.6450860957765718,21.532706788918013,16.153875584072512,12.098756599177772,7.505321713669184,0.4831238975041823,73.68348825149319,Drowsy
2178,72.6,0.2477706783444117,0.3992523511456405,0.2843581486908323,15.447142282141598,0.2076368374047063,0.2134222341855839,12.38562344014206,-0.6719485448354483,11.776193175207592,3.77801898543193,0.2068795096054598,33.2725202330861,Slightly Drowsy
1339,44.63333333333333,0.3137556846989904,0.2984988720640991,0.2062863773796499,16.47574886774881,0.0678283656054146,0.0439845859615472,7.046646774695826,1.1470006682667608,6.91226935064757,0.7484334696049567,0.0473563913688773,13.258656622339457,Alert
1069,35.63333333333333,0.3274948718540791,0.2220526223940471,0.1993896048940747,17.68624341892629,0.0129504354964579,0.0747643855531458,3.7449111579189593,0.5016107373675076,3.706295327270402,0.1900557705441461,0.0745665876113266,13.19114789877717,Alert
3650,121.66666666666669,0.1443587306834181,0.3957546715938465,0.9494944126159484,8.312286252423252,0.1911934295960338,1.3789841498675186,40.82972610827504,34.10418230288297,20.646911283475863,8.81341806456256,0.6685008403306703,99.00159947098348,Sleep
1408,46.93333333333333,0.2676796632093933,0.4404671687804938,0.2125803042852569,20.88636748865661,0.1787186643551722,0.1439732058045381,8.126131479212432,5.302114932435784,5.711075777402445,2.3033027429011077,0.1182151532557034,57.26775775208741,Slightly Drowsy
2368,78.93333333333334,0.2339253475415343,0.4942652654417942,0.297067793692175,22.668043875210486,0.1907691406670268,0.2483374400388576,16.427970256024555,16.139365580836007,1.3392458370666178,2.7578081820266656,0.1659709148572853,46.520759114448815,Slightly Drowsy
3581,119.36666666666666,0.1346433922713799,0.2619616206486443,0.9790612851002158,6.171816036833261,0.0,1.901811129689776,29.151108590895323,19.268626381740987,8.922555845615467,19.97236006637472,0.8625961221470185,100.0,Sleep
1189,39.63333333333333,0.2951835246137104,0.2607918242027991,0.1884580290961548,15.141245088126617,0.0779370053753748,0.0892039536246008,2.890767687318768,2.0174622906398465,-1.908595323606386,0.8022765225284589,0.0770997471496131,16.244949046375446,Alert
1658,55.266666666666666,0.2679092044734966,0.401860474336434,0.3089519766577768,20.199541334202152,0.2728393705554957,0.1535502219007856,10.659546637155405,7.843510981818261,2.956516795016439,7.210426015851581,0.1191423163173805,50.964952108030936,Slightly Drowsy
683,22.766666666666666,0.3388354368355273,0.2834939210284919,0.1599799985635056,8.395210163727718,0.0582182274814521,0.0644878679079521,3.7972438098008183,-0.0008385154132595,-1.4969617679373357,3.489722813246987,0.0880967508450794,12.706501517481312,Alert
33,1.1,0.3414414905800504,0.27440215145128,0.1794295137629193,11.493676588405478,0.0492594745603044,0.0742268272215972,3.887902847159343,2.806796400845224,-2.4816928306569688,1.0386930284823446,0.0706547782600515,11.442665661473605,Alert
3752,125.06666666666666,0.1388878971838436,0.2612608866153068,0.8943363914441345,6.873211982528035,0.1528457462540649,1.8133910223215468,30.67696521273161,26.053429176310928,9.009892547181565,13.457966380784942,1.0,100.0,Sleep
2793,93.1,0.1576162768233104,0.5194154963621278,0.379071498398611,25.777288128297457,0.4234709142704899,0.3890461923020977,31.18918680226034,27.416021841654505,5.8979907763394905,13.650671213036668,0.42450403631072,68.6571603826297,Drowsy
1264,42.13333333333333,0.3179732314747994,0.2962492310132528,0.1970398361857272,16.940564266896324,0.0,0.0804005467960806,0.8227750288776134,-0.6700609397279438,-0.1528268371902091,-0.4523505753615218,0.0390650109219459,8.312132766072406,Alert
2914,97.13333333333334,0.211091115770664,0.43666997581782,0.4514239898267404,32.73336564490241,0.5107059990491818,0.4648247495427375,28.5128602569722,27.01479727736259,2.969528190122208,8.62356251352635,0.3904206563164235,68.79246757182142,Drowsy
197,6.566666666666666,0.3106200904919016,0.2688799716135318,0.218449313850113,15.39422765181281,0.0055416817225187,0.0849300955686401,5.676752336913125,3.2455543712419628,3.4204471155638,3.161081373136747,0.0196981161634426,8.387545688049714,Alert
1238,41.266666666666666,0.3489688708627467,0.2640179924997333,0.1393474180267498,14.172508751842653,0.0172967365288923,0.20907870799801132,7.463572154389693,0.1993035585301705,7.455941773601058,0.2722492681516884,0.0472381567272197,6.381199690704891,Alert
977,32.56666666666667,0.3577077687186887,0.2449905317028124,0.1676273979045028,10.362769586776723,0.0888772137376253,0.0828685787407464,3.5572591370179354,-0.0659132131646713,-1.1766888340320716,3.35635984424974,0.0385406113623744,10.265171150608207,Alert
1579,52.63333333333333,0.264208490681829,0.3072077681283079,0.240761163258957,25.328574676623543,0.2370038338238199,0.215082436385136,10.211249613246036,9.735001218129348,2.2992281869084628,2.052539814854522,0.212391170902457,32.70046206133721,Slightly Drowsy
2857,95.23333333333332,0.1693670299527318,0.5420191238232331,0.4881162915102641,26.595493640787733,0.8466965848544021,0.5006809562911398,19.470365634653984,15.10791881160899,11.226952251130026,4.980107456651165,0.3391063684329282,66.82332652052897,Drowsy
3527,117.56666666666666,0.1333928448991844,0.3292273508927418,1.0776030987034484,1.185942808435987,0.1298377454265773,1.7626743937758154,27.61386968612705,16.859583727521233,16.688898788572555,14.133679379478265,0.8948893516649594,100.0,Sleep
2642,88.06666666666666,0.1907880646070677,0.4006240464083136,0.4456122359936102,32.91316090144505,0.1565871280820747,0.574215240732251,19.452115929624085,14.454267050192389,5.382984660889199,11.852529448260796,0.3702188116592975,78.23142219349158,Drowsy
1075,35.833333333333336,0.3361399519739886,0.3046387636877982,0.2066957085535648,15.051916406296463,0.0548243419045431,0.0932461379329593,4.527686667180615,0.6345847394549509,-4.243389034098962,1.4459938692486465,0.0647547621149845,7.322152540318297,Alert
3532,117.73333333333332,0.131409896599193,0.2997240668555255,1.124567857361279,8.192827427326401,0.1789510517946235,1.8419776357625488,31.677321660705243,26.690538425339295,4.231155637098999,16.527709706305874,0.9104960648528868,100.0,Sleep
706,23.53333333333333,0.3231387146662787,0.2465379506910812,0.2495291036602163,10.481766391268994,0.0,0.1062845315140715,5.026029865915734,3.783165626991356,-3.077894452442333,1.2145780302033855,0.0693570088999462,11.848414457435831,Alert
866,28.866666666666667,0.2863303584471141,0.3446753448495736,0.2157158893115303,13.498286954061676,0.0338121657254669,0.1005920872283938,8.685748167108432,6.956176125422319,2.861280767434061,4.343605334793204,0.0215529734187616,9.31633388140564,Alert
2064,68.8,0.2591328305461589,0.3614364346235652,0.3756581065140837,17.50260938794316,0.1530866177209153,0.2386933745871267,10.835447833680236,7.49905202233451,7.0316921360449545,3.424391073842178,0.2349622620463992,35.038582217646514,Slightly Drowsy
3212,107.06666666666666,0.2082652499869865,0.5799359312896656,0.3293213979339119,17.429845700042602,0.7592603081549103,0.5437519668997525,26.80193888727504,18.704999374884817,18.874697217921437,3.49467186364808,0.3629245779663975,69.10761884627047,Drowsy
908,30.266666666666666,0.2974769720361462,0.2445560052821027,0.1272012335355224,12.885511715432958,0.0298511065268218,0.090518745605093,4.498475478595158,2.6097273540511274,-3.57892011305741,-0.7854524768516351,0.0325707595782462,4.575715593461349,Alert
2788,92.93333333333334,0.1965824535410573,0.73676556223485,0.4412033694414979,23.507330753629034,0.3357397276833712,0.3744353387556112,22.9302243449004,20.67789983928001,7.396764266051532,6.596023433602245,0.191037117183726,75.5464558561098,Drowsy
3296,109.86666666666666,0.2213600523832891,0.5219231900122039,0.3960960588457035,33.39936489787713,0.4453731802349976,0.639469506134764,21.946074830867044,20.337643370090664,7.807410264402373,3.289651897105,0.526916377927214,79.89491204879141,Drowsy
472,15.733333333333333,0.3088419871191414,0.2729776245411099,0.191025312316218,16.6010772316121,0.0,0.0726212112193707,5.098599418001132,2.5345219848526583,-2.753928313832208,3.462339263534599,0.0272918023954252,11.505351700162803,Alert
1911,63.7,0.2544918126649998,0.3513737813336626,0.2423352893766519,23.77077007037263,0.2824814573633955,0.2349835058323923,10.877846099433071,6.094196977368791,5.445009133454144,7.179148591621528,0.2228352916868587,36.10373056679387,Slightly Drowsy
3982,132.73333333333332,0.1275506262787626,0.3755639289918763,0.8933296001250084,8.566354451556887,0.07471503867856,1.546952895161159,31.24247197069481,28.20441377136329,5.962933688940533,12.043526081454807,0.9408852953797884,100.0,Sleep
230,7.666666666666667,0.2987148391434922,0.2861323996617979,0.2695577700781023,14.91870416368576,0.037458812553104,0.098436030039545,3.653003743233025,3.206719718023032,1.2602834713555238,1.213701186431342,0.0811308712965908,7.899370228625601,Alert
2319,77.3,0.2540167967736221,0.35937843239091,0.2853261811268646,28.07713333097461,0.2496041494111267,0.2369003518641928,8.19836147501567,7.667764778403757,-2.4623547938723096,-1.5347061761737777,0.2633123996083406,38.22372461030203,Slightly Drowsy
2866,95.53333333333332,0.1965860925477645,0.5427342994270894,0.3887480804881802,28.56977250460842,0.4119815224838945,0.4749715046781347,25.826195236249696,21.819452770692404,7.398539098828445,11.66899568821228,0.4292545011345622,66.2835923950725,Drowsy
3492,116.4,0.1275535924214222,0.4379923885541907,1.1852239097204849,8.222710626059662,0.1904589873516773,2.1437616604934866,29.82728069672603,22.317416845732907,9.003608077899674,17.621992528504325,0.8405471306361254,100.0,Sleep
299,9.966666666666669,0.3219899465594009,0.2993920219890568,0.1541489078923122,14.075078697910206,0.0,0.0975291129100587,4.939894460339061,7.843510981818261,4.510259485286997,-0.6602401879329006,0.0357666603613764,8.827398211135355,Alert
439,14.633333333333333,0.3356901574390458,0.2702172387846213,0.17525083565971,13.540365267101976,0.0161730758202354,0.0797180206818665,1.987557287924563,1.8433794446954463,0.7237207452201879,0.1690102913857251,0.0559598909922447,15.353536252992209,Alert
2019,67.3,0.230640743210764,0.3121108321548516,0.2699646328167052,22.832502769098024,0.2387184129572952,0.2049663441538886,6.716762499624497,4.053443271790189,2.304234801756869,4.834769704661561,0.1341563215818761,36.91781539962115,Slightly Drowsy
44,1.4666666666666666,0.3541718566861131,0.3375738699725449,0.1725289188133086,15.441392407639416,0.0624500061817414,0.1415776161691047,5.179700312777779,4.7989372785864415,-0.3837527744422996,-1.9110808812008515,0.0078710735948485,12.476953503649842,Alert
3076,102.53333333333332,0.1592046816819079,0.4290130992647136,0.326175229214617,25.65416172221052,0.5225961288830043,0.5969454239837562,22.546236946923194,16.50700234840039,12.819622482472925,8.45629666837577,0.3676673755974872,62.64488609279707,Drowsy
3424,114.13333333333334,0.1141049716381325,0.3945388554470829,0.9474592125641677,5.608138666267973,0.1958158913677511,1.409574724417222,29.529951441189883,24.929240919404183,13.02525843187128,8.994088174145428,0.9484737441866432,100.0,Sleep
409,13.633333333333333,0.3420286680203342,0.2800463991057043,0.1918626295616411,11.60607761246197,0.0264267107429055,0.0708272272779783,6.71339673166525,4.141756200606389,5.032131263416468,-1.6103435034857525,0.0615369628931536,3.2648382294552145,Alert
316,10.533333333333331,0.2865818640281017,0.265586182086272,0.1839578390031587,12.86363070314139,0.0412538689025985,0.0781720088498177,2.7849971846714143,1.7978037553363468,0.1567754714924496,-2.121210132793202,0.0256596770174412,6.583316081114717,Alert
3345,111.5,0.1944704497218834,0.6521790490719369,0.5458246809664102,22.44085022686013,0.5247483272901775,0.5066794829703434,20.01891791144929,19.57454321001336,-3.5976661338569684,2.1566480598288784,0.4317753546873116,81.73314594559629,Drowsy
3663,122.1,0.1253748395098869,0.3884581569199679,0.9348535842622722,5.436708770965066,0.1040293574395608,1.920351890649293,31.257710357579786,21.134703440571347,19.61443897932042,12.06824555616798,1.0,100.0,Sleep
1002,33.4,0.3167675635741123,0.275323029459563,0.1566991784108356,16.354047533878727,0.0530607224897484,0.0765111213142943,4.777686379408661,0.1314268668769882,-3.995739331173258,2.6159283850986874,0.0510927741626361,5.120873696739109,Alert
315,10.5,0.2467637827499433,0.3518540208575582,0.2126630896265001,13.05924818768751,0.0507527619896239,0.0565669130536487,8.451301999537723,6.239307194527163,5.691866084319335,0.3133874564930492,0.0604706128837068,13.964943806313723,Alert
1996,66.53333333333333,0.2142602198037841,0.3989466090260255,0.2789706482064301,22.16652796003476,0.1210581105461178,0.1925798588385524,11.955472112419251,10.838078262137431,4.00328534711784,3.072959395138532,0.1883011311145369,34.07917765362023,Slightly Drowsy
309,10.3,0.3415409031124486,0.2848671139528696,0.13269010553427,11.992938890122891,0.0470410854562248,0.0784866879134834,8.145847615632714,6.93135544197452,-4.157963827196994,1.0111784836717492,0.0697822621665658,21.418765492419052,Alert
3230,107.66666666666669,0.2252347085558491,0.399132307561569,0.4069459634157799,31.194837694030195,0.7053197503846471,0.6108967902273613,22.181194672618044,14.96652542391347,13.219211807958356,9.657171066946322,0.4645575236916044,73.90649590993206,Drowsy
180,6.0,0.3483442524216766,0.3007744852798302,0.0917883409600715,15.639751941324402,0.0577894477887509,0.079625824871082,4.002764282012332,1.0287038672777853,3.3723381599580406,1.895052924245716,0.0245424466435278,12.943622408686934,Alert
415,13.833333333333334,0.3180152893898574,0.2694836917947754,0.149831958729316,14.900410459864418,0.0284941696888073,0.0931080765970047,5.50143857104227,-0.6754789072358292,5.157121838525463,-1.7926653171841236,0.0443860467440087,14.597045962123792,Alert
3058,101.93333333333334,0.1851324254460531,0.3363589048302211,0.4824415538090475,28.220279153173657,0.5990712809077816,0.5671917909265978,27.475046769717267,22.77117640992583,9.54710588103338,12.050082539241238,0.385701234632914,69.55417245253243,Drowsy
1414,47.13333333333333,0.2342448348475912,0.3208079130457658,0.2658127856027697,21.53213429870816,0.1992733764723451,0.1646404040431199,7.890060180357282,6.229266646280729,-3.0296934816110204,3.7775976634201953,0.0657489834663536,37.523556903138,Slightly Drowsy
3768,125.6,0.1096646871748239,0.4839647615038854,1.014867764726909,8.097487726981525,0.0866504134694803,2.321170643434739,35.23201059327796,28.2578943322314,11.815755542135244,17.411889596531314,0.8186379898477747,98.72185067507895,Sleep
2351,78.36666666666666,0.2198602563074779,0.3000919524626556,0.2595912733436655,24.252738976365897,0.0895654334205483,0.1929861434022323,10.682501149070674,6.381866714429322,7.170958757310311,4.686678839019156,0.1395909628379146,48.705791028599336,Slightly Drowsy
18,0.6,0.3181792771835782,0.2503622198676059,0.134554583259424,12.883712619832448,0.0842559517729389,0.084281874882604,1.4510588368464876,-1.1143469467799705,0.5195427775535459,0.7706347594576736,0.0223228512759773,11.683071123733292,Alert
1652,55.06666666666667,0.2386187721830685,0.2641083669100988,0.1927159482319615,17.865831707914992,0.2653299794609783,0.1746078926613045,13.649077602449182,8.613355246500557,10.58513353433591,0.2497575935554845,0.1991399892718356,43.7481055103887,Slightly Drowsy
606,20.2,0.3654188907393776,0.2355748113164913,0.2260847031856483,13.721702878005498,0.0619634293608442,0.0966631553325887,6.018770471273836,0.4243767624889094,2.5927451540959097,-5.4150877107623545,0.0256002093355612,7.106711470907678,Alert
2910,97.0,0.2119775366053355,0.613201427224019,0.3371904064363742,24.956443033866204,0.3858342448938743,0.5689301060847598,13.521866282824208,11.383278339378869,-1.8862830624393272,7.050090653825702,0.2853644663258787,75.42332670352079,Drowsy
1755,58.5,0.2349135072290718,0.2937607044800387,0.2985255391990016,20.752945387937785,0.2459754394966079,0.1731634248926091,14.866394878859548,11.95568724172437,8.004259370283053,3.7420677713647006,0.1714684634645621,45.864202090174864,Slightly Drowsy
694,23.133333333333333,0.3017035672896028,0.3752669251767273,0.2053336761621499,16.754344654465523,0.0696797394734598,0.0478748642319608,4.7115064163267215,2.987394925808268,3.21878884352204,-1.7067989480782229,0.191037117183726,15.42185575299618,Alert
2913,97.1,0.2140835006895581,0.4262205668731529,0.4317307465928394,24.61185158903949,0.6459942915659369,0.50287969602201,33.63222401187891,29.00461908785684,11.307384339382317,12.727985816892888,0.3689772421237643,75.3407242024737,Drowsy
730,24.33333333333333,0.2446494854373704,0.1965210205457437,0.1630422378236878,9.470026656094864,0.0119723722633897,0.0172297066753192,3.807627509336064,1.657526055765144,-3.425825457483935,0.1198105135928767,0.0074975748223495,11.049411356286022,Alert
970,32.333333333333336,0.2905356803807457,0.3291510698698233,0.1873570754368271,16.374103746541333,0.0,0.0935527420384977,3.715320721068572,1.9808148407887411,2.555787212372528,1.8297355961956996,0.0413156937894949,9.779389771893316,Alert
3027,100.9,0.2225258760727182,0.7431951024621086,0.3968003830235652,32.95753605347483,0.3862565220356762,0.3907867665862018,25.22997198289783,16.01521933762953,19.07425082497423,4.029539836184352,0.438823170722373,84.49742222215669,Drowsy
3434,114.46666666666668,0.1262584259035785,0.5215838245860124,1.1842351377598537,8.47983879570381,0.2060526523674106,1.9604896138446,33.96256614417982,32.506244234721976,1.3647961014627317,9.74357821602646,0.8322290570601121,100.0,Sleep
1007,33.56666666666667,0.3125512658796694,0.2958627665799014,0.2242344602213476,15.021526868909794,0.0220983223009954,0.0476235485602711,1.5449012753801117,-0.7878156566587191,0.2196583509373951,-1.3106550464015887,0.0438993541198151,9.377419616449494,Alert
2172,72.4,0.2882087126426683,0.3105497780856993,0.2396692896853462,19.542228298735477,0.1041455397630981,0.2006122629938204,10.931467317353295,10.811186794328336,1.558030694911866,-0.4333106994020532,0.1916744525205861,40.16029636784697,Slightly Drowsy
2023,67.43333333333334,0.2179200477049008,0.3188796311363931,0.3027585753934534,17.053877553469697,0.3422293712223046,0.2481763182452258,6.385330364853675,5.269155204417023,0.8511612488597464,3.504849758338705,0.1221015097189136,27.836112042679,Slightly Drowsy
2160,72.0,0.2718781390326493,0.403215352942577,0.2316350811441544,23.25892236510966,0.2678928761737778,0.1617399884130392,7.046222107488735,4.970840431465921,0.787230819491775,4.931557464920083,0.1772287551868347,38.435347881456046,Slightly Drowsy
3009,100.3,0.1842275778352059,0.4955566111929578,0.5150181983607874,28.508020916535465,0.4550000433483564,0.5909149844915053,25.17539440548573,22.062973488742863,9.85741247258346,7.060956284537362,0.5111113156867554,75.31707621343091,Drowsy
2972,99.06666666666666,0.2004609107923039,0.647811013884211,0.5570366406561893,28.6888701485036,0.5187260013301322,0.4056306391299366,31.95202545341624,18.5403461728053,22.449535008941595,13.160770199749276,0.4522400807381233,78.38544786864516,Drowsy
1406,46.86666666666667,0.2827656236627284,0.3577686188466779,0.2733768410972962,19.495594530845157,0.2429969669380161,0.1380695332707666,12.43630158678572,9.716305805018976,6.351340487463158,4.46267550614593,0.1855290094600736,49.80150826522071,Slightly Drowsy
3679,122.63333333333334,0.1350202666473862,0.4391163908615553,1.2698892670942918,4.403275389095536,0.225736524762031,2.039257608383626,50.20292818100621,42.86541612123428,18.937691990221225,18.007051973718703,0.9181162584823186,100.0,Sleep
818,27.266666666666666,0.3046464117188204,0.3333581013390566,0.1666516082731424,18.00268576541098,0.0856736231837925,0.0769070058687833,2.5420358614205174,-2.533233680042896,-0.057954912815507,0.2032601070668493,0.0633443546660874,18.213528096561756,Alert
1458,48.6,0.2402244591017318,0.4436871876991712,0.3386524721167144,24.21573291624029,0.1056803061634483,0.1731112450979038,12.907354885569838,11.394871340093854,1.747735200819592,5.80535433479881,0.1989841569213904,41.98627627778441,Slightly Drowsy
322,10.733333333333333,0.3664425585884433,0.27637990714984,0.1428284189242007,19.239608754522894,0.1137776956699678,0.0935789397552446,0.3542000463829934,-0.0310058723435502,-0.1470880225141102,-0.3207201620896615,0.0466170260923115,16.967434493255762,Alert
535,17.833333333333332,0.3517766331501758,0.2456978194355785,0.1314659815855398,14.951945178412627,0.0173036746234264,0.0864258294151477,5.944053481017403,-4.009171502751326,4.1773678244492025,1.3445868160808043,0.0099904690167399,4.44815507648361,Alert
2357,78.56666666666666,0.2501588104604648,0.3610748452844975,0.221494603850723,21.7511985352514,0.2257235711454399,0.2533426728879338,14.502061202630662,4.368372295338371,13.112434493542043,4.392170792072465,0.1192235249586477,34.61198753734574,Slightly Drowsy
3529,117.63333333333334,0.1126148395498525,0.3593700397014899,0.8085747499848566,4.296945907148478,0.1457748601746424,1.5875787113750004,55.033191955520174,47.09004831383467,19.85125905798245,20.423199563895864,0.191037117183726,100.0,Sleep
3970,132.33333333333334,0.1422305262168355,0.4463665825211459,0.8060575430011973,3.611254736529136,0.0863108614951814,1.817051306611759,42.653741988035016,32.311603063774385,19.519150035046493,19.857109430636964,0.8789958887070286,100.0,Sleep
1729,57.63333333333333,0.2659692267795576,0.3690635579757027,0.2197771463592127,21.08242627956201,0.1731969686385318,0.1546769930763137,7.308313313692981,1.798432038876844,5.9708773862681,3.811260805927033,0.1333041207972955,35.00517734888555,Slightly Drowsy
658,21.933333333333334,0.3187299802845116,0.2856227479123591,0.1998678894647886,11.402222079080651,0.1175019222094717,0.0849022856874523,4.973895495589458,3.816985116004509,-1.884448199266928,2.572764273991067,0.0348589518237387,12.968771981097667,Alert
3654,121.8,0.1233463313793934,0.3306897540223196,0.833166304203394,4.353781902332865,0.1554536284384349,1.9831114084930688,40.03721889330153,32.26411223278191,15.299677452914096,18.10872243912821,1.0,100.0,Sleep
3968,132.26666666666668,0.1076166740592808,0.3622732895168069,0.9238151318810984,8.391281327790198,0.0686615064099454,1.9692699777890037,32.61999379880458,30.563726340566387,0.7524658947674077,11.373496502405477,0.7887950481543887,100.0,Sleep
2637,87.9,0.1943965440648139,0.5229233730845634,0.5799155139473775,22.35616014556593,0.1565871280820747,0.6053489663557823,35.3817869920077,34.772866945831886,3.5372150786086847,5.496060825986254,0.4971145600082788,76.35602979315725,Drowsy
600,20.0,0.326729523006379,0.2724474505785123,0.1446671562602592,17.67446064696874,0.0251091910842401,0.0431946723040886,5.663343989562405,5.320415134893332,-1.5128940474378698,-1.2156477852312486,0.0046922482594005,18.54113101131283,Alert
2826,94.2,0.1828679812892462,0.6529082968286919,0.4117715419175435,29.554331447976143,0.5588364306420646,0.5445537817269681,28.630234174802773,24.37059046303787,14.629107645922234,3.428387211350495,0.4207100451485835,88.89983587183492,Drowsy
2911,97.03333333333332,0.1773626685792006,0.4559420251919772,0.290370881878961,35.425459962138454,0.3744502135626306,0.5135998765452106,18.21603764444788,9.04130703769377,4.985993149715366,15.00728712409684,0.4608233714685743,69.55775622160733,Drowsy
2155,71.83333333333333,0.2727837262670154,0.3376389435268075,0.2293965760760706,25.422877545499723,0.1931805656688432,0.2240712241319467,13.67669417221682,13.373103070457924,1.1109837104148128,2.6415512379000616,0.2427853801831085,45.5334794015065,Slightly Drowsy
462,15.4,0.2446494854373704,0.3013334115823011,0.1333387879847627,14.502112732789271,0.0540316429057922,0.0808257491117488,5.55338935669161,4.592897246645608,1.0033155445455644,2.956143796712888,0.0201282096881192,12.444871038800844,Alert
3759,125.3,0.1379547466738613,0.4545379483879959,0.7791221767332153,4.318097328672593,0.190422958376256,2.3640576538410203,33.83670371620373,31.85821880547145,6.23027497535649,9.547779147650369,0.8607876176307413,100.0,Sleep
3137,104.56666666666666,0.1800593574329076,0.5722857958351173,0.5305877711768535,23.541612360127097,0.3799856023461024,0.4233897666348876,21.451309950630524,19.974856807882,2.352377362049835,7.458559837471694,0.5359889977412254,76.66917290705236,Drowsy
2298,76.6,0.2401981107986742,0.3933926956643911,0.2554007298635747,21.239627350536654,0.2649947920659137,0.2701617220130746,10.11849826649686,8.882944953897063,4.533937981658046,1.709006288348074,0.1395759983739577,47.236902520067545,Slightly Drowsy
677,22.566666666666663,0.3006864472039441,0.2779712600116094,0.1345850849626544,15.57718900899039,0.1205965522220308,0.1358441773581992,4.820532358194796,2.227920366666098,2.36461242239156,-3.5612513458149784,0.0700546865261117,15.262617643250646,Alert
355,11.833333333333334,0.310173681073465,0.3150571138822996,0.2218036358257329,15.776372755744465,0.0671736329120693,0.0875927929677193,3.4157212061746773,0.6097031330980487,-0.3901808806608601,3.338139051652662,0.0211488398841624,18.07546999581461,Alert
94,3.1333333333333333,0.3735567589652966,0.3404640109535249,0.1930897100902209,14.0950086954205,0.0548012530687304,0.0922703594546083,3.470317518464131,-0.5569814129960138,-0.7721296122700353,-3.337168147755179,0.0479844624521055,13.97679622507767,Alert
1766,58.86666666666667,0.2555749150826013,0.3233945612655814,0.2577306195070092,23.41873959265197,0.1089135413012493,0.1494265079295057,9.422148160480075,7.868789275936196,3.892400590042462,3.42173186202348,0.191037117183726,40.88456143079117,Slightly Drowsy
1593,53.1,0.2717306111579764,0.3861580016701081,0.2389572766903537,21.37093620096458,0.2057331311800681,0.2278652600487098,10.862143386403716,9.230665644452674,4.678161640873145,3.300874788442928,0.2088182758030428,35.866677087782506,Slightly Drowsy
1316,43.86666666666667,0.2963299976454667,0.3421262957394613,0.1809535171461191,9.411073807822811,0.0428318938272343,0.0991899215319888,4.567861957635701,1.0873624179875732,-4.4243356237151845,-0.3290290635923399,0.0228565525221658,13.89455086890584,Alert
3572,119.06666666666666,0.1342543643297566,0.2977319953588262,1.2640686252935418,4.020262614169398,0.3483175634719531,1.9497842227278752,32.13156583454493,25.86963161712807,-2.569228788831431,18.88382234624183,0.7259751531504639,100.0,Sleep
2379,79.3,0.2529105175641394,0.3592900965117668,0.2366070171613799,18.789808940251078,0.2192324489532895,0.1621859970677105,8.80129728818464,7.557451902584527,3.01620086181758,3.354144757803205,0.1418679811826226,41.142406798137614,Slightly Drowsy
799,26.633333333333333,0.3489311136932756,0.2739976539864116,0.1579598671896942,16.389839555826907,0.0973419641032641,0.0567067330297521,1.7494880269746806,-1.0097841224159505,0.6757700459507987,1.258721266857784,0.0340186182953989,13.784922411027644,Alert
24,0.8,0.3458116315137787,0.2268220511916095,0.1654729778140124,17.167277872966558,0.0216932213752487,0.0888763885629245,4.821169617238901,3.9365851335733417,-2.780791414734249,-0.1190507121236001,0.0,6.913725151867993,Alert
2219,73.96666666666667,0.2362354347672214,0.3640297912014875,0.2458485447988784,27.264394931952783,0.3298300787576967,0.2278489473025139,14.152116460178474,12.44829798679102,4.607183795490002,4.908781417936993,0.2289889808763902,41.68052351221717,Slightly Drowsy
2501,83.36666666666666,0.1874322185179335,0.6865726412989436,0.4471585714616671,33.81583105410199,0.5044256086387988,0.6106085182880332,15.314523587846052,14.372623415405496,5.239161585408393,3.289651897105,0.4635027795695892,78.09027949848873,Drowsy
3197,106.56666666666666,0.2096376672134517,0.4799042371103262,0.4989967349913441,24.800994196003955,0.4554458852076934,0.5472441293919453,20.679865665837244,11.915347465199288,12.378198188004903,11.509194079479023,0.4787097647994706,79.45401834200644,Drowsy
2354,78.46666666666667,0.2653445092729917,0.3843494069418532,0.2778204762456879,29.53193898451505,0.1563053309246545,0.2581782782683335,10.058906211665615,2.25997475785572,7.25446614580582,6.591420879317093,0.1037112371596832,40.1458042462383,Slightly Drowsy
2173,72.43333333333334,0.2700544910016325,0.3372745850348864,0.269593728814933,21.47664372409856,0.2071203288442785,0.1842975329056964,6.299068684517748,5.058745621838969,-3.4015107395273656,1.5865319771997073,0.20860893072327,45.46937398279128,Slightly Drowsy
2789,92.96666666666668,0.1779110660233451,0.5716104993689379,0.3504105629370314,24.59870893881436,0.6712993237198149,0.587620499972519,32.30994489169023,21.428409231006917,22.90233035690732,7.761383958782011,0.4415022182017484,74.39238038282372,Drowsy
1447,48.23333333333333,0.2773065749655164,0.3498350877711597,0.3275036727207205,21.47611668229639,0.1225874857369183,0.1878695688933317,5.322724927752327,3.611825715576064,1.7377889503903048,3.502314266413115,0.2004642036147608,30.60539950731109,Slightly Drowsy
3165,105.5,0.206115203407339,0.373846593009934,0.4616570421171734,29.83820212028802,0.4206130546971072,0.5373446156640667,10.73582208700864,3.4946468547804184,7.995410944349151,6.25449622873479,0.5381567548929344,69.97878185379749,Drowsy
3324,110.8,0.2173345289509563,0.517773883730159,0.4427565464690148,28.64319977363008,0.5043062953191096,0.5065408852173988,23.243562914181407,22.92360424124346,0.8263665678995018,3.7534922181632497,0.4872313788177344,75.75457118523074,Drowsy
319,10.633333333333333,0.3154212382236676,0.2675164403037045,0.2154192273735643,12.431716385121742,0.0518089083599993,0.0810239580376217,4.233914785864761,0.7455395179711701,-4.117396643652302,0.6459490072353363,0.0387799205628923,13.5275273309015,Alert
2380,79.33333333333333,0.2323809483304681,0.3680347804328459,0.3335758448975663,22.913443475056248,0.2257496305906446,0.2326882606999019,11.080105545180736,2.08754579434358,10.875686294892049,0.3610250184690748,0.2151864398947574,45.07320521744035,Slightly Drowsy
1836,61.2,0.2653444925490658,0.3956714513008571,0.3115051743581982,18.991607125302604,0.1122438562276295,0.1844572301299092,7.75943001705046,6.939155616600706,4.120935210869343,-1.6917258283446888,0.2488677044854056,39.64391798931148,Slightly Drowsy
1576,52.53333333333333,0.2486894176902209,0.3315730347555499,0.2685056450340146,31.32615072200502,0.3499539557546595,0.2050156388722695,7.53157450867853,4.871462569328568,4.468164142325053,3.609567316541912,0.1302656504956258,40.188400209436665,Slightly Drowsy
3695,123.16666666666669,0.117668009675177,0.45718340462978,0.91569407664639,6.120279984619445,0.1395065754357204,1.9489952175182328,28.1443858888176,19.73160435275666,15.30382320178734,12.98319075317718,0.7009540884044803,100.0,Sleep
830,27.666666666666668,0.3544333757382085,0.2032807470302041,0.1373329649547938,15.704085559170972,0.050564334250125,0.0921102730224833,3.202627198922434,2.161018806079855,1.712837083811618,-1.6288056419863812,0.0514097217215938,15.138793939899612,Alert
1428,47.6,0.233287975186245,0.4186950465787104,0.2392784931230874,23.1135576459346,0.2330918318625899,0.1620551239516413,9.733325163383634,7.255864890332601,0.3614713090211912,6.477606187639863,0.1344486825209514,36.62386218025458,Slightly Drowsy
2402,80.06666666666666,0.2362507405470166,0.5587147486877334,0.4328042653512126,34.22863055820909,0.586142434969332,0.563342263450929,19.36998205205489,11.998178971787029,13.96130683081497,6.026758468176366,0.4086546153648218,71.00608995205326,Drowsy
3963,132.1,0.1281199211394255,0.4562293080616454,0.882958976364365,4.371026666341981,0.1785415032271585,2.0303526341141964,33.61652599777268,27.103061151211644,9.80322990214061,17.302935585570008,0.7600123738860097,100.0,Sleep
1147,38.23333333333333,0.3272820916422564,0.3078331987240014,0.1184684277643843,14.775172059687876,0.0587427555549486,0.1133761616260141,5.016370283257161,-1.8214699556591676,4.671559897130274,0.1508182578493316,0.0497797906132009,18.19023532148556,Alert
2410,80.33333333333333,0.2173682496575762,0.3340645720224823,0.4445554258293304,18.229940300995985,0.5618612210067409,0.6354070250711954,29.529970509036147,19.39707767301816,15.628656153823588,15.85930776663966,0.4299523093916594,94.07416320702237,Drowsy
813,27.1,0.3205587638741591,0.2454669340296561,0.1988063119058706,13.878085870392212,0.0104588396853639,0.1248185311241158,4.290172129449248,3.191075416792812,-0.4597816601979164,2.830409053403647,0.0768363121877321,11.41893753345607,Alert
3522,117.4,0.1346047002975423,0.3340450387628023,0.9406662404940376,6.430280925723097,0.1875370961279474,2.329213584932911,43.840382083395525,38.29334021162212,15.38767143536012,14.79252393787058,0.8816788594215009,100.0,Sleep
2964,98.8,0.2145044218546983,0.5846958806569156,0.5039265744665583,30.8580782551818,0.4435336889135137,0.6501281930066793,23.90560938009437,16.51196444859039,15.575306939603298,7.499533560114815,0.4619214161515526,78.13045013745068,Drowsy
3992,133.06666666666666,0.1177100103748725,0.342025136836659,0.816362886566308,2.0048502502823142,0.0845982559271316,1.240336736020888,35.49255678081733,29.60696254209812,5.944673930706573,18.649670445557987,0.7168543446518459,100.0,Sleep
2997,99.9,0.2245398137140954,0.4788223739665831,0.4018780002930325,33.78267952839113,0.4820623672169736,0.5716094866352704,17.422774778209096,15.041012675920673,-0.0769067501387539,8.792900773167847,0.5180617525818235,75.09812819098137,Drowsy
3364,112.13333333333334,0.1958970658533909,0.6939366302884257,0.4556848496127757,23.889002897279,0.6566496065854727,0.6315240683306863,16.428529975133625,12.994144440391931,2.842379621877731,9.64207889882828,0.4376921756880864,72.53476389257256,Drowsy
2454,81.8,0.1960637489260307,0.5320088902328501,0.3327815777528287,26.689933545880475,0.7557930265059094,0.533131133922944,18.99317449037227,12.799827360638975,12.980113715826882,5.331204806023552,0.4353483513432451,66.0930592454214,Drowsy
2400,80.0,0.2366326475053751,0.3716421225368319,0.2800733200237792,25.51226701845745,0.0,0.1632517009540749,11.038605137960554,8.965519093706193,4.2017897710978405,4.880085397992168,0.1904807990495864,40.20808695305978,Slightly Drowsy
100,3.333333333333333,0.3150912537728755,0.2774939559205078,0.1788833329047047,15.81907385909245,0.0520778354322919,0.0946528015443115,4.388670565146078,1.7982085497285445,0.2359055709482717,-3.9964013690642153,0.0583265534940496,13.265780042924856,Alert
2478,82.6,0.190588289359269,0.5755402536527867,0.5041021724790394,21.33879644395548,0.5493356369000477,0.6369329104046212,13.356883614263111,8.726067742695824,9.613645351362358,3.1368622368670884,0.3950903167515327,56.89126276880404,Drowsy
1150,38.333333333333336,0.3110364368109347,0.2292442891537154,0.1739688368440009,13.410321338665806,0.0919517775868496,0.0861878088491964,7.078817370899117,6.03077881975887,3.5924656201145235,-0.9129912190081914,0.0040974160676026,17.094282929698938,Alert
721,24.03333333333333,0.3527651478203366,0.3209885690084346,0.1423030399216369,17.223007628517184,0.0372736599352828,0.0920146603029118,0.8035074425310355,-0.2655383301180274,0.425939741622016,0.6274463657938142,0.0103079041616069,13.542415536460505,Alert
2884,96.13333333333334,0.1992342748083359,0.5580019139414643,0.4282818200255672,31.002680562692216,0.593465026316769,0.4823952755220929,19.26596726976452,17.428234724075896,3.289380977336723,7.52423431507074,0.4106439469158284,76.25118497394153,Drowsy
3694,123.13333333333334,0.137024053827204,0.3778868956659667,0.9077729814219196,6.310844450401488,0.1633672676736585,1.4137313466227557,43.147283772708256,32.1659980374508,26.925589943596187,10.10194404095748,0.809793942108921,100.0,Sleep
121,4.033333333333333,0.3214162481224277,0.2985392464024856,0.1778850366582272,15.216254109565504,0.0525789765924048,0.0404906686729225,2.4822643285255785,-0.3483384845468857,-0.4322626671648464,-2.419389485682215,0.051998574599924,17.779521473952347,Alert
1423,47.43333333333333,0.2390868921127483,0.3989341372862894,0.298615363072767,22.151310913757115,0.1278068223404699,0.1807254273806111,6.008046143404296,-1.504143541888908,4.943148256792135,3.065853221868588,0.1875391596435794,43.08286688516373,Slightly Drowsy
1028,34.266666666666666,0.30825675508776,0.2694800713295163,0.1665906734158187,14.548272282830135,0.0514118156298086,0.065543304096435,4.68023365067961,-3.438871942468925,-2.9786061161360946,-1.0984773066251503,0.0350584112638456,6.6193733970949165,Alert
157,5.233333333333333,0.3282995082642254,0.2866674887922673,0.2012835545141711,12.911284073575391,0.0705242319270433,0.0748090664483216,4.659172364821266,3.847026202218758,1.84610245203916,-1.870877404089191,0.0617196423235006,9.914986640848223,Alert
3189,106.3,0.2228177079345112,0.6472639549201208,0.5027037667608046,37.13144491211634,0.231251394966781,0.5039941425673969,19.38818282946023,17.943636904428086,5.966623156234163,4.280997101390436,0.3197988251745755,72.51682976872323,Drowsy
1750,58.333333333333336,0.2571206493425428,0.4030824431161576,0.3077407065690162,17.022736354009606,0.246865383797396,0.2122582528259827,7.728768274704876,6.090884158105918,0.4638545031804777,4.734958100817593,0.1411038504155751,53.030447568898175,Slightly Drowsy
3152,105.06666666666666,0.1864550714144489,0.3507643175493727,0.2654023231546546,24.407118533794627,0.7048555269927205,0.633205487802754,20.49933151240273,17.04309118802754,1.5324656689560625,11.287479089036514,0.5316893888162293,83.34135692226646,Drowsy
1660,55.333333333333336,0.2399213864007732,0.425580101486196,0.2461626543958812,19.43928357184465,0.2155137557185228,0.1851681426480189,15.650851352252978,14.798540516723776,3.349888141294973,3.838045865543429,0.2177507513919728,47.663358176994,Slightly Drowsy
3827,127.56666666666666,0.1277695445017174,0.3747413727129574,1.2441459684647858,3.31104278888273,0.1785456101582404,1.7784904883705548,31.54401473058267,28.371041777976437,7.326461595536038,11.680403000096687,0.817352744229703,100.0,Sleep
1841,61.36666666666667,0.2171346193085944,0.3417678972941433,0.2605334877070522,19.24871580417197,0.1360095467589323,0.127675081842335,8.342859873176229,2.534513783615351,7.496373611059797,2.6427132700170444,0.1597439032690266,40.04018493513751,Slightly Drowsy
241,8.033333333333333,0.3652326587433278,0.2723683936612669,0.1545709821414274,12.36977777851735,0.0064146785063044,0.0643047618374459,4.351372096437025,1.0737297535249275,-4.216701057535926,0.031236667899206,0.0580455434757329,7.746784387881854,Alert
1362,45.4,0.3134295794175735,0.3252896224652084,0.1712650868872097,16.63763637235638,0.036631720077342,0.0608005496171191,4.540781695804584,2.913490520590482,-3.31400506830632,1.0712804500332185,0.0161168268781736,10.545496675934826,Alert
3814,127.13333333333334,0.1087370961223824,0.3771375594008615,1.166147397106685,8.40545624829208,0.1013224174879482,2.293250952017177,33.999042900770085,27.922426447067,11.702551909764724,15.470077513567936,0.917157193051122,100.0,Sleep
1613,53.766666666666666,0.2539254467688173,0.4256274597170113,0.2937653481931226,24.18259834468205,0.3266974036511632,0.2131506740576423,10.42078263047629,6.570707148923332,0.7259007773997399,8.055531407430216,0.2010619111661472,35.35281325547234,Slightly Drowsy
2868,95.6,0.1783352681229236,0.3678159459034319,0.599711107508778,28.468837420127095,0.5709017058354724,0.4718010619322922,23.70334210115251,22.488494217470056,6.799088439124921,-3.144590751122138,0.4003076661643958,72.94443212245359,Drowsy
3559,118.63333333333334,0.128786647792177,0.2973333924561603,0.8667781050793455,4.973318246523726,0.0712627139059359,2.185186160605817,45.57035808189118,36.6169453986933,23.1980891994549,14.060778885788372,0.8153113609183004,100.0,Sleep
1812,60.4,0.2619266716773095,0.2707487080465148,0.2708712986226188,25.53953406790522,0.2597347884875743,0.1734165804820562,8.884011983752597,1.4402390225713964,6.037979446622114,6.355641957150452,0.153510476853375,34.367581687162286,Slightly Drowsy
3908,130.26666666666668,0.1309891650400601,0.3611608637936553,0.9713039985448642,7.832618213006919,0.1396542038057808,1.5507191238683646,41.11661916253386,37.51714635827112,5.3617742328104505,15.946519293102208,0.7311117560342847,99.96643055732228,Sleep
2670,89.0,0.1939571487850089,0.6401753433784197,0.5068537509754818,24.930484033093705,0.5877914162133306,0.6203613284076845,25.530184419373548,14.947326162135877,20.165952701614977,4.658552213529429,0.4500865018306159,67.1463759461952,Drowsy
898,29.933333333333334,0.3229127013118967,0.293289488709599,0.1706559841530239,14.146522293429484,0.0008868573577203,0.0736018544399417,5.560121158735761,5.477083870441609,0.9564250188847676,-0.0418420747661537,0.0779224655250869,7.016738962143536,Alert
1581,52.7,0.31142673403212,0.2511381965551632,0.33476457470699,20.62044666215874,0.0706278628447965,0.1789217942574003,13.539634993816186,7.971177344681131,8.149866678260173,3.289651897105,0.2368757235481737,34.38785995624174,Slightly Drowsy
2168,72.26666666666667,0.2585690936312065,0.3850858162117098,0.2395868084961386,20.073762442630624,0.2674706762392585,0.2569452472727405,3.5198213171330512,0.2084942107207386,1.7285474109943406,3.059051506036625,0.1448290215167728,34.6408981031586,Slightly Drowsy
458,15.266666666666667,0.30899351989034,0.3250826503698332,0.1804352699778796,10.909660509923844,0.1001735344302935,0.0946200125357096,6.224038562024789,3.346087393041131,2.147202723512521,4.788723801164902,0.0837018979007222,9.8282314390246,Alert
2116,70.53333333333333,0.2887638094155408,0.383959376539348,0.3089264045061981,15.820675488794691,0.2623715081889214,0.1857515019948949,2.382993004289597,2.37025958845817,0.1849453365128104,-0.1622355211334158,0.1287286321954155,39.74728561035764,Slightly Drowsy
2577,85.9,0.2089870929352288,0.5946265245012469,0.4312295921239769,31.087826004271182,0.4392944405862301,0.3045909748935866,24.80929488936181,7.843510981818261,10.99354302902482,5.559687023944116,0.3370193066617468,60.81882694035452,Drowsy
894,29.8,0.308519490050269,0.2738353030801227,0.1339762591965344,9.779914187005804,0.0259700827744572,0.0904504153288478,3.483006035608397,0.3671565251751478,-3.0564155927721406,-1.6293713064753403,0.0308931515370937,10.0812319116065,Alert
2813,93.76666666666668,0.1629196504997827,0.4302485329894832,0.4531979028592238,25.290171420491266,0.4250861318594586,0.6852281082922386,18.92115931253605,11.839076610357193,14.07470398929668,4.444011966471182,0.3614035846789007,69.66895858031364,Drowsy
2554,85.13333333333334,0.172184536262574,0.7653935916294241,0.5362948990495676,31.46037351354333,0.4708330395118674,0.526199380926955,27.129020120517897,17.991613414332,17.88607668229914,9.611131065780366,0.4768139660901461,76.09320812455871,Drowsy
2802,93.4,0.1930385420754031,0.7159888015766774,0.4603862694100967,17.429845700042602,0.6698324914179137,0.5857825415622377,17.683931119989634,14.067580978717023,10.141945073141942,3.4591235012859416,0.4528528519434198,70.35667262175848,Drowsy
3079,102.63333333333334,0.164524273165816,0.593030927374156,0.4708941674804899,32.55995576304611,0.5469653544554078,0.3896836634282589,25.30800089120245,17.54184607817889,15.319483388438368,9.904139235185708,0.4297278798973615,64.30550926294347,Drowsy
52,1.7333333333333334,0.371885019966136,0.3104893646201093,0.1702192940349647,17.00303480540986,0.0336769850791379,0.0392375092964429,5.68010854462985,-0.5202157772935103,-5.612375763077568,-0.7030269680826173,0.040368367583791,17.884778010581147,Alert
565,18.83333333333333,0.2909483544935929,0.3353740862956249,0.1680160352858144,14.322968683329275,0.0474690416041233,0.0668050271749206,4.575952272674718,4.459630859015366,0.3776595917299734,-0.9531028464384828,0.0139082111239905,8.609948737794344,Alert
1728,57.6,0.250439631052872,0.3740582571447308,0.2763701297064351,22.92787483079285,0.1631581263070949,0.20907870799801132,14.330321879419726,4.983911903331663,11.669038138016289,6.659751965435807,0.2022117676005446,48.58913708724572,Slightly Drowsy
74,2.466666666666667,0.3084431177823739,0.2647926320398689,0.1707248362959408,14.555334429084285,0.0308500551334609,0.1051151225114704,1.0694314387447463,-0.2365182555487597,-0.5606149324840771,-0.8794621165483498,0.0689395576870746,12.558381075302522,Alert
1048,34.93333333333333,0.3396281646365013,0.3095382990181626,0.1714894133721848,17.2908620937988,0.0,0.0555449944252365,2.565785110360653,-0.2890807408961495,-2.4591450686021696,0.672525902371791,0.045800756061078,13.08572795322,Alert
2497,83.23333333333333,0.1981039137897525,0.6275228629163064,0.5974182971915876,29.72296955168004,0.8070150189058634,0.5670432476884663,26.824299098650453,20.25711909398115,11.96941339696153,12.881199132020344,0.4104375259322858,81.66087748431502,Drowsy
3896,129.86666666666667,0.1358070332548396,0.4256190534085393,1.081383395988338,4.443452580959,0.0269605378698026,0.20907870799801132,39.25127381578737,36.00850703544499,2.9337108615888976,15.344160381748472,0.940266854378236,100.0,Sleep
1500,50.0,0.2863462163945121,0.4298298923111588,0.3144074084312738,18.48480908195144,0.1672883060008403,0.2083970420965199,9.260839182381057,4.786463366733388,6.308822610111804,4.801215270635719,0.2014516025026187,46.75234971944471,Slightly Drowsy
394,13.133333333333333,0.2446494854373704,0.253311826629869,0.2110890867621744,12.511162662040352,0.0860213230932636,0.1139887196601742,3.2393456290322398,0.995512432645916,2.044086979725916,-2.307384562679717,0.0550946659613561,12.62008880546877,Alert
2267,75.56666666666666,0.2503965430753073,0.4184505462931908,0.2778694976002525,23.496093916439293,0.1955276773479007,0.224518243366651,13.649945674823476,11.877233539666332,4.550167317888775,4.954625893957499,0.2382131573952879,50.05204079662863,Slightly Drowsy
2407,80.23333333333333,0.2054084028015054,0.4522278719678276,0.4284639441159359,31.351790508420176,0.5881796732167628,0.5274967731038411,24.06385222709621,14.75099837367686,11.896469152921686,14.83074686861348,0.3769053640163463,87.49367281316263,Drowsy
3501,116.7,0.1490060950516903,0.3738940423403741,0.2877752059173907,10.068377851581223,0.0978004453542998,1.868306596084538,48.50737720606482,34.72869986372533,23.86281477190158,24.030171042850636,0.8208901489786031,100.0,Sleep
3748,124.93333333333334,0.1312724863848538,0.2823583709822801,1.0979850236870936,5.445321086919058,0.1693167438880082,2.5707543268840904,42.157342484267,38.36187481907082,15.473704842477009,8.134650831451026,0.7414932023916717,100.0,Sleep
950,31.666666666666668,0.3035168966305708,0.2688594645063483,0.1637513771007243,13.782461941704655,0.026675086747028,0.0897348300431612,4.002468653130228,2.4932835307256664,2.3206428453210544,-2.101882332377921,0.0331931903423419,10.84453187953462,Alert
158,5.266666666666667,0.3402014449570286,0.2928550559690469,0.2351455103038536,13.44133504407037,0.0360273281552721,0.0796116078822453,4.213275792216352,1.2420505429143114,2.3998257058261503,-3.232621216873176,0.0189263516170729,7.034920604334393,Alert
3972,132.4,0.1223179295254673,0.3999076693309694,0.9766585610020416,5.145223962624645,0.0383532617946242,1.4397714912633202,30.64579281651708,24.332835108391038,6.971790269755744,17.276339119595956,1.0,100.0,Sleep
1584,52.8,0.2291483369293235,0.3325573070183873,0.2605402953781806,24.324963214899935,0.2177910251307757,0.1239570228472805,9.258369456860148,7.291531231413827,5.273020986333709,2.178583709367605,0.1775645609237318,41.72625932441839,Slightly Drowsy
53,1.7666666666666666,0.3281731843441041,0.2723314814916898,0.2048821674355046,8.472161727480287,0.0594245823243426,0.0954173038777393,3.887142222086317,-1.696465614449604,3.4312621296207872,0.6769928149888282,0.0316942417219839,13.664695252905636,Alert
3272,109.06666666666666,0.2446494854373704,0.6677043166500481,0.4664358117325862,26.478074236512693,0.7031281236324742,0.4708536857162318,22.1142913892924,19.3535379772286,9.737512323867238,4.434332549215924,0.4594632880599013,81.48497067843257,Drowsy
221,7.366666666666666,0.3461829426655362,0.3209356497349721,0.1731182776779591,13.891307625465345,0.0,0.0902850951203567,4.105773564236926,7.843510981818261,-0.186573050997933,2.2487067197410053,0.0333184553804011,14.019837325157518,Alert
3620,120.66666666666669,0.1405870099205805,0.3400151773603149,1.0322681742837307,3.970708426611259,0.1480708925462865,2.26273205655629,40.77933248918764,30.74753380092132,22.281540267823537,14.868627600362911,0.8095960591751885,100.0,Sleep
27,0.9,0.3162053726241104,0.3005911022269602,0.1884297560320509,12.443251200448517,0.0416751099857089,0.0701399813068233,2.698805063976548,0.5265881076394712,2.548806291063074,0.7140309719300947,0.0261418080947869,15.13578892358674,Alert
1601,53.36666666666667,0.2500423684203494,0.3492652726306581,0.2297537890197045,21.84409297514324,0.0,0.1934817475677663,8.811986851368989,7.221142840827146,4.967659937285994,-0.9102544086981998,0.1889926694676589,34.35944077536254,Slightly Drowsy
3257,108.56666666666666,0.1919448879074687,0.5681634803747873,0.3557733745895564,24.485002009337094,0.4647035820986236,0.5561972573965948,22.882722768323397,16.039113672858544,11.569599739720385,11.511307299509031,0.3903190719990116,76.10256803644953,Drowsy
215,7.166666666666667,0.35029859963466,0.2891437685931849,0.1689216858226139,14.358471168355628,0.0,0.0881730562296134,5.105544304192257,-0.573428770455179,-4.058010857530603,-3.0447183724357822,0.0622537674997985,8.94147126906996,Alert
3356,111.86666666666666,0.1988435227486504,0.7591833140756291,0.4267010649545519,22.585180135497144,0.5525749809072926,0.56955332378393,29.91171067825927,20.811479831770782,14.534571101388316,15.822104342039182,0.3983035408829223,71.71350357114794,Drowsy
487,16.233333333333334,0.3131299423811828,0.2029564784292178,0.1200333327941625,14.085073965866702,0.0745508342315963,0.087509117152545,4.378751023429059,2.418925264502476,3.4867787925170006,-1.0791824414742632,0.0578982111205365,5.05255795064657,Alert
1948,64.93333333333334,0.2808293679155641,0.4396546809082625,0.1876012559824624,22.873975064278884,0.0,0.2318012717514014,10.659546637155405,10.913592952133223,3.8390229012312576,3.2099539437368865,0.1829455557176096,36.415801801158736,Slightly Drowsy
1510,50.333333333333336,0.2362813099210076,0.3836670591692571,0.2877752059173907,20.126640036208617,0.1829362739494337,0.2814417133136045,7.113853124730172,5.540851273582138,-0.164020873135148,4.458583922889913,0.1742590132230817,32.083356490868425,Slightly Drowsy
2660,88.66666666666667,0.2055678229769639,0.575140806591578,0.5336964756449173,27.96142198425805,0.6710043320601534,0.6016585357979167,32.45104691533628,23.64816768317543,19.68777900631943,10.30659831991628,0.4472637774770399,76.99977071433328,Drowsy
2403,80.1,0.2079026090245154,0.386462372642431,0.4352408260091935,32.4112554599922,0.4005197356791992,0.5672878960934585,22.16981331244825,14.843002898645828,7.577841283206199,14.620609041559629,0.3244657571518494,78.60746121960041,Drowsy
3293,109.76666666666668,0.2138177234874171,0.4923549938072257,0.4002226595837142,37.00714269617063,0.3872716908410074,0.3047172645312026,23.66119290780875,21.674151230745004,7.794229534281152,5.416013682984312,0.6312161300308451,82.59239561259862,Drowsy
1492,49.73333333333333,0.2619411219947708,0.4046880898693915,0.3448063473982683,17.429845700042602,0.2051056980026911,0.1476698697830251,10.245258553455717,7.544804041851094,5.02630958339723,4.77257443829576,0.234155674372937,40.70304554896259,Slightly Drowsy
2982,99.4,0.2341523736930587,0.3507643175493727,0.3179257111645258,31.930690543261456,0.5877185734978064,0.3791007988742086,22.737885453462123,20.138218386381475,4.01281870517352,9.765289609457623,0.5735084456443004,75.39484690161456,Drowsy
3407,113.56666666666666,0.1467964281783232,0.4047471757346391,0.6151109441833924,6.29538844346042,0.1669509530822878,1.4195966355500085,26.662999156440254,18.367122531106688,17.231685119609477,8.754048313910321,1.0,100.0,Sleep
3441,114.7,0.1104752993992091,0.4639266395029905,0.8207898730222716,7.707768314841606,0.0808535630024634,2.016421540065734,37.217968602034304,23.74318345663758,21.255366589962915,19.22622732968564,0.8019450060587601,100.0,Sleep
1271,42.36666666666667,0.3136406395743359,0.3057892993436813,0.1844417224167244,12.392123974693362,0.0604607438690332,0.0733837896095545,4.364191766660257,4.201216150560328,0.9991753052011424,-0.6305563749042876,0.0446303754409292,17.39643898768585,Alert
3725,124.16666666666669,0.128662841323883,0.4491755572693575,0.8883978157657605,3.834392786180438,0.1995563592293382,1.917814032280894,31.241363823771348,24.989321023072545,12.36859650012606,14.091645361424018,0.850510554846844,100.0,Sleep
2698,89.93333333333334,0.1795813111402489,0.5239546136886238,0.3975609256968596,35.141541759442354,0.5404426342589542,0.20907870799801132,33.0361396672425,21.73932934362991,22.93884500564912,9.622758108232354,0.4135806376857715,80.61901976002467,Drowsy
3233,107.76666666666668,0.1800250027402714,0.5671857379222934,0.3858775104887542,38.15945600674806,0.4860200815247317,0.5229767915792308,21.93989263015408,19.48770270258569,0.9522677131255186,10.03401804866138,0.4639027354883721,73.78838768518769,Drowsy
45,1.5,0.3010912313678924,0.2302211201640814,0.1606028134727242,11.296129990964012,0.1174856654029025,0.097632795138989,4.863818064429536,1.9800683967084565,4.439832416670077,0.1547366152952366,0.0227743159734347,17.510622058361093,Alert
1477,49.23333333333333,0.2509743335878761,0.4170948268484005,0.3251418311012475,22.38808176012493,0.3607127535276903,0.1958071853623815,9.235554918233843,6.515013318109062,-6.269743638955999,1.881592627096961,0.2140806013963397,50.50375483247153,Slightly Drowsy
464,15.466666666666669,0.3626025519514779,0.2759711607126867,0.1696224201285848,16.222884561969515,0.0051299558857644,0.0646627192399089,3.9040653723528655,2.1701806731215525,3.0863069742704416,1.0033700903375764,0.0449665028503176,11.708189424711009,Alert
3134,104.46666666666668,0.1982443888321616,0.3777274644821141,0.2877752059173907,33.17025269039295,0.5365167576369491,0.5933546978698062,16.99787086111974,11.818786078751277,9.676983852656624,7.456533574754526,0.3843310670365527,73.22033176116894,Drowsy
1851,61.7,0.2346823186335876,0.3827951316583823,0.2921477037568479,27.551690427776958,0.1966656177496468,0.1298096632689496,16.316812524227277,9.264046627138724,12.552220846536018,4.780958362166141,0.1484935363275837,34.20618186013913,Slightly Drowsy
2665,88.83333333333333,0.2436765012063428,0.6617912665058429,0.5604113008929541,29.528764399856342,0.5898989176947254,0.4466514532743924,26.93326972932006,22.759110265258087,9.560909784753983,10.770929501854877,0.4421480447016654,78.2607647696761,Drowsy
1024,34.13333333333333,0.336984329264353,0.269336625818552,0.1986150269729748,7.176489037690665,0.0502082104757978,0.20907870799801132,2.1223521730261994,-0.6581467163281953,-1.6597230055193983,-1.1474062885853031,0.0390402841029883,5.756090819235177,Alert
595,19.83333333333333,0.3028581270602467,0.3087104431078138,0.1514713985071658,15.739830252352125,0.0293354320495956,0.0595349355324883,9.16155324685415,2.700113356743511,-8.023701384462422,-3.501951148810456,0.0364501623245143,12.33496722451596,Alert
804,26.8,0.3435899444068236,0.3047276912241539,0.1794263346043887,12.63509518221268,0.0,0.1084036987756389,4.321817522505127,3.480284750712296,-2.120007312219421,1.439198995249783,0.0385955275885074,10.610464632373112,Alert
2339,77.96666666666667,0.2381832938015226,0.4255072193816941,0.2966059853043627,20.355269501315263,0.1014906459124932,0.1613323956429989,6.554985608487671,3.82726358323237,4.028127191398198,3.477654543203259,0.1740538148547463,40.360051369821015,Slightly Drowsy
1107,36.9,0.3027412033468428,0.2769947634720783,0.1777230364476101,14.20079893156303,0.1509803710642998,0.0874170378542199,5.20908041969521,-3.08975642526194,-1.6283969151508957,-3.864744174991617,0.0334040348590832,3.288867977744574,Alert
3881,129.36666666666667,0.1390431021915055,0.3780544584954642,1.1292655137149863,6.165297984488199,0.1371061884743469,1.7759929786907829,32.476388634053244,31.07326242806848,7.579599560494261,5.631860375489218,0.8725176910546256,100.0,Sleep
2012,67.06666666666666,0.262138274205741,0.3945920902004428,0.2605064029584334,21.995344726907867,0.2501898136149938,0.2061112946840094,13.118448329084467,12.60665274669455,3.1848497223329955,1.7385986694097233,0.205370115058857,33.852337048895244,Slightly Drowsy
502,16.733333333333334,0.3382129660878634,0.3023162034280923,0.1877630941573176,16.988828470216774,0.0,0.0900916362895478,5.965059543153613,3.566345908342356,-3.7186868582407184,-3.0057412173647786,0.0250811574704879,9.017157683915505,Alert
1033,34.43333333333333,0.3588570610402756,0.3279423385686832,0.20203277558429,17.556057388214555,0.0521353708991608,0.0925620593966741,2.815716162049189,0.2980610841870494,0.8767963684671365,2.659068487941049,0.0282115317702621,7.885002912785393,Alert
3980,132.66666666666666,0.1097629436544226,0.4561643487161064,0.9545050782075176,7.490584369359519,0.1656084624960022,1.7113645449654713,40.49877179114892,30.444410855947748,24.55133393663839,10.512866695505965,0.6460520846038648,100.0,Sleep
257,8.566666666666666,0.3320516681833846,0.2929056601561132,0.1918139189464875,9.180818551635976,0.0388446642339697,0.0969031594236864,4.616057079587196,1.877757041314736,-4.215569540410725,-0.1048089011549389,0.0740821103251098,16.974278624834938,Alert
3735,124.5,0.127137612611652,0.2981138770317314,0.674114619639571,10.390978175286776,0.268423720302279,1.5795686295996818,45.20015525515614,38.08194490319197,23.74204218851576,5.397679149338966,0.91804829256138,100.0,Sleep
1045,34.833333333333336,0.3051800191705338,0.2791812113914619,0.108517129437808,11.246683428075723,0.0249179661821059,0.1041500638990384,0.7068223456693262,-0.0345341048223235,0.5414044254936194,0.4530855018619921,0.0659583301132152,16.910905422099557,Alert
2918,97.26666666666668,0.1832457147735211,0.4793154228706515,0.4191719068483917,24.670144720454903,0.4524898536761025,0.3070840237481524,21.70871076086675,18.434766450559344,10.406028937350712,4.810620601057953,0.465226898927186,85.45470975495269,Drowsy
3425,114.16666666666669,0.1417949440006134,0.3274698015831611,1.055629580921413,2.782302651106209,0.2626892320835606,2.1972965517873218,32.6171770557035,26.40820719720341,8.220515575460063,17.289012562500602,0.7279115022557,100.0,Sleep
1162,38.73333333333333,0.3361520810302963,0.3045439473805179,0.2016921097240673,13.61547805529741,0.0627530817431812,0.0582965264332851,9.822625935754711,5.1720191407923926,-8.348881297029662,-0.1742967846708503,0.0628179195430054,6.773412463652146,Alert
2255,75.16666666666667,0.2437732669310562,0.3597825756686408,0.279880744006452,24.14032584233947,0.2141862690512915,0.249221800208342,8.083028097846675,7.843510981818261,0.6776379186508934,1.8317984495794508,0.2041515628292703,31.23958388233517,Slightly Drowsy
1736,57.86666666666667,0.2720852613452134,0.3670212933722417,0.2974166261092376,15.962550980540565,0.0060588103442171,0.1424981687422236,8.728979815088065,5.318098010376285,6.305424070455235,-2.855617176018245,0.2437140825748794,41.90077116350668,Slightly Drowsy
545,18.166666666666668,0.359760089214341,0.2600798130464613,0.1560865930132505,14.102311871822309,0.0673976415347159,0.0721202663751375,4.002060047357621,3.344420475921209,0.919168446220242,-1.9966135505821097,0.0503758603490344,14.964631972686131,Alert
2572,85.73333333333333,0.2018643773919512,0.2892173963944933,0.4309927658294323,32.827271635447126,0.4628629076383219,0.5676837615285313,20.01315872379011,15.355472128081988,4.843586813597904,11.885943993072406,0.3668318917108042,75.33579514979475,Drowsy
2321,77.36666666666666,0.2161385429233718,0.3584219143683855,0.2417607233555502,25.247347875002127,0.1775137405183903,0.2123436087579949,12.00410035783746,11.786340138704013,-1.9411807271284325,1.1884565286257818,0.187235344982634,43.23913758709126,Slightly Drowsy
2489,82.96666666666667,0.2263172938700378,0.55743956373779,0.403166224569878,31.83625574179768,0.6175957355037578,0.4678398327359521,10.659546637155405,16.257551486154124,4.120935210869343,12.909844369118147,0.4542269311714909,80.48216127798017,Drowsy
292,9.733333333333333,0.3306361216046043,0.2877801449530299,0.2183659743994017,11.619209048153008,0.0229201944616587,0.0645468110945835,4.971962300106482,4.075479529656525,2.701195765185191,0.9024506386370164,0.0636698733377985,7.37589496876643,Alert
747,24.9,0.3353067452526348,0.2254197477305821,0.1476683776262519,14.85789638549354,0.1565871280820747,0.0928308328987202,3.104963591885946,0.0324093026667524,-2.93479694779872,-1.0132696675758386,0.0447974550456945,17.08776973444565,Alert
2892,96.4,0.2175612690709709,0.6526801924289676,0.4775755769796687,32.57758608035176,0.2964533970202339,0.5269470588319343,6.387232176053923,2.597006364130362,-0.476561987403489,5.81594201206021,0.3934230892702673,74.25671436269013,Drowsy
135,4.5,0.300377542172944,0.3026898151845351,0.1763715555417665,15.048831109767567,0.0145003128879159,0.0712508339935318,5.259842093560448,3.805953394569429,-1.118499456275301,3.4539277024668102,0.0320072762877079,12.95983574388069,Alert
3266,108.86666666666666,0.2083303657147132,0.5908114867177625,0.4609930261084459,22.89983163580169,0.5101552299555889,0.5669095272199344,23.05782934232984,18.5321691764206,3.861208151307842,13.164849836166264,0.2654498601857623,72.29425581301832,Drowsy
808,26.933333333333334,0.2893899448238182,0.299828934547858,0.1605459239994258,8.608886557487418,0.0351497051731842,0.099622994311407,5.384032020075645,1.0326763835001316,5.213954955370561,0.8579358970970341,0.0467751632456073,11.491451321284394,Alert
2619,87.3,0.213972247792691,0.5973643793136585,0.3654407824032178,23.17719373134846,0.5954946285363247,0.6552502365435522,26.389645799767816,23.185706799570628,3.982546955318611,11.9572457276009,0.3156611255976805,73.58003493109034,Drowsy
3277,109.23333333333332,0.1605337605302071,0.5420072285110235,0.4333495433179968,36.35963772766061,0.6087632745032501,0.5194737253168769,25.507595655620047,17.01572454803463,8.749578952973494,16.868533498253534,0.4872838707696491,66.40005601489534,Drowsy
264,8.8,0.3253849126364072,0.2977894023886107,0.2977871311930898,8.789717651253529,0.1189878659904443,0.0742510496119928,2.8509338928218524,2.7183222610075237,-0.1365367359037265,-0.848472666796087,0.0286033414352248,13.011768293596834,Alert
1321,44.03333333333333,0.3326023457985985,0.2853777195253817,0.1895736252560562,16.967627876665954,0.0989431863903709,0.1066989345676728,3.79688142922463,2.103317079692508,1.664901494995839,2.6870930132441027,0.0275256793016721,10.227990917350878,Alert
870,29.0,0.3116055345564894,0.2689014008599112,0.1558969717748622,15.4280605255906,0.1056257438379982,0.0894002732249332,3.863500496984248,2.258454990530238,-2.95932149729774,1.0336505316489015,0.0831269926345859,10.635999658066154,Alert
491,16.366666666666667,0.3025146364969178,0.2856594484346664,0.18308575733797,14.373354777649702,0.0,0.0960630948522804,5.091332876967586,2.599068795597495,2.199162844397996,-3.785524355180104,0.0462298171759558,7.229324241847189,Alert
3065,102.16666666666669,0.2009183889958869,0.6839028187726512,0.4821106479687441,34.516529474702324,0.6147901119862185,0.5425833795438784,27.095078015831525,18.9692971076908,19.141581502614777,2.8122726579950044,0.5034168157084372,72.5999529112041,Drowsy
882,29.4,0.3124550376650937,0.3685629384024592,0.1731632232370249,13.423034619743197,0.0181205332474449,0.0824781363304214,5.867068453039276,3.5374030801169365,3.61073416360038,-2.978568528880436,0.0350800932328859,14.084530074268674,Alert
57,1.9,0.3227348698651223,0.3054018318364542,0.1944302769521013,14.559710060697828,0.1565871280820747,0.0894293671427199,8.449983234459546,6.705061241187584,4.036260138464933,3.186373253278794,0.0297756864713762,8.20497390805949,Alert
2214,73.8,0.2558345433413474,0.3483819061571847,0.297223179385061,17.429845700042602,0.2154312009508065,0.1743618341459441,7.781994039214242,1.616009702542773,3.3393835078865,6.8407939345451165,0.1216569436861607,40.039757093536224,Slightly Drowsy
3807,126.9,0.1357521361349441,0.3507643175493727,0.62837453393716,3.516882241889697,0.2505180423471134,2.107642680836471,34.51213382832784,29.40629358923282,15.13605250237196,9.861906173438031,0.953250632312855,100.0,Sleep
1273,42.43333333333333,0.3348830821973166,0.2307949109947087,0.171063139657694,15.54572325827677,0.0666663624219437,0.0722888204007503,2.538014703112152,2.477309329387765,0.3214359892127049,-0.4484819110963726,0.0357833056269083,20.272183625630717,Alert
2010,67.0,0.2363806632817404,0.3164395510483493,0.2559395394092056,23.83004943420005,0.1390315845289862,0.19378508047128,6.1374857154764655,1.393506471403283,5.924390661712977,-0.7927584179577729,0.1427135578053855,46.81064148356187,Slightly Drowsy
1887,62.9,0.226773062585655,0.3115360010130601,0.270653068331003,25.766625567617204,0.2848323368862922,0.1340572960154849,5.766584516023112,4.573683321490685,1.1193559217126443,-3.3289578212531143,0.2026448378779963,39.00035326939796,Slightly Drowsy
3090,103.0,0.1789520627573292,0.5479093496866388,0.3286918750981789,30.830126773933788,0.5129070380256291,0.541796750045457,23.78461906439877,20.13592735255571,11.234133504256654,5.834961705075555,0.512352898635253,82.27357992045604,Drowsy
556,18.53333333333333,0.3465713423258304,0.3618239710885905,0.1541772959489454,15.335519655936686,0.0209303238047192,0.1008190834759557,2.5455884008967016,-1.1631460227130377,1.441760275283138,-1.7459779337787054,0.0358603082180326,7.404736496156103,Alert
2990,99.66666666666669,0.1787920611379471,0.5415131077348557,0.4899274158640753,19.243847034722904,0.4901075811035151,0.7342122107888392,28.55678697433339,20.396137758349774,19.225876202142988,5.463820192845661,0.4079465964503892,82.41344203232111,Drowsy
1730,57.66666666666666,0.2732244454630833,0.3161151743241719,0.2868319561573521,21.335775951512066,0.240509077684965,0.1657556938937427,9.388927312171424,7.315292171390374,4.674890309383509,3.575452015573049,0.1831629543185045,42.27559499180494,Slightly Drowsy
1023,34.1,0.3111586861279612,0.2879564067388117,0.2189189260177663,13.80155964994922,0.1565871280820747,0.078072307273702,5.755759411604487,5.093424483908998,-0.7731736847588857,2.566709154576411,0.0379282421070587,8.651298520339788,Alert
1748,58.266666666666666,0.2042154547163187,0.3992183567885273,0.3085121921981945,23.89554026199794,0.2140970164510898,0.2220271729050015,10.771415805298004,10.038614178445629,1.096449664672024,3.747989055450224,0.1726673263190678,34.78029242589428,Slightly Drowsy
3495,116.5,0.1220199718675022,0.3044492347878896,0.6574831643019883,3.0871399223371587,0.2791940420261888,1.7968940148994328,35.2491776045748,17.244630866652656,22.288601568231343,21.174169835069872,0.9483387164546268,100.0,Sleep
403,13.433333333333334,0.3513850902364974,0.3131054375289451,0.1529822894239181,11.16803762183064,0.0640148086554535,0.0631135192563385,4.458552942380304,2.256211605395519,-1.448482772420755,-3.5623168289312668,0.0,12.136804620270686,Alert
171,5.7,0.2923573832878516,0.2724777639398943,0.1707589714744277,15.949151330673349,0.1024123498447843,0.1079136762157991,3.4761107602572845,0.5945799335542448,-0.6276656212335834,-3.3668763844419005,0.0238825986700762,15.431220265842674,Alert
539,17.966666666666665,0.3361472605068973,0.2415334336955794,0.2175685098586992,14.403248856656738,0.0757649507140043,0.0816397762764944,3.760985275262265,-2.380942737852492,-2.582187490186016,1.3447786752227648,0.0433331163471968,15.687685595332129,Alert
3496,116.53333333333332,0.1259678408238614,0.388257671822485,1.1601569761992023,4.890197961822732,0.0896469404335428,2.0434869039250056,44.22651018106641,37.8601557700228,13.630465140484098,18.352199539009696,0.8589957411259226,100.0,Sleep
3817,127.23333333333332,0.1411435916664152,0.3764629201860793,1.2117757069486634,7.959498386098454,0.0855618188052445,1.008878096722097,42.76719426090397,30.694593238417127,23.68448638375638,18.05325332497369,0.9759170977146764,100.0,Sleep
2171,72.36666666666666,0.2631914791481331,0.4531447776556924,0.2921196342666292,25.52635990870989,0.0709719252188665,0.2805182339773593,10.213898487107238,9.119901738952176,3.801581955364881,2.5882598813551865,0.13571200808564,35.75158153552399,Slightly Drowsy
2898,96.6,0.2197925020137899,0.6838456238162641,0.4742070635906072,27.120133985367875,0.5874903784119908,0.4896241631268873,34.44898791280096,31.12313339581372,6.480812257394252,13.269604678629277,0.38811408078031,88.08200020688103,Drowsy
3779,125.96666666666668,0.1199218591378752,0.4149219373323678,0.5732542034319039,5.74905367126068,0.0975949952654326,1.5350706809541668,33.976036379052424,27.02824468406665,3.644197400082618,20.262400219079368,0.6797684124299794,100.0,Sleep
189,6.3,0.3555687034024985,0.3124175390784557,0.2089619245377351,17.090326804515545,0.0535463036384575,0.0839463141481119,1.6197631257864658,0.4558702614141245,-0.9482185680811492,1.2315422995422831,0.0640776887433763,11.096116879023468,Alert
13,0.4333333333333333,0.2934424071568474,0.2965757350722314,0.1524172729729859,17.87483601254385,0.0186698683065505,0.0735587696758865,5.487593379051656,4.033793043424174,-3.692592949301866,0.4549198692082588,0.0661428550856485,6.02021433506037,Alert
569,18.966666666666665,0.277643602600123,0.315231228936142,0.162909031112228,13.105430166396832,0.155515270090408,0.0860374676144202,7.250189215882258,1.0341938113820612,-6.615883118267718,2.779528267892711,0.0130958065838279,7.825629156858198,Alert
323,10.766666666666667,0.341985426028435,0.2422918373055335,0.2212948935005861,14.782830350032889,0.0774826318343566,0.109330817185572,1.322153956141972,-0.7789506237838779,-0.1074767361193888,-1.06290910271843,0.0086428114926908,12.120948741268387,Alert
599,19.966666666666665,0.3263434324193708,0.2172423260730663,0.2877752059173907,14.612596660788515,0.0392019241269934,0.049130981136285,6.641898630507479,5.98544489051003,0.3106144618475261,2.862304235523482,0.0347992749963911,8.151953483262224,Alert
3260,108.66666666666669,0.2339070329962136,0.5208328913027743,0.469781250922271,32.01084312142868,0.7466611223417092,0.6001021658484424,21.032911764845725,18.012036089691463,10.167745966692182,3.81665759117226,0.4132681993194044,75.27533018701297,Drowsy
2156,71.86666666666666,0.236004345115908,0.3122491148230261,0.2588767743958662,19.415548533189927,0.2189878495591624,0.2031373802879039,8.485995963946777,7.97733213996373,0.6367487937608707,2.822915231186862,0.0977720090417513,40.56870202176996,Slightly Drowsy
1114,37.13333333333333,0.343012739376642,0.3346792788729275,0.268357388698053,14.626285509388993,0.0234763130469844,0.0890574865358978,4.028407147896853,1.334467623983771,2.7778983895566896,-2.5943285927314435,0.0873666908480087,15.610600529332016,Alert
3591,119.7,0.1360766327413316,0.4404956072512863,0.8206442750514085,6.922377716482235,0.1902177488482407,1.2593406271725691,41.114150156466046,39.79306551658301,5.8776741960669945,8.505188177004488,0.6221051575348996,100.0,Sleep
2855,95.16666666666669,0.2301335884379884,0.6010983349048726,0.4772905818174459,32.24945099404049,0.6588459782686633,0.7080946431954172,17.411469501801406,14.989103247655656,7.739895079415409,4.310461483753251,0.4377111654531219,74.36481584212588,Drowsy
2320,77.33333333333333,0.2376649731169613,0.3722831620688624,0.3020161191331971,24.369017480670443,0.3419534826304003,0.2600294553063176,9.137579182670564,4.161733713764125,7.874938293687157,2.039772704473004,0.1744996502227689,33.80733066330454,Slightly Drowsy
777,25.9,0.33596358293169,0.339416832289827,0.1899624438425043,15.615324190060427,0.03716864552592,0.0527591325829048,0.315996321010444,0.2903777487510592,-0.0274771156039658,0.1215707450026057,0.0785257170971078,12.398779114206071,Alert
3558,118.6,0.1327347451709191,0.4211305476437827,1.0319675569277982,8.161710499720087,0.1617104511783631,1.8606765634849616,39.066427638301086,34.789137433883795,13.500252013089536,11.560487905275986,0.886161473985831,100.0,Sleep
1617,53.9,0.2604972998345026,0.3514544973262628,0.2667534293657672,21.257179944345587,0.2006619595473856,0.1691105991463383,9.05117231692365,2.1428642164949707,8.554795786778591,2.0364975587576044,0.1866817241667657,41.71608945827741,Slightly Drowsy
3129,104.3,0.2060251345388441,0.5243536990328067,0.318549407553849,32.30806717437511,0.3310620012511053,0.4533479399987425,16.233426088586857,15.735876847859394,-1.7216932760556745,3.5975095087851683,0.4571374063548822,72.94197082643927,Drowsy
2695,89.83333333333333,0.1808252929233058,0.4435092744590593,0.5676549957004943,17.429845700042602,0.6679768273353506,0.6283741480163779,19.35183675781495,17.303558188852488,5.850419752576617,6.391638962330028,0.4265721481929277,87.4510238150188,Drowsy
3690,123.0,0.1264589119324245,0.395508192248505,1.0707538350116652,8.00339661280836,0.179603747758801,2.33468154321494,38.75284480823829,25.992671649488507,21.97969407049328,18.521799313803182,0.191037117183726,100.0,Sleep
2630,87.66666666666667,0.2072422126716418,0.4463106971538346,0.2877752059173907,23.730135368035995,0.4937781141537384,0.6203826153539733,26.07374249922125,22.94637022617108,11.327274002736193,4.999700493641871,0.466712589427675,80.84917616699336,Drowsy
2074,69.13333333333334,0.2337437902087642,0.4702593650079549,0.2895350961936466,21.385413528679667,0.345031217595274,0.1841505875972332,10.584335853698327,6.680028733108079,7.963211424491399,1.9981605034591252,0.1501391704258999,27.378202588775164,Slightly Drowsy
2785,92.83333333333331,0.2149100744200722,0.5594551007368386,0.4864032545935726,39.08293284326118,0.6507331860587615,0.5184840642802352,25.033262247903235,17.629814968677017,3.675091620451319,17.388143791785186,0.552270880781048,77.19617646690659,Drowsy
3667,122.23333333333332,0.1379393669875719,0.4070142340855006,0.8907360865191325,2.5610179555140187,0.0792050654774448,2.348658364144591,30.665816223874923,18.99178464518482,23.222655693812555,6.357095499835427,0.7881479818328414,100.0,Sleep
239,7.966666666666667,0.331432010115381,0.3309537812751368,0.2011351961947416,15.972641718438798,0.0533530651171744,0.10820918290407,4.868067196965226,3.024406989898744,-2.583263730520711,2.806739940250381,0.0539580654507805,10.323158094436389,Alert
175,5.833333333333333,0.2749735566461815,0.2610064170093092,0.1563664874427528,12.44788100437221,0.0432742472566084,0.0705581884460574,4.281309779161984,-2.948249525939469,2.2437307683526013,-2.145486051479613,0.0447849372822229,19.80459873110528,Alert
3216,107.2,0.1918459918517891,0.3507643175493727,0.4119624389122729,33.859808810286445,0.4361932534014603,0.6972746557511209,22.929201949910983,18.871859315290312,12.398780444612267,3.983901546222292,0.4910450628051551,82.06638103276065,Drowsy
2585,86.16666666666667,0.2099620463105147,0.4016789270266643,0.4593610806606478,33.570790891700746,0.5962563554934185,0.5835486743165977,18.73693691806429,7.899242754111182,5.068523341492623,16.216807334364162,0.3980586657717847,82.20054266460765,Drowsy
2047,68.23333333333333,0.2436744691361816,0.3454848365632404,0.2037770658810988,25.696574153335124,0.1938459395376676,0.3173442282468509,8.316716790377493,5.580635578831398,4.354312517666941,4.366262384021034,0.1359240010804514,42.09661828168976,Slightly Drowsy
3340,111.33333333333331,0.2071576095322777,0.5867059354570887,0.3945443576795786,21.61988487750618,0.6465264138823013,0.4757584492511501,19.347275064800066,13.942373218638618,4.589490847527854,3.289651897105,0.4548418768460524,77.86658868004335,Drowsy
2017,67.23333333333333,0.2226412922781731,0.3894650902972086,0.2778162693554915,20.675591229288933,0.0969511415945978,0.1879937759910894,8.381371976180207,5.548452415287856,5.270906804838387,3.289651897105,0.2116824040831736,38.180405134590806,Slightly Drowsy
1570,52.333333333333336,0.2592582555898622,0.3262480494290266,0.3278997806625746,22.303431000199367,0.2594396328751321,0.2611640402669299,14.251258152163606,10.911321920711124,8.480517625324175,3.4816998246236808,0.2117574048364204,42.29745989024745,Slightly Drowsy
1396,46.53333333333333,0.3384255713889078,0.2715363730614857,0.2077229438652236,10.071277031059315,0.0,0.0721746457018491,1.6263717443833652,-0.2223120226494268,-1.5501273282896562,-0.4390531648942797,0.054400270636725,9.791406484034734,Alert
786,26.2,0.2446494854373704,0.324613934738782,0.1459309228572651,15.27323830910502,0.025357151386547,0.1123408984904336,3.4507445594941206,0.0739380021553028,3.4300845906174846,0.3697173081207293,0.0450438970846857,4.123219602530679,Alert
411,13.7,0.2446494854373704,0.3170234963287279,0.1623266360165662,11.661009253093937,0.042883284967824,0.0617437816140697,1.570182388003879,0.9564240450264194,1.032161764690399,0.6966834784922538,0.0220433986714874,9.877771058727324,Alert
3024,100.8,0.2226999130210012,0.5758557848368191,0.2877752059173907,23.18560386552586,0.514418041882561,0.5712852267162685,25.44491600793087,19.38809670091264,11.463257792021944,11.838039439044175,0.5005755290151985,75.85762689006314,Drowsy
2770,92.33333333333331,0.1989652565142055,0.7439983822168525,0.5185882579942955,28.383537032810047,0.6508876689437505,0.5444077914685982,24.367731862928157,23.09115916601737,-2.277592588078825,7.442936014500219,0.2939562065385024,76.75643415858019,Drowsy
2303,76.76666666666667,0.2673006896126418,0.3491087092584131,0.2846264407044168,19.38002872967143,0.1275336989746341,0.2599715103390275,6.751547472714189,0.7936649760815557,-0.216796111131087,6.701230381672701,0.2056298552399461,38.04002788894403,Slightly Drowsy
1508,50.266666666666666,0.2990787734585078,0.4327749146039471,0.3665590533320632,22.218564418320952,0.2440458874961278,0.1816209827218942,10.669142037551143,10.090236819553631,-0.8621728482042279,-3.3577329736869466,0.1483715752204573,31.78114296580772,Slightly Drowsy
2821,94.03333333333332,0.1810766653004584,0.3667161245828272,0.4782117417527917,23.790696649996637,0.5458333446754174,0.5318277505487627,22.50110321335977,13.292216594101646,0.8626017151670755,18.13484331652052,0.4366027231815226,87.09389686105794,Drowsy
1954,65.13333333333334,0.2592742775855089,0.3935585679525804,0.2379547305689533,20.672766645257045,0.1865731654095655,0.165684209706281,6.77558471579787,1.1390063101413253,1.9580057649456168,6.385720498961074,0.1823669386224198,48.32691411775742,Slightly Drowsy
228,7.6,0.3130059957876041,0.3076630163618099,0.1902015388370667,15.426532493048828,0.0887273864213144,0.0733738323363335,3.6801520598713737,0.4694081637306242,-3.2554515796733945,-1.6508210599579105,0.0989818885061745,17.29974513989017,Alert
3199,106.63333333333334,0.2080283878681776,0.4307603274303465,0.5554889057113555,26.7573083599983,0.4925066014497488,0.6028254446656659,19.645056979133248,12.963497577396293,13.453278843365206,6.073325500654031,0.3983778707372957,73.40672202733128,Drowsy
1299,43.3,0.3384382015866634,0.2896337040648927,0.132470172664548,17.429845700042602,0.0563473329447491,0.0720783206784146,6.250707665988233,1.0550256350369558,-6.04566571629713,1.1866731992627269,0.191037117183726,10.772216383251616,Alert
1690,56.333333333333336,0.2466021359666481,0.3868682712467412,0.3069088195144057,19.800955277937863,0.1841977116567028,0.2533792940297401,12.937677076276552,3.0898081699084425,12.511672299029026,1.137818036809315,0.1328193017343795,40.64255222696637,Slightly Drowsy
352,11.733333333333333,0.3002665373570081,0.2797534255081806,0.1735317126429593,13.070355294303337,0.0208615351327862,0.0863904934156591,6.463095818571435,6.134043171230712,0.4196616985173821,1.992236429822258,0.0121955614969307,12.613040517952296,Alert
2217,73.9,0.2519521628225549,0.3148690104314383,0.2172241031545356,27.39007765073525,0.2985040430632546,0.2282382962922982,9.077963059410369,4.632950310678539,-6.06798220884607,4.911697938588088,0.194667470954203,37.97072363575357,Slightly Drowsy
1279,42.63333333333333,0.3737577698332803,0.2448353298752621,0.2125064556998361,12.195758864961393,0.0151630692051995,0.0651048768643122,2.8835598634996487,1.868880750877202,1.739916513100831,1.339736075809644,0.0211202996930422,6.923568412683137,Alert
2822,94.06666666666666,0.2209688621070822,0.5078834698509592,0.4626675246137866,28.68362101885217,0.7713040826718929,0.6329833691643413,21.620711137601525,13.963636269868646,12.10971301932835,11.21725736568101,0.3577276665766448,77.45435215878891,Drowsy
3876,129.2,0.1588994632999162,0.3676964742536777,1.1283504448832713,7.156565020253105,0.1991961640512315,1.724915226504102,31.4356736705173,20.93748804887009,16.413840165615277,16.74541801031886,0.8039645541271947,100.0,Sleep
819,27.3,0.3028753205214063,0.3080413617395864,0.2029620646804004,16.683531756026113,0.0699475964854217,0.0411500461807646,3.8447220820775385,1.6114439186806009,-3.467122724750745,-0.4052115458361477,0.0596000847226778,13.34495282712141,Alert
2578,85.93333333333334,0.2009313802677615,0.7048785965729953,0.4403009808498314,26.373990759888045,0.5470758589004989,0.767920511190877,23.63546648336993,21.759521133265665,4.398548489797665,8.112415615608413,0.4632705837808458,69.581227825806,Drowsy
1445,48.16666666666666,0.2401511177517556,0.3830022695441778,0.359028204049203,21.73813552877295,0.2889648544026526,0.2668541633637251,12.203811607001382,10.595170460141448,3.9327947360890394,4.605269397496533,0.1285048562745862,35.90810906556714,Slightly Drowsy
2070,69.0,0.2167163409085794,0.4113081107422098,0.2392229306489763,19.296188835104623,0.3579498524071436,0.1336105855447371,4.147690794857138,2.602998855075761,2.1612074301043176,2.399357900413945,0.1442501887152938,33.323681015165434,Slightly Drowsy
70,2.333333333333333,0.3375077469852248,0.2598526760816779,0.1836602944393608,20.400211345671988,0.046157604011014,0.1029854665257135,3.55141518889936,0.2420589371852815,-0.104965471490885,3.54160127127102,0.0274606588442446,18.39780811867528,Alert
2360,78.66666666666667,0.2706023570018093,0.304053786151199,0.2806610565653821,15.508867411855562,0.0955630382181461,0.232306435507122,13.38274373679163,5.917504973404677,11.28829146215417,4.081107776060781,0.2012238265955729,33.750546538668324,Slightly Drowsy
46,1.5333333333333334,0.3334727510921165,0.243696384598574,0.1742898396574917,11.810954366538107,0.0,0.0985235509506328,8.04689533892034,6.773541601175326,-4.195702721457423,1.1259384733811415,0.0269871486175634,9.79942402549032,Alert
3388,112.93333333333334,0.2111961686213665,0.5113836569780056,0.3654251747070512,24.44565717508613,0.5307458014126605,0.20907870799801132,21.63267518389825,17.81573046624508,10.36452793428701,6.568785600515406,0.4546455493654255,64.14542741016169,Drowsy
3516,117.2,0.1048913692818373,0.2695772845342511,0.9363205029108124,1.2947488598913957,0.1372007743700494,1.8468185714748475,44.19099939562827,35.56547188988213,17.530657708621323,19.509425341039066,0.8831124099388313,100.0,Sleep
184,6.133333333333334,0.2965024224722783,0.3090316194676112,0.1741852158368159,13.338712896723472,0.0,0.0927083606041845,1.2433839927543786,7.843510981818261,0.1797978907989847,0.5547538759163834,0.067213171916773,6.750174241537743,Alert
1109,36.96666666666667,0.2842983205973639,0.2482176560234012,0.1935911896971617,16.682795066998438,0.060434646988879,0.0959977457941196,4.272046261043078,3.769195610068107,1.5196031741577527,-1.316947190522512,0.043478470239503,8.634894763211381,Alert
719,23.966666666666665,0.2864968776086303,0.2630012439398734,0.1353641488952813,11.187034745672095,0.0655527564105485,0.0565225334738794,4.789404042705811,4.781585763008255,-0.213360872491008,0.1711894078890508,0.0344325406478421,15.186906535784464,Alert
1544,51.46666666666667,0.2300694316676288,0.2944139783544655,0.2996751260231555,25.93078139769224,0.1936747984410102,0.1817074837377318,9.368130803389349,7.544863856909354,4.221919675061522,3.607256351778129,0.0788701959874514,33.01007703700097,Slightly Drowsy
2304,76.8,0.274931926285773,0.3823430058198004,0.2893064036789768,22.789467059858463,0.2372190573771595,0.20907870799801132,15.256292999128084,14.68590568513585,3.2204287533093114,2.58988202962949,0.1305242724971714,40.424708591372,Slightly Drowsy
1432,47.73333333333333,0.2520135100619787,0.3908012854373835,0.2915867924855256,18.8763726129952,0.2749925025975597,0.2592977611501855,13.10120703062675,10.28296360101969,7.958397318361882,1.6019355051119728,0.2230373649080319,42.32112019183933,Slightly Drowsy
140,4.666666666666667,0.2920095641677747,0.2849310186418922,0.1269468190331144,14.807919285461953,0.0440958965480532,0.0706792699626351,2.730632233667172,-1.9867576681669887,1.5408003197091498,-1.0654016793238228,0.0166016632857942,0.0,Alert
2806,93.53333333333332,0.2019724980963936,0.6182748071229854,0.4429035882055169,33.661750656177595,0.6539018842620983,0.5438241076303645,22.311544574466968,18.215720098202308,-1.0505582310993429,12.840906899648653,0.4169337855930782,72.91680674166035,Drowsy
1468,48.93333333333333,0.246397287911803,0.38463577097307,0.2678373896773697,18.073599198555957,0.1957413065949254,0.1640603805290862,11.39504768833032,6.052247260573279,9.371107857692014,2.323736739759563,0.2508383021339098,49.90542422059517,Slightly Drowsy
310,10.333333333333334,0.3098900644204009,0.297200030845207,0.1970928107159594,14.488704328883228,0.0460461919504277,0.0887195077900009,4.796340342433185,-4.330615213049214,2.046208470187894,0.2523558073239343,0.0355505020644346,19.366771921080485,Alert
267,8.9,0.317094273921951,0.2875149614109684,0.2273435417268655,16.463624214038045,0.0847661836998758,0.0708892094795225,3.36645197111502,-0.2231020705708108,2.865901674713258,1.7520935850595885,0.0694534135150196,9.40712203989543,Alert
817,27.23333333333333,0.3276759809312956,0.2782067457563733,0.19876753781025,13.441821028916726,0.0377101509735307,0.107381891655257,3.0697883131831363,1.7531977638608176,2.479266972575299,-0.4507029700883995,0.0733332651845504,9.214939792221116,Alert
2184,72.8,0.2328301679950908,0.3757545471607851,0.3295084278459868,20.83053366404824,0.2122055398992747,0.2082683566404342,9.095363652982362,6.003674073476553,6.707604950777431,1.2998359218625315,0.2333058207478373,44.95679037646271,Slightly Drowsy
3229,107.63333333333334,0.1871697022430358,0.6332573520335343,0.5178916844910385,24.694445538547622,0.5697489541286483,0.5310733577920512,33.436971582649335,21.448011893546465,23.25168858007539,10.833874312007696,0.393087578180106,75.44566941674438,Drowsy
64,2.1333333333333333,0.3353983901736066,0.3007585440288934,0.1707136068205803,14.815332555605297,0.0,0.098480540384138,3.037349875325704,1.5377446588925274,-1.5681690615571189,2.0980184516737785,0.0259131261891448,5.849666141082077,Alert
2589,86.3,0.2036002023190004,0.6318617605389742,0.39137606922827,34.19083174094275,0.7616644278468734,0.5471103712351325,27.382323089017014,15.3028696927031,19.76271654634233,11.182523491072592,0.4457378443264685,85.75607933398777,Drowsy
3332,111.06666666666666,0.1795595148268769,0.6834246468270372,0.5071087322800043,30.90124463275918,0.6590266578642295,0.6002714872302497,27.11029219283243,22.72065627890117,6.016595524117511,13.510747549116182,0.530190174167613,80.467988257712,Drowsy
1653,55.1,0.2327852402305379,0.4277105462622541,0.2684917177780209,20.65686456680447,0.3689290574734378,0.2209106696946687,13.98009041322034,10.238516923899244,9.419571726087357,1.3738150013519577,0.2299928438821471,38.83868625069236,Slightly Drowsy
3716,123.86666666666666,0.1416258260912199,0.5116165263558621,1.0315155132381075,5.523963241629638,0.1371947677163854,1.6318668674849248,34.96039727910997,25.76820707156527,14.824429882215735,18.39742266996664,0.9788618793812308,98.21435562566548,Sleep
145,4.833333333333333,0.3307204125082643,0.3042586962542101,0.1852932466583167,13.082430402291694,0.0168963911740512,0.0817228776609274,8.833674684902116,-0.6803475299640174,-8.764051450483823,0.8731196083153356,0.0580786968217239,2.18655265425842,Alert
3823,127.43333333333334,0.1351863495468005,0.3286968406028346,0.7690424656968289,8.360248595978138,0.21745183862226,1.7976971447277803,41.10137704722902,32.84548606984644,19.67290266574229,14.949051498949292,0.753319496927823,100.0,Sleep
810,27.0,0.3355835575168707,0.2759200028741335,0.1864250682339525,11.55844921034111,0.056410754296703,0.0715233292358703,3.783620148926513,0.0859721074245305,2.202319007421746,-3.075415617060005,0.051295525286283,14.20442855205297,Alert
3888,129.6,0.1328561145122707,0.3642239374835866,1.0731523311513318,9.825595171164968,0.1053727086225687,1.769293916544319,31.38237082407956,23.560544543843868,15.08649481112294,14.218003152747915,0.942676155469615,100.0,Sleep
512,17.066666666666666,0.2755150267373195,0.2471011259797477,0.1942995312240167,18.289769077831732,0.046098984650175,0.0865562214714824,5.0646839997705735,4.381195392382013,-2.432681808600749,0.7336280865708845,0.0251901978733568,15.430704687935998,Alert
1925,64.16666666666667,0.2383301281306047,0.3008191168401802,0.3044864770558141,26.21119075349832,0.29442542713421,0.1500795764442536,13.769110222725296,8.74927105673936,9.735000136856945,4.274157769275308,0.199136387333751,37.88389006635656,Slightly Drowsy
812,27.066666666666663,0.3298192090762781,0.2419287963626216,0.1762832291029439,11.20369128947092,0.0757142197585179,0.0529741919460313,3.2717401200198943,1.2496780329295,-3.013013478881719,0.2536493702699237,0.0326731664572448,11.97983819006934,Alert
3046,101.53333333333332,0.210499837414916,0.5598985430139369,0.4566325229140773,26.21147815544768,0.5828150379617539,0.4974428648546474,25.453335208174572,21.5171158978363,-2.09462720694582,13.43497426579977,0.3481833868692477,67.52825430573957,Drowsy
1721,57.36666666666667,0.250115702296533,0.3645055214615543,0.2237729276918399,16.622391037588574,0.2044996270058543,0.1438533077579789,3.0717201924016635,1.15979700724725,2.219437949474633,1.7788847716533729,0.1448639809064279,35.413799758374736,Slightly Drowsy
3872,129.06666666666666,0.1396010597221703,0.3051998328247971,0.8930337729352671,6.6095635229724525,0.0,2.2540684123160344,38.40792019657827,36.90792321532698,-0.7124346630779961,10.604997624191022,0.8583879793275062,100.0,Sleep
1160,38.66666666666666,0.3092963667251799,0.2298435858383751,0.2457491476516496,11.046083552243967,0.058805167499511,0.0451859878723932,2.308227984251845,1.002323651892267,1.2659064643003726,-1.6494679590047254,0.0517360370147131,10.466275363174464,Alert
3920,130.66666666666666,0.1616685852820082,0.2858258347347679,1.0552978458974234,8.304179100500193,0.2304133689274285,0.20907870799801132,34.919143827312084,21.13948211420006,24.77758227583915,12.591279448092044,0.8263644091214346,100.0,Sleep
2348,78.26666666666667,0.2357851204022383,0.2904597166112397,0.2283999680705266,20.69481008566889,0.3540103106826874,0.1766135248530303,12.557147109462074,12.066091913211716,3.476945325587664,0.0471240222457942,0.1610715524619841,32.947414793354646,Slightly Drowsy
252,8.4,0.2998921060085002,0.311337440076691,0.16105266812504,14.632913095094953,0.0828137605044982,0.0793277487059257,3.520587294208599,3.1368522803528363,-1.5492889316627152,-0.3929331668561943,0.0358828113823931,9.093750308013716,Alert
3637,121.23333333333332,0.1339755107356099,0.4169900624470083,1.0721935257423103,17.429845700042602,0.1122513961358878,2.15444586485546,37.20208276300964,28.711785492534933,14.633984853023476,18.586953033188585,0.8452829274520848,97.31576261680507,Sleep
953,31.766666666666666,0.3075742327333522,0.2466394873335718,0.1908898711029806,11.065924018633003,0.0102431628329842,0.1030582651240961,7.20232789463029,6.751622604305218,1.1798854144994424,2.2129143045892885,0.0350830336511203,6.697899427392029,Alert
1057,35.233333333333334,0.3112643762341073,0.3116070358357927,0.1865242044904267,16.269630962274675,0.0374222483880948,0.1065100043944251,5.4735876938552055,1.5837860392961352,-2.913569607413975,4.3546407620844425,0.0035004450607776,8.556348322623782,Alert
2257,75.23333333333333,0.2494864947929102,0.2961043446721764,0.2200114075636576,21.92657014904942,0.0063826022832235,0.1792733884068839,9.545219575165428,7.808606140099946,-0.2280660162214323,5.484967892263324,0.2276402619900276,34.69168728241616,Slightly Drowsy
3550,118.33333333333331,0.1388031251554045,0.4023046345630398,0.8555140935944316,6.903581511316316,0.2739115686617666,1.4457357466057046,41.1384813405186,34.89953562381679,6.208259836138892,20.87713031173405,0.7930458354308645,100.0,Sleep
2187,72.9,0.2113818359895969,0.3843468278699963,0.2474696271704597,20.635549309538423,0.3166296454361181,0.1946408610396481,10.184625539402376,7.006072275558556,6.03866910185439,4.263334859685081,0.1432320893048886,40.2518164788317,Slightly Drowsy
2124,70.8,0.2647557351257983,0.4383489423684996,0.4054674419328909,27.010085572757493,0.2740533558326289,0.1475001459349993,6.266158751833004,2.84822208471135,5.440760737460886,-1.2451903697989115,0.2046175700516487,27.845165395257663,Slightly Drowsy
1190,39.66666666666666,0.3333675987409049,0.3160348423337963,0.1688680791329744,12.7293371347917,0.0200885958253607,0.0774942675446112,3.864722135411183,0.9449852582272996,3.624824221956418,-0.9506468353643778,0.0239455656755016,19.267496319642017,Alert
913,30.433333333333334,0.3326091266429603,0.2610545316763216,0.1206953529315722,17.429845700042602,0.0378262051578419,0.0737414206561997,6.937155288747144,3.546390892444811,5.957029233044519,0.247058403682186,0.0356653642168707,10.568805124634745,Alert
938,31.266666666666666,0.3296541624499597,0.2745858384102906,0.2014163233227041,14.247536123718143,0.0291034108648996,0.0686637336439532,4.839140219071374,4.0272844315392415,-1.9612260894209024,1.8308059409698736,0.0644542358566386,5.358111244787565,Alert
280,9.333333333333334,0.3373180688779215,0.2355734326208655,0.2310754397438881,14.505821991057005,0.1152742759635643,0.0653393400895202,7.03350973165595,6.545154806394562,2.3254664821043494,1.1060801717047168,0.0446804890870629,10.836528511293244,Alert
1030,34.333333333333336,0.3000628625664053,0.2933182106860706,0.2007210266804591,14.356721030504076,0.1141480742186772,0.0891927463614963,4.509928812770635,4.284018043920085,0.4006962466079345,1.351328906513953,0.0240643753466164,10.151540257906108,Alert
2132,71.06666666666666,0.2433927307501273,0.4067674909637366,0.2783511702652753,29.444515886125483,0.210406954900939,0.1743794310257607,11.573483529086728,8.469561179771187,5.29577112287308,5.84524273527612,0.197922111944197,56.01326068125257,Slightly Drowsy
3112,103.73333333333332,0.1935168273948276,0.6186842248847726,0.4192398677802368,30.68805871467101,0.692056505989322,0.636833689428739,15.768889944558667,10.10544217276709,7.951715337702868,9.127329936219288,0.4229274522259426,75.59066733854212,Drowsy
1875,62.5,0.240992111183691,0.336047501323142,0.280235351114015,22.451509653048245,0.031958854701296,0.2261152148588915,13.17031037891331,5.985003904785643,11.731852701874136,0.0208786527532289,0.1453074196498267,38.83642133262345,Slightly Drowsy
1744,58.13333333333333,0.2651982568635296,0.3101566452621564,0.2557772137878628,24.270806356530517,0.2963167172008187,0.2634309827218535,11.06464016705388,10.695293834633002,2.7037112647928727,-0.852582672751157,0.2362022234241157,49.33492472253686,Slightly Drowsy
359,11.966666666666669,0.3112640168195761,0.2529600937935315,0.1913745935617837,17.07555543912697,0.026121028531157,0.0321939126506112,3.0993421355409394,0.9694481374388246,2.74042119605222,1.0752598058997591,0.0485637249562115,10.487297190219127,Alert
3118,103.93333333333334,0.2077952003566394,0.4765672439704924,0.541426080917382,17.429845700042602,0.7341586826424549,0.5636970040788573,27.362093503157887,23.389113805810776,12.776626271789302,6.196074351184814,0.4531047012938894,70.00252914530678,Drowsy
300,10.0,0.3127990281519481,0.3296485970801813,0.1053657403039476,17.19241346522047,0.0635209392440683,0.0558595670428556,5.416853882667255,-0.6882809826230947,5.029179081624609,-1.8910137598854624,0.0169329897880808,16.045610729262737,Alert
1422,47.4,0.239448053148419,0.2344888929479793,0.278453929246907,22.06014347634935,0.2579260040595443,0.2804361214165374,5.699478967108705,5.669812222898926,0.5748475053588784,0.0827054965713918,0.1879231446812639,42.82919826156608,Slightly Drowsy
2382,79.4,0.2215379377823506,0.348049389440656,0.3030500556808846,24.364283864223808,0.0512147859090138,0.2282562643461289,7.534293521921001,6.136991304074779,3.259956490005784,-2.9112884246395945,0.2397428465023151,42.28986435044288,Slightly Drowsy
1201,40.03333333333333,0.324174190583354,0.3311238116245198,0.2877752059173907,14.266674138417612,0.0798823531129649,0.0535758153628774,9.74598735127234,9.741472240356371,0.0856972883327583,3.289651897105,0.0651375606334984,16.597569695867282,Alert
1179,39.3,0.3456888178418789,0.2355050512810064,0.2127141650717098,16.612451237832985,0.0124818636462043,0.1119729518718222,2.669733736898924,-1.6421440706200952,-1.874317748332846,0.9580052481839776,0.0229286743059478,11.782363392384832,Alert
3099,103.3,0.2003183851685312,0.486473729548966,0.404139621187704,28.227748812274964,0.4383276362006508,0.6179651047944746,24.849372390088277,14.771788163818314,16.029733086674945,11.930349525245148,0.4361195024613065,78.98031101637632,Drowsy
1290,43.0,0.3077923053322127,0.2867197826017794,0.2277667522094632,13.536835212674104,0.0256704340774184,0.0862277987539285,3.45733564712232,3.1739912082360022,1.3237194665108136,-0.3559724159026901,0.000898277721637,7.877178411965838,Alert
2441,81.36666666666666,0.2008342765754838,0.5337896600190712,0.3715687898647897,21.184797438845884,0.5963470448493985,0.5687842407271166,27.300634201064188,22.69140449229853,14.41216495985216,4.765951229001317,0.519281391624531,82.12941881904825,Drowsy
416,13.866666666666667,0.3057339892449972,0.3098364025201533,0.1431244920659875,17.6302942479564,0.0505659705986303,0.0680717718406224,2.970374306198188,1.2520455689314138,2.4267578081781584,-1.1689105837008764,0.0250128462115444,10.842496727314424,Alert
3505,116.83333333333331,0.1336562488538362,0.3676860412978973,0.9056651053294348,8.37901775792853,0.1489105472202863,2.432119905762419,43.12925987732452,34.629246557004976,7.233031949273838,24.67045985142427,0.8722484275592809,100.0,Sleep
1765,58.833333333333336,0.2496104706939731,0.2635258868686959,0.2742890018731723,17.29480834749288,0.2527220761616877,0.1375582969765288,10.93015236952345,10.544422715928278,2.363339723144234,1.6425607330699696,0.1917781838920788,35.34676310796496,Slightly Drowsy
3828,127.6,0.142786616688909,0.2732714309650902,0.7697652566192361,7.0957777223564165,0.2005807354717435,1.2877190714382571,42.63276380911662,35.6828765959404,13.902200244341165,18.73535951640781,0.7818610315379346,98.30086730999544,Sleep
2504,83.46666666666667,0.1746545364195589,0.7111300515310464,0.3090201174890845,26.403616811670176,0.4381949686960454,0.6174700415202238,36.75200066991125,27.619729729649592,13.929490592125154,19.845134787805407,0.3435441876408812,67.49753988797256,Drowsy
2180,72.66666666666667,0.2447529489167996,0.3908022198506408,0.2518481312005582,24.276877711421605,0.2442395326137094,0.1891619730649222,13.19755971143872,11.066241204745264,4.311137367908457,5.755691316463375,0.2517385969950871,40.42219146813635,Slightly Drowsy
1877,62.56666666666667,0.2752085879844652,0.4438317670318482,0.2431256528028968,25.28436966920855,0.1565871280820747,0.2169961012714554,12.697767417614456,6.750387383198133,8.971800812168249,5.930628782462103,0.202791334021376,42.76100960671401,Slightly Drowsy
1092,36.4,0.2730254763811543,0.2685271730442888,0.1787501992985599,14.039771645999078,0.1565871280820747,0.0922087963961898,2.3531849775743146,1.911481402386623,-1.104174846431042,-0.8151786893193912,0.0277696839592329,15.02745033131066,Alert
3029,100.96666666666668,0.1848928081398953,0.497119139129599,0.3957241691770026,25.11659770753256,0.6548324493051333,0.6066323966264375,31.32341399161221,22.377047127088808,18.053629552911644,12.429420176669932,0.3694057178890609,71.52148517644513,Drowsy
1289,42.96666666666667,0.3087303876726633,0.3530192435282829,0.1411520434397921,17.647213471581175,0.0986026242236655,0.1180177757920737,4.424988926637968,-1.9705677467695504,-2.606494463669131,2.983886118323281,0.0024592169073938,4.946952906495436,Alert
1262,42.06666666666667,0.3248199698126567,0.3310706347966042,0.1737792969391798,14.32361660636861,0.0402993420189591,0.0337228100878625,2.465533354274259,2.051475443086698,0.905375791958618,-1.024986781761804,0.0169072610223054,8.158587730886895,Alert
656,21.866666666666667,0.3239205754024548,0.2898430672276512,0.2246879822834294,10.824094884187284,0.0961877506686688,0.1273482872805424,4.095798387369246,1.0555877811938073,-3.872826658479672,-0.8139487327467423,0.0402800993474276,13.871362004539932,Alert
643,21.433333333333334,0.302217419326263,0.2840993475652448,0.1870867093879269,11.652111075573297,0.0346245049362831,0.0758846601264565,8.997228174759316,6.014049581412795,-6.242221576172935,2.4116368414320863,0.0212640953008123,6.578486545287067,Alert
59,1.9666666666666663,0.2877509775064736,0.2346722429777734,0.1699264590212961,18.17255381322348,0.0396163459454558,0.0499371409376378,5.628694188066633,1.3856423397851392,-0.8181707092430115,3.289651897105,0.0389141026696437,10.725320534677316,Alert
77,2.566666666666667,0.3587625123203519,0.2450576085741423,0.2095296719542975,13.465027889436229,0.0480214516139026,0.093496389843332,1.441490433985885,-0.8068050539057463,1.147229238552152,0.3329044164261122,0.0498490252801629,12.179672267350226,Alert
369,12.3,0.3173914301753277,0.2937657467501863,0.1578582874901582,14.453127906505124,0.0684108649992921,0.0838968468054027,3.039242864296626,-0.5492382992721421,0.6190853139763521,2.9243918774352737,0.0489727152902905,15.462449371611369,Alert
3222,107.4,0.207425262453877,0.5756227546336312,0.4674384172578061,22.319709320200403,0.4426864202311156,0.544536204631379,22.964996270027125,17.768082606143498,13.538576201262618,5.328531563782478,0.4449480690529581,76.31492154240544,Drowsy
2726,90.86666666666666,0.1578476460103564,0.7117947359879645,0.3561267439790367,23.11190520944671,0.5154862825750092,0.3846028421286898,18.096404335387412,16.092066513461813,4.31136793526401,7.0666365212119695,0.4595888913434971,74.34652049863118,Drowsy
1776,59.2,0.2894135678293298,0.4234482512715816,0.3481308370406938,18.239380317753994,0.2474536792798424,0.1827293804402651,10.305447399106734,1.1781465102416346,9.984012678222104,2.265768685735927,0.1377959347893326,37.06032353314859,Slightly Drowsy
2862,95.4,0.1996069866288541,0.5583496512702644,0.5954700841576136,24.925216315520867,0.6286582389656925,0.4707701316430017,25.191306031644483,19.605105812727192,11.209034477508148,11.162404388561267,0.5245718102383233,72.59447340857874,Drowsy
2336,77.86666666666666,0.2467645723072233,0.3243221754530623,0.2897868139628383,22.69307980202325,0.1987019033036564,0.2152690658715154,13.63059802172176,13.172381258548237,1.6197891748364062,3.1077093555053,0.1540860618979777,42.52378320859589,Slightly Drowsy
2068,68.93333333333334,0.2759039235380153,0.3606306417176121,0.2292311387858712,20.65613929287806,0.210267122176235,0.235912211257813,6.051869693094957,4.883830978189774,1.848893776781809,3.0585803178685134,0.214936992797893,32.27114763250567,Slightly Drowsy
1293,43.1,0.3490747398919334,0.2746421823431509,0.2014682720391927,13.016908977092886,0.0513582754066067,0.0727713160729937,6.030638951181831,3.916139899624272,4.298964830128734,1.5972964143822868,0.0584387320257071,15.498748051742702,Alert
3463,115.43333333333334,0.1372688534152737,0.4690082336429768,1.0799476552261824,6.787967286348259,0.1252736608845195,1.933424856034686,46.863944560380034,39.42476724060531,19.778772462172007,15.834051524233896,0.8362122344640285,100.0,Sleep
2947,98.23333333333332,0.2172030534731222,0.5413782764630874,0.5390317146883891,30.341893127294888,0.7427758277777132,0.6318068192958737,31.026356480422105,21.796704151233524,9.277072608185907,20.0368263059866,0.4478888753926174,62.063862539698825,Drowsy
125,4.166666666666667,0.3499142875416123,0.2744514649440561,0.179180863814702,11.666830102317013,0.0322687099523395,0.0623039457194619,6.029547520035073,1.5676348501914426,5.13512544042703,-2.7438022858627127,0.0077287720424651,16.941675539805612,Alert
2579,85.96666666666667,0.2136644592021661,0.4582191202855646,0.344233796286195,28.342600992279003,0.5401412968611574,0.5498978097797306,19.91556963353952,14.176776911686062,6.249324292773753,12.513786641476443,0.4708759930500524,68.26099501343863,Drowsy
3884,129.46666666666667,0.1236764788144036,0.4154622592730608,1.0044219374192416,1.0,0.069951559369499,1.8727456103844664,37.34228511786719,31.072465756416275,13.79645756281813,15.44687309321151,0.946613412273604,100.0,Sleep
2273,75.76666666666667,0.2462042650819037,0.3109154641921461,0.3010459530049338,19.880160663845206,0.1770012664076102,0.2387111544665985,10.610104409585746,9.18292623561667,4.0623382902786345,3.4271838218674557,0.1804902172252616,37.9712075976156,Slightly Drowsy
681,22.7,0.3143626644166341,0.2903429092056618,0.1632361254334512,13.219820169868168,0.0364873962323438,0.0674515853114725,5.281213188537204,5.072141375501399,1.383234096889305,0.5012564642066041,0.0561714201378023,11.198318236809532,Alert
430,14.333333333333334,0.3227949789550847,0.3152505020208834,0.1955398432917435,14.06551188193509,0.0378574269893634,0.0783816532467462,6.039192702934901,-5.926064339695139,0.6318025178929254,-0.9769521602207194,0.0718533999656576,11.44719652739782,Alert
1843,61.43333333333333,0.2658935664609024,0.2453168988814669,0.2378427660857911,23.18349113875276,0.0570425947559222,0.1640964398097255,10.659546637155405,4.550647697197091,2.9753363750166653,2.2814244794344805,0.1684351829133269,44.44069766501498,Slightly Drowsy
2346,78.2,0.2582190666141606,0.4179074777829772,0.2646652470308774,21.257954876829103,0.1089479483933568,0.2002886858435159,12.79488734491419,9.66026639335945,7.166110946911092,4.362940439077331,0.1552627533122186,36.89166476789681,Slightly Drowsy
1895,63.16666666666666,0.2558519689148166,0.3562697305440622,0.2785635838544628,18.396523927204896,0.1314292231652367,0.1921927330834169,11.591394042536123,7.949455605382526,7.792600047208443,3.231401542928587,0.2341109670301699,50.75177622349888,Slightly Drowsy
1587,52.9,0.2423211275587308,0.3532434996462149,0.2734637107707475,22.63318736328759,0.1969464330426857,0.2307246780972277,11.556593376585774,11.315636967078309,0.7437151100312684,2.226678768064258,0.2160647779569897,32.83984566568476,Slightly Drowsy
2388,79.6,0.2442625404220279,0.3297112292550723,0.2110262527841406,22.332693283067982,0.2230532309556933,0.1731599301875545,11.12945463218006,10.80727099002988,2.2556791316191216,1.406970437852463,0.2010601247243242,31.7796922293102,Slightly Drowsy
2158,71.93333333333334,0.25197430104642,0.3415559478516975,0.2864959962607836,20.530806006716155,0.1458551411562948,0.2079708885099378,11.125748451127638,7.195263700157938,8.25582338018339,1.962610302167968,0.1007658461001877,37.48594537112492,Slightly Drowsy
388,12.933333333333334,0.3556123955311737,0.2767902891549206,0.1533669146538437,16.49408019230061,0.0385282305704692,0.0951902977497221,1.6189664164306132,1.270603419353657,-0.179478430589711,0.9871204086685832,0.0458179411518001,3.3921649131716265,Alert
31,1.0333333333333334,0.3196938306788271,0.2485960969979959,0.1822741367458117,12.30709572121972,0.08900478933671,0.0770588523699572,1.2711067798113895,-0.0637429919812788,-0.9641575249589804,0.8258629085512487,0.0287255089439205,7.927429047534715,Alert
2534,84.46666666666667,0.1948471177903813,0.8302650262493722,0.4820948933370053,28.261727702668814,0.5292606453188302,0.4281938154560551,24.15081553444333,20.819407764772983,9.525129842375213,7.68674526628226,0.4466110327849059,78.93908700267087,Drowsy
204,6.8,0.3423149334574827,0.2376089824751726,0.2019229235719957,14.035682669591086,0.0118424232241342,0.0718592737414643,3.908224381429184,3.715796142391752,0.3176833593457027,1.1688259609449685,0.191037117183726,5.609426729014068,Alert
2330,77.66666666666667,0.2355386030996814,0.4158049332886276,0.2580417983487557,26.1386679825739,0.2485850064534635,0.1380987589804426,11.488406107245437,8.856325421432258,6.089919292376509,4.057321521278213,0.1743249309446795,35.4331929608846,Slightly Drowsy
3882,129.4,0.1149856234163681,0.4443843660214099,0.7030316248008773,4.88242345452277,0.2864812657773994,1.9245777700549171,38.40180350409588,28.033895974505068,15.7660008470876,20.9817159962538,0.7343872062110243,100.0,Sleep
965,32.166666666666664,0.3245728640905064,0.2151193715573306,0.1938646228817903,13.727017263748618,0.0953855879928422,0.0665616537907001,4.605594580407431,1.491704286456233,3.3666099998801062,2.7662712935563047,0.0263969526849636,11.869278830906502,Alert
933,31.1,0.3332009001136991,0.2531047569083777,0.1814728419391701,10.620731169938384,0.0774356182575168,0.0747553286123428,0.9195877683662996,0.9107229190381572,-0.0986234554573024,0.0806153986604956,0.0578986012313112,13.88433701315011,Alert
3545,118.16666666666669,0.1202303395013068,0.391419211403577,1.166941956086607,7.39599688858724,0.1048764308694404,1.5521293334218154,36.97399621939287,35.18526608541324,-2.984284773161349,10.96209338233462,0.9627446401900104,100.0,Sleep
2684,89.46666666666667,0.1962866246733441,0.595747106237369,0.3626845919116968,28.34308148690228,0.5032165407924323,0.4599070781533795,17.2805445432685,16.07754225254173,-3.928419578301334,4.969645303886483,0.363035918254683,72.93714364339573,Drowsy
479,15.966666666666669,0.2793248769783313,0.3507906580699318,0.2175762219308769,12.052451446200037,0.0608968558661444,0.0883493017964259,5.964852020317352,4.977714636933692,-2.455815079980236,2.184213567964852,0.0290418939158613,7.214095060700537,Alert
1019,33.96666666666667,0.3320960281256615,0.2785183836518926,0.2072050243911878,10.370413137078913,0.0234119637939594,0.0775784913521889,5.489988839163983,5.413900926080444,-0.1394897433796738,0.9001093423702925,0.0282084200812774,13.756666262544952,Alert
3803,126.76666666666668,0.1247512375997947,0.3940129926457388,0.8107208508563739,7.747280265136522,0.1495071061677076,1.23669098690516,30.11806190302932,28.51701066152377,9.688934655081807,0.0479684771558979,0.8375348628493612,100.0,Sleep
444,14.8,0.3258217021856724,0.2587197849971937,0.1495656081987775,10.649819822190164,0.0672886676303701,0.0663723952986085,5.997628371360366,4.41956506006301,2.981346643591317,2.747828770422899,0.0229522646785179,13.50996690306011,Alert
1780,59.333333333333336,0.2548848210572114,0.3618507188748071,0.2629155780506947,17.429845700042602,0.2372917704395963,0.1693946133156152,13.102665955795272,8.49228736640745,8.766881209606783,4.764735490261382,0.2172950096658874,42.07387895266064,Slightly Drowsy
2308,76.93333333333334,0.2618604695442616,0.4077294920255168,0.2460906308069508,20.219847870689694,0.2522877347156774,0.2268591068572834,7.959608980926334,4.624827838620913,6.4463357031269695,0.6411697083851458,0.1992422289656717,40.490891572098455,Slightly Drowsy
1106,36.86666666666667,0.2962461867487032,0.2837125401735393,0.2012337484246505,12.35126140790393,0.0568193872278765,0.0716981732654934,3.830188380683966,3.7628716473454418,0.7059515054539116,0.1130153488585347,0.0711669992028395,15.03577493311422,Alert
193,6.433333333333334,0.321022979384893,0.2449234390476484,0.2022247303626037,12.716966083821037,0.0408560033863992,0.0601130125078297,6.559165470998733,-4.405834146988276,-0.573083287800507,4.825230843225832,0.0556920857579604,10.945729284102296,Alert
568,18.933333333333334,0.2446494854373704,0.2535417252657828,0.1908132502887831,13.458692006159566,0.0124303383727197,0.1066510293533025,4.792381397879351,4.3223300338305375,-1.8147202917845244,0.9955766188355548,0.0507482400564076,14.456123696677686,Alert
1261,42.03333333333333,0.3520088005209284,0.3339510018191289,0.1543174538399726,14.278171297918725,0.0769699323369906,0.1103269493159839,4.117052482886344,3.796225743292824,0.8727402047769951,1.3330850639652614,0.0534753766867251,8.30720377698728,Alert
3362,112.06666666666666,0.2380587728234745,0.5285733865907182,0.4041388737539204,23.13500874990799,0.5528373586959334,0.6436064391586968,23.945824010602298,7.843510981818261,7.850830002141915,13.02608174126885,0.4770224467293103,74.8141282579542,Drowsy
7,0.2333333333333333,0.3181997469604916,0.3151236514262209,0.190849080751429,12.38720061348719,0.0644558242203365,0.1107607313293193,7.289376316555472,7.843510981818261,4.693930967442019,-5.239490208179489,0.0564380500875044,12.383632545497411,Alert
440,14.666666666666666,0.2937344169543049,0.310407037520677,0.1444099071867043,15.469639720344338,0.0747895513881147,0.0417736621667499,3.043373281866504,2.232448116323524,-1.405488340080947,-1.51753051587075,0.0670170466139801,9.730858567191422,Alert
290,9.666666666666666,0.3328907022110989,0.3142447739209812,0.195664276378018,11.240825428674077,0.0367684310268977,0.0643960174176507,6.667566550381637,5.326437260097601,-3.590365939278935,1.7873953787782215,0.0578590774021753,19.58781355881198,Alert
2861,95.36666666666666,0.2295417298999076,0.5882801864504179,0.4079720427219759,37.25715092030155,0.6198496893466322,0.5345304661198335,22.513075565183765,18.2873277485026,11.075689476704287,7.052752500842701,0.3436901078657983,86.00774831228716,Drowsy
3439,114.63333333333334,0.1206380897877373,0.3602477924495023,0.2877752059173907,7.8704250430108065,0.1768404352988103,2.184227673166616,39.75364453455773,31.331612120453613,21.721295506339217,11.263554378601093,0.9289791725576386,100.0,Sleep
1737,57.9,0.2772058998589982,0.3157014958762935,0.3001543973668996,22.298185754897755,0.2654149050443644,0.1906483452960113,12.145816941150793,8.65625323152656,8.4087812750848,1.3720592652705617,0.1896897692995859,29.04620987332391,Slightly Drowsy
1335,44.5,0.3099939429267028,0.3461794147013708,0.1678323792975696,12.00287113995676,0.09682715154826,0.0589791609942661,2.5663009825014247,0.2676419246323298,1.7296833615269835,1.876822847746584,0.0644095278216214,9.18291767189074,Alert
1256,41.86666666666667,0.3191170785101276,0.2518920396748329,0.1523384085846771,17.964197932751897,0.0882375224071324,0.1188716817475512,2.367572017841897,2.138633337894248,0.8637588637380009,-0.5343831313105764,0.0342583559376998,7.345422733550094,Alert
1533,51.1,0.251280976900354,0.3146635517324953,0.2877752059173907,24.33584086099199,0.1846157452574698,0.2217845001673615,10.40599121083399,5.976193322577304,6.683970608355695,5.281505785074359,0.2159451146692194,41.27720637925737,Slightly Drowsy
1026,34.2,0.3393918824903922,0.3461248858987588,0.1803410972639548,15.065391399115462,0.010784469940661,0.1227064224795191,1.6365686010253198,1.1586376969772223,-0.92464778448249,-0.6934997820164854,0.0271020828271132,8.734625772148911,Alert
2484,82.8,0.2032533901087079,0.3937071792608987,0.4854868874782445,29.281359522491847,0.3760301858973456,0.6879735211086572,21.27321953121156,20.6691884987402,1.7179100741352489,4.731099344111398,0.4005163570777674,70.71124712448197,Drowsy
1243,41.43333333333333,0.3589657004267521,0.2032223225809394,0.1938368478449639,12.711412838296535,0.1202551195051197,0.1109279737437965,6.186804415378628,2.0820895227532668,4.606892936433095,3.566229039985012,0.0414881334385229,20.905211385878665,Alert
195,6.5,0.3111489822264744,0.2599239379486084,0.1830556888578595,17.87255037873797,0.0004357169738439,0.0506494946849511,2.4414682281620403,2.411902103091292,0.1526631055680541,0.3466833287408164,0.04487906395817,10.857599663282858,Alert
451,15.033333333333331,0.3260051460986556,0.3238596488668885,0.2036975916654255,16.423922564382266,0.0630742160244175,0.0522140253957802,3.522372413083858,1.5107536721327464,3.1802692197259965,-0.1030458570492921,0.0500618073724749,10.63795725549869,Alert
2481,82.7,0.1894814204457265,0.4542611900100874,0.4443151593174205,17.429845700042602,0.5787117010732671,0.4679203347722485,24.34224068717252,23.413548867714574,6.5793255026911694,1.0309641220799186,0.5380640343318508,78.01102583989763,Drowsy
3578,119.26666666666668,0.1162503697086714,0.4229819338679105,0.8716939135482019,8.687432387895031,0.1928972097193826,1.2555070891473847,30.56191512197197,29.147219242093364,0.3632005833651064,3.289651897105,0.7617762011605065,100.0,Sleep
30,1.0,0.3167464236408079,0.2833948587747452,0.1978547107631074,11.954448291916318,0.1336954910274184,0.0598796523700059,3.956021705633241,-1.0354715319693302,3.474332620500204,1.5833253879258715,0.0524823963410431,14.06766175201788,Alert
1689,56.3,0.25265856929655,0.3840747660283562,0.2585934293132945,27.91658434355044,0.1330314938602471,0.2113390641607593,10.927046439057548,9.96911026896612,3.69084199940247,2.5288079527637715,0.1228453539820135,48.51851881678384,Slightly Drowsy
1379,45.96666666666667,0.2935462251882328,0.2936804467730686,0.1548060777795389,12.722236969178038,0.0,0.1218419714323581,4.664635712122746,3.3763923320655795,-2.3020424578144936,-2.249311376665988,0.0300870249424131,14.876060054267976,Alert
2640,88.0,0.1842581265653171,0.6583776986484102,0.5225359688797147,30.60078302054823,0.6087403124848803,0.6404755908065491,16.432735150176327,12.396026312539496,10.197570200541694,3.5189313974121585,0.3627959871164308,77.51184054736636,Drowsy
865,28.83333333333333,0.3662010047942712,0.314674879631843,0.176369369069713,15.817928148834874,0.0338518626400837,0.0965829807011908,5.3868191156409,-3.977696413209898,-3.059404001083781,1.9585194885739257,0.0350068892356216,11.67623479039524,Alert
2979,99.3,0.2269054192511939,0.5350126301531424,0.4217613265080431,33.53532687590336,0.7954527763476548,0.7615004883565822,18.57400102816524,16.12744250112525,8.355758503018649,3.8833506674538016,0.4482636627090359,67.68636815375643,Drowsy
1899,63.3,0.2187824458703838,0.3930669982071146,0.275780585313689,23.78475934474878,0.3473502401672992,0.1843699292038153,6.940718688588895,-1.183030508770429,5.924281478043089,3.4171484747316887,0.1507018449611472,42.23738883653592,Slightly Drowsy
904,30.133333333333333,0.3019413148846243,0.2820968420927826,0.1837126392757283,14.780155329316846,0.0843308172072748,0.0547407412626535,4.857643997646894,-2.777898313151219,-1.7023418436850548,3.603056815664372,0.0804434820017475,19.096307222352824,Alert
3722,124.06666666666666,0.1091607195046198,0.2554717697786399,0.8786439407401903,6.74867235342506,0.1863936650651115,2.097708287645686,36.62157528969121,27.455258624243594,14.750953790429218,19.22909027611659,0.8871182423861005,100.0,Sleep
1567,52.23333333333333,0.220737974975006,0.3721810010744912,0.2732947389804654,25.895502446985383,0.2824834191026129,0.2527443131271218,6.614090047367768,3.087369814479273,0.8635538637750448,5.785206090338597,0.1563341673863021,31.08848197539751,Slightly Drowsy
3042,101.4,0.2052647746325299,0.4507488974771896,0.2716675329136563,23.922409449896325,0.4290557706357421,0.4886703042819278,20.903500655604415,13.790721670038474,10.676191054281796,11.523509884182811,0.5153312999147015,81.25449446502196,Drowsy
890,29.666666666666668,0.3292124396709759,0.2639813052454048,0.2121442779076368,11.225624680279314,0.0629298875013424,0.0490486041172737,4.228073486272864,2.509859643789988,0.5789689253187884,3.3529099238293254,0.0087005221311644,8.870649491134609,Alert
223,7.433333333333334,0.2876934326223595,0.3041397731835818,0.1649107568834597,14.658718038327647,0.0617689651605397,0.0753118439936735,2.766026069737188,0.0405858360340087,-2.071623156948778,-1.832383830962485,0.0233635558353911,11.438132386698925,Alert
3478,115.93333333333334,0.1437267016753335,0.4047193844342838,0.91751368592878,3.849575362435636,0.2455251052586211,2.120719568144105,40.29017880989596,32.925755656963005,16.335402226138395,16.502962069326532,0.8079250624168537,100.0,Sleep
1966,65.53333333333333,0.2359491674089675,0.3842288596397114,0.3216851323445777,23.65552784238592,0.1566307370653694,0.3444540025126268,13.770162857653768,11.195007848031882,7.733369216829011,2.1175894231444894,0.1549933684684384,39.27395097335675,Slightly Drowsy
574,19.133333333333333,0.3481921573629107,0.2118430134050715,0.2093537341699965,11.973678425445934,0.0842790214793114,0.0786310701466716,3.237021769624861,2.0719389102024963,-0.5552929482636562,2.4242584084669723,0.0152082397494994,13.31431545157735,Alert
3839,127.96666666666668,0.1335554147829538,0.4214085834784653,0.8277526264089733,11.395451262188434,0.1335524761600789,1.7542570257072485,49.2779331244988,42.64048024776093,1.1966700882029535,24.671281238778125,0.8574768086448675,100.0,Sleep
3400,113.33333333333331,0.1961016342184939,0.4302452810390653,0.4816153559380166,24.876158188133157,0.6206346323204468,0.5497145756168303,26.37022216068826,13.134624304948051,18.32966381647298,13.670906537132172,0.4603241720646845,73.07467399268091,Drowsy
1724,57.46666666666667,0.2600665754769113,0.3551625297334822,0.2628631307999985,22.91491575891524,0.1668387026025879,0.2450607157474281,4.872057658179584,3.591468462073602,3.252113948730873,-0.5119130541675019,0.1661250243243962,29.887864148063667,Slightly Drowsy
2938,97.93333333333334,0.2070795924839439,0.6171908087310878,0.5251155820780815,31.006672205689405,0.7975399502709767,0.5666006884821196,20.21481606078818,17.965193270819693,6.102567473160308,6.974904253760073,0.3888142801664186,80.1044628235408,Drowsy
3541,118.03333333333332,0.1120641292629084,0.323483943714174,0.6232123706956716,5.25895338471424,0.2089404766093784,2.3219469022622703,42.657156593681655,31.23813214904061,4.120935210869343,16.91913511887992,0.8585959536400815,100.0,Sleep
655,21.83333333333333,0.3386861242856764,0.2904256666858346,0.1935046690183994,13.739103876404783,0.1210196339696019,0.0504160796328446,2.8639416596467355,2.3491291855397414,0.1950738935663403,1.626560812129186,0.023122922451502,4.484091072626611,Alert
81,2.7,0.3831733106468405,0.2614195929477888,0.1653168167244533,16.61040219267268,0.0772756595850524,0.1169341465147206,3.811517730900969,7.843510981818261,-1.0778762723611786,1.1813096613846186,0.0621740716116581,14.741362966801749,Alert
258,8.6,0.3184498997658492,0.3133007246970331,0.1690047893889584,9.740321032933204,0.0130213604748178,0.1112577753701639,1.6192603607205127,1.3150172954267396,-0.7301519381250542,-0.5996763925497611,0.0780827317914601,18.685069134263895,Alert
296,9.866666666666667,0.3392980038709169,0.2954457503094736,0.1580053140867001,14.57249098114835,0.0,0.0920649500114278,3.960636181386611,2.745396164976314,1.9159805059293071,2.1162366501743004,0.0473523968041942,12.35326598431271,Alert
2125,70.83333333333333,0.2730446677112923,0.3439149844033201,0.2850638778188076,19.38069696252831,0.0481178871821942,0.2493878111677704,12.83359057527505,11.6749548823415,2.5940489391852086,4.654823911835019,0.1643643431915838,42.32729556607373,Slightly Drowsy
986,32.86666666666667,0.3141208780437226,0.2558753181896664,0.1594501154962082,12.627183797526056,0.0262200911029311,0.0544070430330151,2.871704419391065,-0.8105002423674454,-2.48796112308411,1.1831420369061951,0.0323752542545425,10.430465328531072,Alert
3271,109.03333333333332,0.2019145369678854,0.4997733465812334,0.4157818133299286,22.39065152275916,0.3963820708070831,0.3320506997727015,27.068993747364875,20.72731151401719,7.452119400832115,15.734512904170586,0.3529101871152927,85.06958510080236,Drowsy
1867,62.23333333333333,0.2966297218511367,0.4462759278377235,0.2856466499755197,16.233072628306427,0.1955660750414062,0.1845263616805398,5.831307313301802,2.5399947193217667,5.164038508989769,0.94089217536089,0.191037117183726,38.654307190057736,Slightly Drowsy
872,29.066666666666663,0.2847696050493872,0.2263590617890783,0.1880791856868701,16.873718410025923,0.0,0.0881537947367435,7.254753126988431,3.45249884990423,4.120935210869343,1.5970026758144404,0.0575321175968435,10.777067236485053,Alert
803,26.766666666666666,0.3266290980686647,0.2572850517834395,0.206508203579825,10.584504155827704,0.0067434647704285,0.0867169452944013,5.036685021503019,3.2909916694664467,-3.735153670511985,-0.7656349619735,0.0278783233556068,9.584569583344203,Alert
722,24.066666666666663,0.3536483751959579,0.273887321901143,0.2208050439248403,13.52576626636898,0.0839833812418646,0.035628600680978,9.230651111044992,8.046944448283659,4.486374735728871,-0.5692510085073578,0.0005582194671236,12.75263972065961,Alert
671,22.366666666666667,0.3252213385633583,0.282037445447977,0.1681968631117635,9.227006352556891,0.0688193198451642,0.119446889581644,3.826193826266064,3.160628095307509,1.827406557160541,1.1448906123102036,0.047940933397648,15.580552529712628,Alert
1403,46.766666666666666,0.2778784906108215,0.3190762456934916,0.2867750987977083,19.284749037405906,0.2336778226025173,0.20907870799801132,10.96303594112499,6.457282843555325,8.753899866014095,1.3641453223622415,0.20346060630472,35.688928174934865,Slightly Drowsy
2874,95.8,0.2116210186328337,0.4707433605192915,0.3157851493835278,30.79861165093805,0.6821113505999419,0.5275438032327516,25.01290772753742,22.43878291896757,7.988723240938495,7.63720335472611,0.5626700151871091,74.74068672135662,Drowsy
1176,39.2,0.3190434679383961,0.3271335550490401,0.1911936719127302,10.303316009224256,0.0,0.0656105523132412,2.8631153694870326,0.4372314482658683,2.8294776030005,-0.0177418645791467,0.0626737699619701,6.704448653373783,Alert
843,28.1,0.3352767726277643,0.2531736749143075,0.1520064273394157,15.683681990395575,0.0401232669004218,0.0414804436310979,7.244196658899267,6.468099911511671,-1.301971386647871,2.9911434729648527,0.0655686991593143,8.132112998362476,Alert
3700,123.33333333333331,0.1194899222774024,0.2974570113517462,0.9669384156981938,6.31986539085993,0.3080268990895103,2.116326199648447,32.43788833168943,26.701078195327504,17.4605163634819,5.865099397856781,0.8613804181196855,100.0,Sleep
1018,33.93333333333333,0.3337115818385143,0.308889510923808,0.1282135811412633,13.598874891835916,0.0387955596899997,0.0743885658680289,2.0438236674948773,0.4599311407051103,-1.0383128153400456,1.6992895654133036,0.0017429729330434,18.297356815433687,Alert
3778,125.93333333333334,0.1546378125718662,0.5069465302826884,1.0184019013071288,5.822852016381445,0.2552997845432544,2.208507591454046,41.57100838254442,35.731771061307704,2.9446169815011487,21.040877015850047,0.8786561086888834,100.0,Sleep
3179,105.96666666666668,0.2070009565619109,0.5724320080746912,0.3931307115099431,28.228694604914374,0.5113308774546278,0.5159852408831116,20.346678433412524,19.584795705093818,4.506142160587958,3.289651897105,0.4751907542283794,72.44526535227064,Drowsy
1514,50.46666666666667,0.2281921560238512,0.4406679464539742,0.3157416882355644,26.756324829434902,0.157733528871166,0.2166609417886068,12.900383252186757,7.690789617821419,8.512010504806032,5.900620329574047,0.1877220321183245,32.166394975984936,Slightly Drowsy
2108,70.26666666666667,0.2416890345711471,0.3462027111953347,0.2983613561962682,20.487516602509285,0.209727323165921,0.1392235243650277,7.783677751138171,4.086594831339795,6.624174268811842,-0.075480291741186,0.2298290031041198,46.6008469253906,Slightly Drowsy
3168,105.6,0.2092585555918416,0.4937118868468651,0.3983706674081467,30.021539559332467,0.59558795883165,0.5284700414551389,24.391057179980216,17.255322846391813,12.495687339279442,11.875828465535562,0.4540759961407633,66.96654586290663,Drowsy
3957,131.9,0.1517887446897116,0.3838061920089241,1.062958426493479,6.0891024092754655,0.1616195324479111,1.4048992879582274,31.96076659493501,28.540781419227468,1.4366435914773383,14.312597685495836,0.9556034209081252,100.0,Sleep
3031,101.03333333333332,0.1942476210452687,0.4042872580329103,0.4099913487865174,21.732342461513,0.4015846131404771,0.435905551213353,29.67027775209425,22.76725649112931,18.934990380157004,1.8556812918470929,0.5506128566392143,68.61415032658365,Drowsy
412,13.733333333333333,0.3468583251192561,0.297374004120688,0.2422519511804562,16.95032043435382,0.0957717227423975,0.0522426289908839,4.065104768529115,3.909650879083556,-0.1593204050907319,-1.101963607076499,0.0433603068106505,15.567417714110189,Alert
3686,122.86666666666666,0.1483717972606154,0.3842126390049664,1.0582737488259837,6.546370428182643,0.1043659349888511,1.7346732663770663,43.84525310899024,37.66794920873054,19.016718390655107,11.912020997733096,0.7390022763281188,100.0,Sleep
3430,114.33333333333331,0.1571683208090906,0.3520897768086193,1.1690014849490278,6.23414875012268,0.062415903567064,1.5723304298834548,39.405612498566256,33.02874078140539,19.06632498347832,9.918660716360852,0.7888892594705417,100.0,Sleep
1449,48.3,0.2469930326742746,0.3295588418788317,0.2329706221333215,21.854687107561748,0.1676744439798021,0.2275338814815208,12.555672530040829,9.32787118032518,8.403199221690869,-0.1482388797000955,0.1960423323077453,36.4502661517079,Slightly Drowsy
2228,74.26666666666667,0.2741555298355119,0.3071680892647239,0.30981845818982,22.19888421752257,0.2133269199324687,0.2250249158139843,16.27598056139143,4.353013871281448,14.34899654161795,6.329700760688384,0.1587317618401855,33.07078686682944,Slightly Drowsy
752,25.066666666666663,0.3629590998940969,0.2733783436553722,0.1774098642525982,8.460443937448328,0.0421826061390894,0.0967296827592988,2.8343894104789795,-0.6693064425963628,-2.2521610034784385,1.5854220354673294,0.0104668555296389,14.982160860328513,Alert
1129,37.63333333333333,0.2990915365875928,0.2146743146532783,0.2276968678443208,12.199615057446085,0.0596417311144844,0.0920783408296675,5.898089732468276,7.843510981818261,-0.4616933219569058,-1.0788595875568372,0.043461352971411,17.07959090373427,Alert
2460,82.0,0.1844198691248645,0.5412341950638258,0.2785442927977477,26.29123394803545,0.4102229730567677,0.400082028209925,17.496228898380497,13.989077803909698,3.584746449583413,9.877920871969213,0.5237568750678019,73.56630059211176,Drowsy
2811,93.7,0.1918944381172742,0.5894204526394534,0.4525987442570626,36.167786510379145,0.8635380968465567,0.5035781603679277,23.66740136286183,13.833411211478555,16.778899278153666,9.34083296813018,0.5195111993910482,79.03221499174899,Drowsy
153,5.1,0.3102060462739044,0.2477156435425524,0.2284612706840832,13.19419882697165,0.0986863408330198,0.110426321038449,4.747701531532499,4.495777245369901,-1.2948609381541452,0.8074601806732189,0.0395160878721816,8.236861007859822,Alert
1813,60.43333333333333,0.23950196074262,0.3885804355403557,0.3291407042565965,17.66137616016817,0.0801374552540277,0.2935998528772979,8.21130620554856,6.379370242384865,5.011571182761238,1.2701728984559026,0.1995984923781086,46.67117368798953,Slightly Drowsy
1612,53.73333333333333,0.2821480909964686,0.3160431953446157,0.2032564230576279,22.035234529829037,0.3358766961900452,0.2234581252133444,10.813201166859589,9.628816900512716,4.165543049228457,2.619056256822057,0.1182036252162753,26.16163164354024,Slightly Drowsy
3542,118.06666666666666,0.0942225993547619,0.4533913692331757,0.94201625374376,8.776593049601033,0.074029350491546,2.650087073525321,32.91456115616939,28.38288284466918,9.154677043800136,13.927389768105073,0.8636365137985804,100.0,Sleep
103,3.433333333333333,0.3359682555507296,0.2399948280544331,0.2290029459690328,11.13413651745328,0.0621054186095613,0.0649144829996128,2.1840722681525198,1.8396541335175187,0.9862872309104412,0.6427144309005461,0.0484384150847057,17.885422736299724,Alert
2105,70.16666666666667,0.2589905017632042,0.3507643175493727,0.2822301241397109,25.62189139849549,0.1028764901941284,0.2551030934338167,2.005081041646065,1.70579929055366,0.8350912934120616,0.6428229115257702,0.2350773492635464,37.16652218892671,Slightly Drowsy
745,24.83333333333333,0.3213474336758302,0.2335808243317795,0.1967222567055355,15.580540785079624,0.0772935512823863,0.0989315400714677,3.722122363125336,3.510129112304058,-1.2300882346167326,-0.1416736958321804,0.0418224973450675,12.04716033335981,Alert
240,8.0,0.3080126758150189,0.2903801440799267,0.1938955438580275,14.493230664078016,0.0624523469377154,0.1139991474915276,5.07573155934246,4.678857880587215,0.5719067737950729,1.8826211615349664,0.0193495219294492,13.490888521019931,Alert
753,25.1,0.3066964027456724,0.2664001122828079,0.1462836478462321,14.945115651069708,0.1483948794011751,0.0956299447892126,3.4689594239660377,-0.1607131548513396,3.406861756474428,-0.6333590918684989,0.0674896996285511,15.013960628906489,Alert
765,25.5,0.3538090636481538,0.1972300619522971,0.241562199342658,9.73510226277316,0.0249162870091081,0.0791816492960986,4.032510240644329,1.6337983231795965,3.0192331200796643,-2.1156732372204687,0.0452153363496612,8.708362603511812,Alert
3577,119.23333333333332,0.1204166685165344,0.2610257740025078,1.1246556955125404,8.101810337869516,0.3841895118574545,1.68288310337001,32.4828672651734,25.665841585211677,2.089953441863683,3.289651897105,0.9083861147636528,100.0,Sleep
2772,92.4,0.1944662177819123,0.8558073426185624,0.4925769863755017,33.09430752571529,0.6421750854254061,0.6335393865985299,23.839304063843425,20.36786768666144,12.191615200354551,2.197021382125854,0.4650505189440058,76.90219378219301,Drowsy
811,27.03333333333333,0.2446494854373704,0.2512885038603636,0.1733092295620079,14.705090526155551,0.0438858003274309,0.0886712492038376,7.42581716428877,6.407449131343498,-1.5231503074491417,-3.430359941406841,0.056518471660613,19.061559187862663,Alert
3453,115.1,0.1593204292557587,0.3975387908180973,0.7883842371454197,4.446404154796698,0.1197163680643688,1.92682865138704,39.12740094209453,33.15198615005455,15.403378498840118,13.951173771818675,0.8391199740647726,100.0,Sleep
3193,106.43333333333334,0.2133633824978323,0.5755883358676758,0.4454837210062005,23.367643323744403,0.6322585862197045,0.5804133728451495,11.59896442063525,10.359797959953225,4.212846440300085,-3.076115526205463,0.3444061235601368,71.70744182380979,Drowsy
2371,79.03333333333333,0.2359782099724777,0.3434982676874555,0.3085089827763723,22.76477655116142,0.3714692786193934,0.1677685641210443,11.370195535429046,2.1175388549677203,11.156355931732245,-0.5771464598309572,0.2073225084559617,34.49262437658202,Slightly Drowsy
2536,84.53333333333333,0.2020927281934551,0.5594159595694997,0.3857712957160645,29.85798989521607,0.6505868747667926,0.5627297883725935,19.27419565541504,15.430320495184732,7.383584091721814,8.881582828503863,0.4434158164866441,81.74128302052056,Drowsy
1174,39.13333333333333,0.3327190832762326,0.2230111083299689,0.1269146929094258,13.839223874701885,0.0014903754050078,0.0929709349526599,2.5841646594003578,2.105657662412448,0.4961543070715889,-1.413486363284706,0.0748276731057341,23.03252028478041,Alert
2689,89.63333333333334,0.1890339773552559,0.6315287325493282,0.6257520429383371,33.02291638784597,0.5467652359171116,0.6759507759956125,29.576628481968744,26.56451325155402,1.6457753061382174,12.89941904545012,0.4938777413120244,85.80743397877573,Drowsy
1515,50.5,0.2855932377417537,0.3877993716845069,0.2556625183443543,23.422897483933436,0.0791125161237981,0.2422141226988417,5.116560838536991,1.850758895022964,3.1166620318516696,3.6111361240138735,0.2215535884792837,40.944130789389874,Slightly Drowsy
2828,94.26666666666668,0.196802123255662,0.4997519919533164,0.448782917797101,24.057895129944104,0.5068841530577164,0.6775119748297602,15.09493029217944,9.954644957812532,0.7559816458514899,11.322122417673716,0.4154878952721568,60.845185250315765,Drowsy
333,11.1,0.3311193451957899,0.251102121101925,0.1844809044681356,14.910350740136654,0.0502871386763176,0.0382704468325783,7.095211941081034,2.4012240599337003,6.637593118191727,-0.7200785375139654,0.0254384580428935,12.844457069211204,Alert
1177,39.23333333333333,0.3441316096095112,0.3052346203700822,0.1194529766570641,17.30654460315193,0.0537383396706541,0.0878408900773701,4.504175772718551,-0.1622402810710568,3.825741038765917,-2.37170465847774,0.0566418403674789,14.85574450417669,Alert
762,25.4,0.297106123971661,0.2887363310373399,0.1067788795567474,13.53927749541822,0.0417664056031462,0.0527105829276543,2.4931195866454043,-0.3206645966399897,2.428972590444724,0.4614234981499251,0.0420357666741465,12.930514006218967,Alert
1399,46.63333333333333,0.336708330740154,0.2404680047841609,0.1893937025157897,15.66896240119152,0.0,0.0575744081703643,5.857581678216495,4.220393304358604,2.628137330015785,-3.0971660672427848,0.0559004291853834,12.120930596903738,Alert
2942,98.06666666666666,0.207954298172645,0.3537859240754656,0.5322805029617609,26.25782066377442,0.5258886637661135,0.4827487736989957,22.64118696463805,18.978062593192316,11.095078826048928,5.418091289405487,0.40442988356595,75.00640326159312,Drowsy
1035,34.5,0.2922597658024242,0.2211518087899657,0.1797491763818562,16.439592229059546,0.0733981397234577,0.0811341329767853,4.29006766816974,3.197118933044337,-0.081642397133571,-2.8594484860607423,0.0115821202955311,10.640539897851465,Alert
2922,97.4,0.1980601579521448,0.6423575595568254,0.4654097550872712,34.009191288621544,0.5077478201148653,0.7191173211280336,22.822351924947508,14.110985500837389,17.905733975857707,-1.06043687559759,0.3629865564066095,77.00403361774202,Drowsy
2648,88.26666666666667,0.1784973863536063,0.6423760810137304,0.4975794757642461,21.298400870054916,0.6170680628490128,0.5572806128862606,22.991388711692693,18.45547004956865,12.019105398710217,6.59853662233678,0.4449069271259678,78.01868456573837,Drowsy
2794,93.13333333333334,0.209163231018722,0.5008943143067071,0.4355029226035727,28.652076704528955,0.4525344597101574,0.3878863645879641,24.150782189133583,17.74365192632831,15.783506215803014,4.393634964352978,0.4507773586385944,85.90185454224691,Drowsy
2133,71.1,0.2477719172919545,0.3550190025109763,0.2558445579978778,22.29983918423962,0.2184847296866363,0.2112484211982351,7.444238268177697,7.235156864228998,1.5607151330908051,0.7958371797941122,0.191037117183726,47.2655918321186,Slightly Drowsy
2099,69.96666666666667,0.2261074479360762,0.3601411599766548,0.3031311407710489,27.25989479837353,0.0766913875990817,0.2390189182268454,9.190862034732334,7.459034468821151,2.197331388701504,4.899641262648649,0.1705630059565917,44.99856282124677,Slightly Drowsy
1633,54.43333333333333,0.2436097510016193,0.385743058996758,0.265600953056764,23.442400052557108,0.3117172560364586,0.1169136136279669,11.719886099592417,9.790383044890117,-2.156219686281874,6.070819276361154,0.1545189756050855,33.4480370818718,Slightly Drowsy
3232,107.73333333333332,0.2217497750217163,0.459155357026956,0.4861261186981165,25.138047349762488,0.6011700024933163,0.6004393876246038,22.83029488260246,22.632395604490668,0.6060178170543491,2.9376480445805893,0.4347100609466529,68.15515540522476,Drowsy
1232,41.06666666666667,0.3300357414841866,0.2574644796112076,0.2133343564561338,14.975481526513509,0.094963835788065,0.0583280691065492,7.960548049752829,4.595965092899082,6.317569033089981,1.5283165998637886,0.0558069801738457,12.593093482790652,Alert
2300,76.66666666666667,0.2248107447017128,0.3098806177691757,0.2679396264119949,18.970237093975893,0.338116509750295,0.1919929745280595,12.342975244802274,10.114121649849238,6.054549556000817,3.660056122490883,0.1816128484295835,48.25124202724513,Slightly Drowsy
1115,37.16666666666666,0.2778998995550958,0.255183988418976,0.2044824313234181,16.940860140428637,0.0,0.0942605170086589,3.639484947641801,-2.8683496816548084,-0.2680075964131379,2.2240936842064127,0.0289696853979403,5.277893434915982,Alert
2313,77.1,0.2607043029521939,0.3384661804019892,0.2733473176028126,22.84684390812354,0.2694543418442576,0.168305229432774,9.283864129985057,-3.572015726404228,6.718332597542587,5.319289796875212,0.1880013664852068,40.98926788434326,Slightly Drowsy
1565,52.16666666666666,0.2233034636482301,0.353796138694848,0.3454442044238528,24.880007279741733,0.1261504652610776,0.1971028372143086,7.880160285653778,4.079682908858418,3.74994492729116,5.602769541311408,0.2061203175323961,55.60658893497021,Slightly Drowsy
3497,116.56666666666666,0.1175608270227122,0.3107684059131831,0.8577850907344229,4.047881628262954,0.1726786026447543,2.226141018595875,37.54996109088523,31.326060783910847,7.555076622193305,19.2768854051298,0.8737505196879767,100.0,Sleep
3569,118.96666666666668,0.1062537937800322,0.3588041615370008,0.972858423823211,5.935120415853266,0.2554052925863015,1.4640341638782444,30.68773542736165,24.58361090196593,6.593674488256887,17.14370547528742,0.7279172997540932,100.0,Sleep
555,18.5,0.321803830920544,0.3058383030785657,0.1456998302674841,14.218684384201849,0.0593217180611793,0.0656387043276347,2.4286798908035525,0.5303592377299995,0.6918325462986433,-2.266842036585246,0.0469984743049878,8.146364040214555,Alert
1310,43.66666666666666,0.3261529426594146,0.2781010888997549,0.1410926216018405,16.17704387965866,0.0797404268133838,0.0664886294281756,4.693411054436956,3.768718018013405,1.1247230589023274,-2.5612242907222167,0.0229214217085728,16.190493701668846,Alert
3836,127.86666666666666,0.0891582093174884,0.3684471973639097,1.1351220481192943,3.2105171153473773,0.1676403610621393,1.132423486807146,40.80875014152648,35.65519267234549,15.690949968309573,12.159581107236532,0.8165640375012274,99.11385766965692,Sleep
3376,112.53333333333332,0.2013032481016924,0.5809958239614212,0.4658074120830808,31.63590193875199,0.432983144002188,0.6224747094616427,20.61751387332416,18.83529334388651,-0.8425222258948342,8.342886746524371,0.3485647539377571,71.16874629505743,Drowsy
1136,37.86666666666667,0.3166031737909051,0.2902605028863039,0.2206035468442835,13.973608912797866,0.0874461437651284,0.0940119079455425,4.923949715416254,2.3086438904228563,-3.2685402248203665,-2.8691617218086978,0.0421301080283837,9.649855097819946,Alert
3284,109.46666666666668,0.2107333299249476,0.4651622306062539,0.4744961381997684,30.45804936304752,0.6801111144163287,0.5115731830707435,17.977046748363694,12.430187175874092,5.296088060436551,11.858166292546686,0.5857226128740671,81.8313632440488,Drowsy
2658,88.6,0.2446494854373704,0.4488565861412117,0.5076107949846991,24.351677523903355,0.5169983833293943,0.5422259347168701,18.22523390323391,11.612973056850413,7.83509690719816,11.65801286940733,0.4910617722872489,82.99349163779797,Drowsy
1322,44.06666666666667,0.320400916575337,0.3114859558292792,0.2074551645215586,13.42283972200516,0.0,0.0849236788859193,5.143555799289756,-0.2957903433210029,-4.469808613920668,-2.527743121467433,0.0465276201569112,17.12406905751194,Alert
3415,113.83333333333331,0.1407146549439969,0.3271842648904012,0.8054465411572783,6.896306800213853,0.1029971372016682,1.4340012734556775,42.43797358551687,41.15983339999712,7.2357070499092035,7.382022759203803,0.7873045289263108,100.0,Sleep
3180,106.0,0.1937897170350187,0.3471203447323339,0.5174157947523644,30.35807295362062,0.6349682542374196,0.5887325620397745,16.39819422960203,10.420215231548678,11.37399378807491,5.563465990620204,0.3726000026336522,76.70364322699297,Drowsy
1558,51.93333333333333,0.2512430181217145,0.3525343289064162,0.1773552245627034,20.46051357914858,0.3431550968861898,0.2005160518227322,8.170271860964528,5.924485564638487,4.0676247823604506,3.886932171570021,0.2063528097875785,39.28542317495036,Slightly Drowsy
1654,55.13333333333333,0.239107532213234,0.3464000013845932,0.2551174066022018,24.87754751430007,0.2213768524116044,0.1803510234153155,10.038992546101648,9.360767616041876,2.899270250454616,2.1798240740883084,0.1819473553960617,43.6054521987792,Slightly Drowsy
3008,100.26666666666668,0.1943322667638849,0.780480477526604,0.4161003489113071,30.04957378572132,0.7751092867109477,0.4548521319096178,18.021239305215254,16.453698889892195,7.093804398192757,1.9284185481312333,0.5498556161982039,73.64383993520414,Drowsy
3259,108.63333333333334,0.2060754019070214,0.5664469257132649,0.314501762613622,23.105787302046014,0.67526506898281,0.6197409148394913,14.374412910925242,13.748030014025328,3.790834087513299,-1.8013867403143209,0.542990838140492,76.5257233751349,Drowsy
1451,48.36666666666667,0.2551895764617295,0.3609398095992746,0.2457786932037753,26.128383936627085,0.2413820341889045,0.2251695272118096,10.439477744258523,5.22364029765981,7.336402287640274,5.279533983927005,0.1532488704487551,31.56609433247012,Slightly Drowsy
2779,92.63333333333334,0.2125059350837759,0.7473709431489806,0.4616932587363594,22.63498817969754,0.5579968002602109,0.5741556794205381,26.65543777173196,24.335843185441245,8.819413627433782,6.363728665218461,0.3440164202683387,79.99244530075111,Drowsy
3899,129.96666666666667,0.2446494854373704,0.3750140291066118,0.8955739911772747,3.851968057220637,0.2212501740952146,1.7014890336904729,38.97988968846114,30.352765185687705,18.10484379551945,16.442508228580714,0.8616000090066542,100.0,Sleep
3454,115.13333333333334,0.1032563515407117,0.3763225027013792,0.8634118916308441,2.694339558430538,0.3434306062429187,1.908956262095492,37.188566680653565,30.08517117880893,11.402104065829471,18.65111229324343,0.7570159792634388,100.0,Sleep
1648,54.93333333333333,0.2588675196420475,0.4461313830352275,0.1595790993474593,24.412838900414688,0.1872513140194828,0.1660081998790822,15.426669642041665,9.803950043691838,10.838823602429322,4.938076822094384,0.1651523219495389,35.3808160354554,Slightly Drowsy
3089,102.96666666666668,0.2068264641191949,0.6152710601106075,0.4103304062539978,25.499289049536305,0.5919456383397514,0.7441111475506024,12.608604963328457,10.2962338736651,-2.175113716640164,6.945024655085549,0.5121592956345622,76.18259253107288,Drowsy
3588,119.6,0.1279888808372908,0.3305177925638938,0.8945201625821918,3.956744822158868,0.2191013108291541,2.161485598864357,46.279360923541645,40.92039991121463,17.03837363845016,13.303907033434406,0.812482942152345,100.0,Sleep
1072,35.733333333333334,0.3047098713448853,0.2157398150825109,0.1667646992761871,11.159062083240356,0.0592659228644369,0.0668793048351869,6.916451874796325,4.779078685352629,4.811598201803597,1.3587627460238123,0.0089794763603336,17.479506732308227,Alert
3619,120.63333333333334,0.1587154607264639,0.3478757778106293,0.2877752059173907,7.323033242555295,0.0326539224049144,1.8132904288556129,36.00253062112965,28.06019579365508,18.717214490861345,12.58862601121386,0.9459815822162786,100.0,Sleep
1042,34.733333333333334,0.2986118078014844,0.21655452122244,0.1490240017137176,20.10313961316335,0.0743803958484976,0.118345759372115,4.70353476246256,4.072746100045839,-2.225529483025426,-0.763542393348086,0.0517687236048061,13.618864803645115,Alert
1554,51.8,0.2768549520663353,0.3272777133224346,0.3051790598845791,21.795521913180487,0.0526747506812351,0.2451437626991432,6.417145188243363,-2.6524877034157868,-3.936512267030436,4.318325198701679,0.2010828479471246,35.591649511945946,Slightly Drowsy
1361,45.36666666666667,0.3357234777424118,0.2755493021297054,0.1886180378736237,13.905213304668075,0.0539410409962155,0.0759911003464555,8.37167899128516,2.044931448420771,8.094121370452278,0.6232685976148498,0.0529059391686208,13.427605646549903,Alert
1722,57.4,0.2502767144644479,0.323991854816009,0.2828278808665936,20.66836012358933,0.2134120124309324,0.2351282226174658,14.43913272687165,9.937367458867085,9.152841884264332,5.095367242242901,0.1895423012616721,38.15631549102702,Slightly Drowsy
1594,53.13333333333333,0.2839103163849971,0.2576416557418264,0.3382163792868812,21.841850650511933,0.2802063851417275,0.2145536173717045,11.45865088365723,8.211120438187807,6.2170179041060845,5.022635722719446,0.1668467669365104,45.96530024397046,Slightly Drowsy
347,11.566666666666666,0.320867843718814,0.2111023525296681,0.1996492675266507,16.026996613979275,0.0102454930066058,0.0884038308578998,2.54982954820586,-0.1412455935229974,0.2930111302450062,-2.5289968139099317,0.0041378709493084,9.234554404586738,Alert
949,31.633333333333333,0.3476615442703018,0.2362424390936819,0.1673251231370269,16.569296871948833,0.0626209176368101,0.0790428214469448,4.049020735733244,2.6275088578753665,0.5382425131465239,-3.0333250925718427,0.0330147622930407,17.708904968078937,Alert
2634,87.8,0.1930204655385297,0.7016177473174826,0.4903673418077511,32.4365465482716,0.441266455237313,0.4969820316824264,23.443021564203452,12.801408211605198,14.807569276214895,12.900972831133776,0.3980157941572941,72.9245345146827,Drowsy
1095,36.5,0.3526395678952631,0.2550341184901926,0.1721416498072693,8.159825987446842,0.1193905117249431,0.0585906351395985,2.840425899218063,2.817277160597937,-0.3042234891655918,-0.1960019335666798,0.0561972396974175,18.232804003537364,Alert
863,28.766666666666666,0.284775981330199,0.2896250804402134,0.135236939485639,17.23801768167411,0.043517515918527,0.1039035482302283,1.2103623570084827,0.7994639146690015,0.8065523592029757,0.4186977146693775,0.0390991176397815,10.16021706583782,Alert
3301,110.03333333333332,0.2070458182098967,0.3644910258569865,0.410647824730549,25.01987729784613,0.3927798480107971,0.466406659889624,26.141515487464225,18.006395901847547,18.482731124670565,4.187742683164017,0.3609794895496011,69.63021596377465,Drowsy
732,24.4,0.3154188689197679,0.2295331375360867,0.2083778875581113,16.382940635823385,0.0815630080559964,0.0674155865430527,3.88999003158229,0.2332330790674857,-3.8793667512149113,0.1677450035218672,0.0183918534144299,6.371890557376183,Alert
2311,77.03333333333333,0.274322544953432,0.3851707121774661,0.2383639254210844,23.570977909695262,0.1181625692105546,0.2642583347191456,12.196831329732165,9.848253607227338,3.715405751235859,6.162009045542959,0.191037117183726,35.637255703380944,Slightly Drowsy
1591,53.03333333333333,0.2135493131262679,0.3056033270685462,0.2952852510356322,18.532558716623186,0.1564341654540966,0.2197234560819175,9.50888562844738,4.972848505985745,7.291368292865432,3.5391569687151607,0.1974273244769801,47.98697381813216,Slightly Drowsy
2358,78.6,0.2784199832843363,0.4221614571481197,0.2807237392624201,22.524711960702483,0.1068311781019223,0.2528577096094137,10.378169749999174,3.542815196289365,7.37896444449367,6.380105921662845,0.1819262221687803,46.11265935751584,Slightly Drowsy
1919,63.96666666666667,0.2182374014800891,0.4670991320073968,0.252614808112898,21.082876723554968,0.1656524919604228,0.1570757034360529,16.62521280498345,13.737895933779216,7.155578523137947,6.038676355199469,0.1310532291175691,42.60954529477387,Slightly Drowsy
179,5.966666666666667,0.3464014202266513,0.2878133619945206,0.1783531799815114,14.713885187144143,0.0708448971351735,0.0929043117190011,3.4224828372335256,3.389011165008621,0.2687420437657464,-0.3946768406146522,0.0369745343269297,10.84686878651883,Alert
1927,64.23333333333333,0.2752637824603606,0.4321295810722686,0.2656517503693533,20.249408159191336,0.1874923861200651,0.2015429296790501,15.43217433379513,12.008569230438392,8.663546957873667,4.346173468136236,0.1227525293661245,30.50878879480229,Slightly Drowsy
3207,106.9,0.1991872127890907,0.3774613948421533,0.435515728222761,33.631142043335274,0.4680645269798504,0.6618603577400892,28.059667406028595,18.878623565174983,13.881289327125138,15.435423992816173,0.3113915264842208,79.82111617431542,Drowsy
832,27.73333333333333,0.315570797122131,0.288711288919664,0.1682653088324147,12.927406879768336,0.0,0.0750409158534422,1.9316799567543432,0.8000796346281838,-1.5479429680472387,0.8337461251800807,0.0531726390558102,12.709502440211503,Alert
3164,105.46666666666668,0.1818378981465472,0.5254056649987614,0.283316592495788,28.36300266453798,0.5011074309836604,0.6361675044492681,19.24915823387459,8.070757332284423,10.038071858803823,14.304897138868558,0.4872780929565713,81.96688577243062,Drowsy
3043,101.43333333333334,0.1838427504353893,0.545890079331984,0.2877752059173907,20.868695501621907,0.7117876053310157,0.4503896663610321,24.727212105905185,19.468826437920413,12.476710701814174,8.759652146277883,0.5959931025941805,75.30969875961159,Drowsy
1538,51.266666666666666,0.2518947695166581,0.3794137127463217,0.3991941806694859,18.038965339901196,0.1323969190626979,0.1447771593021201,8.152293826420433,6.185902665475799,4.982073773309441,1.8366937041473064,0.1584109280739292,41.189039154654,Slightly Drowsy
1845,61.5,0.2962321875060127,0.3562585728340401,0.3047135287551689,15.204070833774692,0.1311480694468216,0.1565234522033315,8.757231378458156,3.6596709684407993,5.66215197534801,5.588912669443524,0.1937852201853804,38.60538692142213,Slightly Drowsy
26,0.8666666666666667,0.3315525868565818,0.2869670893450715,0.1619934936852361,14.174505212475047,0.0345874561255295,0.0822703469050249,6.490701509852573,3.6553266863026166,4.758050448436056,-2.475630997653698,0.0826606674931253,4.41620289734421,Alert
2291,76.36666666666666,0.2285939516857071,0.3336275483537272,0.2775866911031973,24.409730924937328,0.0733208479109506,0.1774478614278249,6.690830552986524,5.590646040202292,3.6671136823878823,-0.2533132100621169,0.1712986888650666,38.49853623507834,Slightly Drowsy
3674,122.46666666666668,0.1374167058490313,0.4141064893095272,0.9001939131261727,6.360056011760386,0.1780577028191655,1.7360994724718144,44.81939059209716,38.77409339309428,15.237213292241472,16.52800005074145,0.8370429559728123,100.0,Sleep
1000,33.333333333333336,0.3401235643409337,0.2765928910887544,0.2033632292393334,12.51331753209458,0.0330972632391512,0.0537502261932737,3.645966975359224,2.6035227909251173,0.9757550275630322,2.3585263171584585,0.0558228000871176,10.59137399409026,Alert
174,5.8,0.3292410548049523,0.276244424959852,0.1934315077743083,10.072809619828751,0.0049293012436077,0.0561214998720188,7.244750574059157,2.357357736909267,5.197544998455276,4.462600292385265,0.0527610220288151,13.764017580116546,Alert
3590,119.66666666666669,0.12434480562409,0.4310201331788264,0.8859561745357447,5.750430835217736,0.0470644478006802,1.9958168928815263,42.06620054009468,28.26335799179783,25.052093551351238,18.52405008634142,0.8567599818982117,100.0,Sleep
3078,102.6,0.1973460358714305,0.4222033717035611,0.4832448668345436,23.684061064840744,0.5540493988576256,0.600049109364238,26.51657126148011,20.929457156849068,14.629051226892608,7.146833899407777,0.4740244645572781,72.20906209101862,Drowsy
332,11.066666666666666,0.3154357756405115,0.2453514772606795,0.1789497716998129,11.972497840927888,0.0054381419935202,0.0851732229571077,3.5594606579990686,2.5318494396441507,2.3486212048457173,-0.8622511391501981,0.0481610569367351,13.891256983605723,Alert
2776,92.53333333333332,0.1619370134750716,0.5580236385459315,0.4420683767468938,28.48328360030777,0.5119880229260558,0.4209513030443673,31.7191321322847,25.711484890223105,16.955977589984197,7.58404324441247,0.405818075126866,72.10786692217889,Drowsy
431,14.366666666666667,0.2902759145116259,0.2782541946055159,0.1486163674481248,15.183518539281168,0.0616378945735794,0.0991567926221653,2.7320443992013503,0.0227955207635863,0.1020242886844404,-2.7300435908532705,0.0540298956384942,13.937126887156362,Alert
3978,132.6,0.1248438505363389,0.3526919606252612,1.0825707195339462,6.167643582629244,0.0633032077873952,1.588837165362384,43.53126816081198,34.89593271010516,15.397965493532835,20.97970082342234,0.917725299528437,100.0,Sleep
2032,67.73333333333333,0.2447902293437329,0.3991520453643221,0.2742651894011213,17.821984262059456,0.3336574636942064,0.2174249951802874,8.749680010365148,6.110619509405745,4.658554125798953,4.185104891404145,0.1228457354442625,41.07312301723181,Slightly Drowsy
1685,56.16666666666666,0.2622221219089204,0.3033558593322863,0.21707965829402,22.22077186400234,0.0642833476442823,0.1480478578379255,11.90855086840676,9.648079414772512,3.180858969577057,6.213717374272464,0.1318074263625017,39.38817033269863,Slightly Drowsy
1427,47.56666666666667,0.2375947140666464,0.3746873675836999,0.2930638383966543,20.203404188480185,0.2626985117402302,0.144076079412725,9.038273439050686,6.144600575618713,6.223433837269627,2.2810396310197576,0.1717298238628291,39.727722254421806,Slightly Drowsy
480,16.0,0.3381034139828624,0.325176544844285,0.2576372692059205,11.000686837274468,0.0779567874032315,0.0718039751241293,6.442694370129301,3.958396776310078,-4.411468653693752,-2.525539551397128,0.0244825035366703,12.127576308028576,Alert
2597,86.56666666666666,0.173637753212691,0.5308051042326968,0.4735319932618148,31.159513626295382,0.5784925188781913,0.4314057796831866,12.358294392759678,5.477666954599755,9.39866590373077,5.864101317563488,0.35161997931214,79.37529755278271,Drowsy
1503,50.1,0.2570402318218173,0.3493161414705892,0.244022080949613,16.949889990798074,0.1206846172483074,0.1648157476334404,9.266625358823344,8.381870071442618,1.8953385157592504,3.467317631386244,0.2312791344950674,40.56438709506422,Slightly Drowsy
2556,85.2,0.2089755078593005,0.6037159743550995,0.4201562127634278,30.47059939204862,0.6209280323602073,0.5270284160588232,29.727866819265664,25.67143487651829,5.64955037796099,13.885462813012666,0.4242360399571756,70.50299522354291,Drowsy
1789,59.63333333333333,0.2350006094405468,0.3176365027890185,0.2207152651826395,18.72034360182883,0.2082573007812734,0.1715119590059749,10.607615529072142,-6.49731365234209,8.297093189680487,-1.210234323368514,0.2035691313954654,39.53142512515855,Slightly Drowsy
1761,58.7,0.2670839929722563,0.3484273892506173,0.3120714073731394,18.477921980424195,0.1870842293464106,0.1971954342368787,14.321222204414164,11.29236480372672,4.830509592063633,7.365193795735488,0.1260926080021007,41.02514098933639,Slightly Drowsy
3114,103.8,0.2051579529934331,0.4761366835154538,0.420995638548389,29.45986061881841,0.5101298740231736,0.5503303356888268,23.240830828493717,22.03412307676732,6.891842922886886,2.6713552670484537,0.191037117183726,84.5935203532397,Drowsy
3772,125.73333333333332,0.1146779729948983,0.3874477838207913,1.238224673195224,5.08082490812748,0.1364649256880415,1.971384415578193,32.09367360738685,26.103761422122297,10.613686499274676,15.360572389384233,0.8150746931004029,96.89896659984092,Sleep
1962,65.4,0.2679262037155732,0.2969512620545698,0.2903091896484421,24.958448603060532,0.199783333852132,0.1355722282033102,9.531849910237645,8.35174044131876,3.781412220942119,2.6087383784978613,0.1581265101695814,40.5285103840202,Slightly Drowsy
1815,60.5,0.2506496410950649,0.3119238656335392,0.2345843470450707,12.845858639986526,0.3397789862807913,0.2222292527641201,7.923016795499507,6.591325575427932,1.3311070524534077,-4.190080705116042,0.1508588449511406,44.26734122944583,Slightly Drowsy
325,10.833333333333334,0.343959645496051,0.2818081341897878,0.186872240646171,16.685795031788903,0.0589735862711233,0.0980803510952263,4.181100544788662,1.2562944978153747,3.93595121572184,0.6415714518653678,0.0438810388721174,6.391558990635114,Alert
1457,48.56666666666667,0.2270231976076827,0.3190523777513139,0.3081397409084469,25.480435984261707,0.2014284241185739,0.2990125520374441,10.381914264160525,9.884533272094735,3.0260757214683984,0.9607348797516396,0.1410046278144383,42.44010383613117,Slightly Drowsy
469,15.633333333333333,0.3386652841150539,0.2913952235875475,0.2482747628294291,11.869438392506687,0.070724068081199,0.0694159798037697,0.3263892728634796,-0.1732174674716096,-0.0326014111049164,0.274704958814072,0.0983634711012018,11.227383546549357,Alert
562,18.73333333333333,0.2446494854373704,0.2666478704811568,0.140385196697849,14.843705186815995,0.0394676877248833,0.0768595034311058,5.188348217879455,-1.0254023585353944,4.774201103288412,1.7534283727722322,0.0592831176834395,10.265252054920785,Alert
1779,59.3,0.2001943658324734,0.3266760036518259,0.2493738685901849,21.012441624043877,0.0514854760051037,0.2161555237896247,10.659546637155405,2.543935120440354,8.529622162837075,1.4455857810279191,0.1761754790635231,40.32061653360984,Slightly Drowsy
2612,87.06666666666666,0.1719362662205325,0.532030869902111,0.4157671884541647,32.32266917621884,0.5924279037250202,0.3772704821333508,27.6972577184961,24.197397218732263,12.912770337547409,3.858032552148277,0.4155224626649525,67.01043416346447,Drowsy
2094,69.8,0.2550108925664672,0.3368283543009601,0.2271091408563529,17.693333796379623,0.2331413519833113,0.1557029981759716,14.38479347358983,7.364018981019993,12.171779444540125,2.131030942637949,0.1415422222410248,42.33792198420189,Slightly Drowsy
2447,81.56666666666666,0.226666716443933,0.5433137462190112,0.449950394931691,31.01751996036701,0.6963076165110447,0.4150744740195455,25.41225960273724,12.409941459822008,8.120431373535771,20.63576713835465,0.4216972006221348,73.75872055067316,Drowsy
2755,91.83333333333331,0.2046289329950629,0.5743844227778802,0.4672008399051012,33.76850611573064,0.6464529187296632,0.4180596780498578,26.035400343770444,17.4283445047033,9.91615790662123,16.606164254780023,0.4169146173128171,68.51948395017412,Drowsy
1172,39.06666666666667,0.2666720195570472,0.2440651327875157,0.1851124625277933,14.338795006979488,0.0410900714739191,0.0873783440581649,2.4253356752898267,2.0291292692131138,0.362311396654085,-1.2781306656640323,0.0596402197224318,10.413178196905296,Alert
62,2.066666666666667,0.2681652441897962,0.2680059342071878,0.1688567740201262,10.481220763205446,0.0188873324963649,0.0577884830906834,7.420234736137793,6.380676108559057,2.807035179442384,2.543110189988317,0.0544334412808647,8.110902656313204,Alert
3265,108.83333333333331,0.1708498574541494,0.4556035209372807,0.4174230815746546,26.2663479526926,0.4761527645715659,0.5547753308571568,26.92164836784013,13.749154557339924,23.00634472371777,2.53850394001499,0.5021116680815786,73.72426791046976,Drowsy
3410,113.66666666666669,0.140009837784765,0.4453735294215626,0.6919890901563732,6.448989963944223,0.1738540562221975,1.8931268315001053,40.1238405216896,30.300193507355157,22.302511527477314,13.94341533461418,0.8497771640568824,100.0,Sleep
2103,70.1,0.2476224247372036,0.2470223343672204,0.3107596614537967,14.813959215533732,0.2535670152718542,0.1482876284028735,11.843249624431152,5.582784582537752,6.076522587797717,8.495348798698707,0.1846580791082939,28.01323355407813,Slightly Drowsy
255,8.5,0.3192140207406306,0.2503049978033215,0.197193834397236,9.535333770164724,0.0356148131019015,0.0860221467838348,8.474129913369449,2.4595862908062607,8.07910099194149,0.6996000491358151,0.0199189080631597,11.011103544447494,Alert
3323,110.76666666666668,0.2401034863616847,0.4084092599304889,0.4005201706857451,31.13074921091574,0.579543092586181,0.7143186270299071,26.55767054155312,21.60006827863754,9.512295692572838,12.176335475377432,0.521291556210786,71.12302946905562,Drowsy
2923,97.43333333333334,0.192791982329424,0.5325251380097438,0.4529155644112498,22.640938263428254,0.416088446215292,0.5732122048808421,24.35426838207545,14.6683352408911,18.04620315376701,7.23221137826886,0.4903125870174781,78.84021091082695,Drowsy
1076,35.86666666666667,0.3405480370603975,0.3388267999685866,0.1799326139472863,11.954994538145634,0.1565871280820747,0.0689893206359859,3.490924364733302,7.843510981818261,1.299552201814628,-3.2074589500597908,0.0111214215501554,11.453944912867978,Alert
3861,128.7,0.1217293216290305,0.4132001343976985,0.9566039242117284,6.893263063681597,0.169944302733941,2.0206901256920555,33.814629155849666,21.414784648367963,22.94701361520509,12.58056872940386,0.854618597001238,100.0,Sleep
1056,35.2,0.2930564016267414,0.2518473474383084,0.1867736410225656,10.79627256782794,0.0200475331590569,0.0932654676252895,8.818941462793418,8.506199687185783,1.4327664586590143,-1.834523284354575,0.0326577165985537,12.468338683492044,Alert
2584,86.13333333333334,0.2220695548610437,0.530818661626241,0.5622638714969175,29.513048888801737,0.5619714602520879,0.3000730460381419,19.104277236311745,13.606970132866584,10.123124017449657,8.794665010815915,0.3549616400243831,68.93644958203939,Drowsy
1378,45.93333333333333,0.3240243874396789,0.3327697694759678,0.1677398296288187,15.475675777688306,0.0459093459912963,0.0542123582179321,5.050724058188719,3.837028358776043,-3.284076132082114,0.0432532611871294,0.0331695916998939,15.60936223900172,Alert
68,2.2666666666666666,0.3445672745986378,0.3382916055561902,0.2104311019505439,9.397814421670889,0.0,0.0675036284460864,2.9637340008543003,2.0652276255270845,1.5529770614073692,-1.4514876263069312,0.0437353352895415,8.807264217026683,Alert
1643,54.766666666666666,0.2376628933379284,0.4023361169385421,0.3193862319255044,24.743381920113304,0.263436928435638,0.2227611814903903,10.14134494772556,7.460329555273548,3.2984812627160776,6.025809624853883,0.1650511651803826,42.97679732860495,Slightly Drowsy
3064,102.13333333333334,0.2127235453966861,0.6746013822926349,0.4783209831990017,17.429845700042602,0.7462755400930338,0.4555176106356236,28.21979671190552,7.843510981818261,15.71785761136551,3.289651897105,0.3139960231754107,75.8755929859993,Drowsy
222,7.4,0.2945083915326971,0.2791756747194017,0.1747693722629149,14.563269805102356,0.0352189228466656,0.0773705480865666,5.344755437463898,4.065117928603765,-1.3102927117146523,-3.213154201477358,0.0749916780841084,17.972056129798837,Alert
1984,66.13333333333334,0.2617324976523364,0.3822739587343763,0.2780072667637599,20.513748348794312,0.2329776554852358,0.1952644865062308,14.769362421367848,7.843510981818261,6.345636039879608,0.6914609375241132,0.1608960019450539,41.29749695615679,Slightly Drowsy
2425,80.83333333333333,0.1778120742181924,0.4657281437753037,0.3589224115095453,32.301465740563216,0.5621054877536316,0.7982677762174322,20.79064941694389,14.455446375047057,4.8468385231262845,14.135039073421314,0.5140583922447695,78.43562783748054,Drowsy
1676,55.86666666666667,0.2519338140577364,0.3619748380601094,0.2539040615815009,21.51948126231372,0.1855917918918913,0.199697413613014,15.128869323181046,10.30230886353448,11.042512138497967,0.8989130933257328,0.1643202550084914,35.76776572383991,Slightly Drowsy
1861,62.03333333333333,0.2540519704895215,0.253018621822322,0.297566816977293,24.253695536036545,0.0561537312045695,0.160832782548896,9.121548992103085,7.278883429458949,3.426121078782409,4.299093670671477,0.1743545271393453,47.54272812018458,Slightly Drowsy
89,2.966666666666667,0.3189960512338914,0.2299228714258683,0.1838431324473236,12.297370856312796,0.0836257419595489,0.0669475204139521,5.808099096018691,0.8845414169630508,-5.668622192836593,-0.9046126384981534,0.0,4.600488795011622,Alert
1357,45.23333333333333,0.3449097106410752,0.3450156806827383,0.1781915775291605,11.472796258525996,0.0444481439621785,0.0354647695008554,3.1146592243785705,1.9052832474453956,2.4629014179389874,-0.0715152887470284,0.0343172089062206,13.859773596539966,Alert
3933,131.1,0.1161372251692553,0.3197383677401171,0.9077717447953838,8.511691346448396,0.1922136377819807,1.7461515994717605,10.659546637155405,30.106356650553558,11.766911422112363,18.6932341498163,0.91882681028592,100.0,Sleep
2847,94.9,0.2165638772934373,0.3564183367197554,0.5150498252402077,32.763103505017924,0.6174116187857268,0.3940912556318582,27.35925852688845,21.413263587821127,16.04318113601157,5.711174020876511,0.4708793699190239,72.67724545458746,Drowsy
2628,87.6,0.192434922654862,0.4499008102429077,0.4766636183549122,28.76157803541876,0.7049805286760853,0.5445922150699507,21.093517951409112,19.692439010521365,6.653755110109134,3.5877413950856845,0.4984333704283061,84.61638765014041,Drowsy
1583,52.766666666666666,0.2773530260787194,0.3469784706752443,0.2678890181949785,24.31171143820994,0.189405953204533,0.2033919091610457,4.723947832014909,-1.821534647166727,4.066829538951899,-1.5679898436781503,0.1311619771600451,30.883599219097214,Slightly Drowsy
3726,124.2,0.1239219510219299,0.4218946576619325,0.8699766109353625,9.332614826094009,0.2850283028344865,1.5002577863756603,34.43064140360306,22.03423660034203,20.847454696826265,16.289417348924097,0.8941334565681345,100.0,Sleep
3335,111.16666666666669,0.2220305832217592,0.5063011665925308,0.4881846161936593,36.11629926564434,0.6186491589073075,0.666425099356498,17.56021520321156,14.896863303656382,5.677866157909941,7.36250348646025,0.4362942080350382,82.35366119771622,Drowsy
437,14.566666666666666,0.3321546197890485,0.2117719885637152,0.1184892762814739,15.84795123675392,0.0702808108854142,0.0788520926985192,2.6462006300274923,-1.4886212618876795,-2.123732822022226,-0.525493495373008,0.0080821206285177,7.627467432509665,Alert
3755,125.16666666666669,0.1594574813010981,0.4407144239895427,1.011925233628639,8.070986617394539,0.1776601815956461,0.20907870799801132,37.75128166020424,33.156650038813886,14.472872813132742,10.7857210109746,0.95102321918813,100.0,Sleep
3623,120.76666666666668,0.1313226820428816,0.3412695013159828,1.1459651068878407,8.730285933202522,0.1622805044046331,2.415869638245471,42.41318550479689,29.458642239906705,20.525980643862034,22.57766198376836,0.8578663212338252,100.0,Sleep
1499,49.96666666666667,0.2723286149756441,0.4081868938586553,0.2208754514244924,23.086677469520765,0.211739797776418,0.2131983515136174,4.744430391637168,4.36060632073129,-0.4676780476486364,1.809974999947872,0.1760882001166318,47.41915486832946,Slightly Drowsy
1967,65.56666666666666,0.2716281308878496,0.3104697831462086,0.2372718467418273,23.888416366763565,0.2255357155713696,0.1691874584843641,10.970985340729763,3.1807874755467136,9.751587973473727,3.8925110632489046,0.1254585654508787,31.440235054197935,Slightly Drowsy
1602,53.4,0.2337506033541533,0.3958965692911332,0.3605645489343898,22.17975565580938,0.1346323633087814,0.2075468179003999,15.653503794005594,10.286602051247009,6.483990263490941,9.857782181159363,0.1513864972362133,42.41539207662507,Slightly Drowsy
3472,115.73333333333332,0.1255775787554006,0.3233293548276628,1.0211593408170656,5.735191774446461,0.1141511019269292,1.9842348512578163,43.130543716141005,38.30275602775903,12.917951318868507,15.042247692790548,0.7554586224698896,100.0,Sleep
3464,115.46666666666668,0.1220193608906414,0.4099084646248671,0.8453066763505925,5.292158225029152,0.0677835627026799,1.6460829345669852,37.83923648724737,25.555770219839403,25.843407737763748,10.52752121386106,0.8807868236486311,100.0,Sleep
3929,130.96666666666667,0.1456831503757802,0.3448767193145864,0.9890119027722586,7.72033780600411,0.3036071536341168,2.01729980637151,41.61354391312832,31.88149078091823,22.846700355303803,3.289651897105,0.7708014315969179,100.0,Sleep
2216,73.86666666666666,0.2669155012716873,0.2797337359323141,0.3042860416311723,16.145653653465995,0.2046432241651392,0.2082031031993519,10.58013433520431,8.085641263378928,6.138546130549873,2.97991599110182,0.1015028194908578,42.547663043531735,Slightly Drowsy
2666,88.86666666666666,0.1984208939066248,0.5624624697822893,0.5200053590281661,22.301967119188493,0.3708493088421868,0.59258645776389,32.420557577841066,25.202871489538083,20.15646770080649,3.102359129159713,0.4117988315218338,65.75871388071623,Drowsy
3741,124.7,0.1293476816315169,0.4380550831188297,1.173606748485492,6.7061127453562746,0.2036856823939433,1.610457486061383,34.58473901180221,25.284714869472115,21.06820720017741,10.626288714991816,0.9057650683198556,100.0,Sleep
2139,71.3,0.2505615236223234,0.4450662553228326,0.3149194256537028,20.46636608280928,0.0895721317012849,0.1833994479281372,12.37320839156594,8.446720724925886,6.388801482525707,6.397844208255048,0.1362181609952399,38.0427607663997,Slightly Drowsy
1420,47.333333333333336,0.2295021020123826,0.3241220680399973,0.2798207281449283,17.429845700042602,0.1565871280820747,0.1690634029353993,10.919885375276438,9.269304721984264,2.4520606444873607,5.226020012967103,0.2810804167331442,39.6193699379695,Slightly Drowsy
284,9.466666666666669,0.2897630766145299,0.2936142555273264,0.1875442082682153,13.514327170053702,0.0197683399936654,0.1009741425283312,6.425331064198393,6.138517782720738,-1.4506844515396111,-1.2243338343096417,0.0498241533082399,11.079942457086922,Alert
713,23.766666666666666,0.3360486782360925,0.3507643175493727,0.186531546032615,11.93837414927328,0.078139685929001,0.0784435712772705,1.705824657600734,1.3101213707596546,-1.0851715082801598,-0.1257877337997164,0.0310424471013608,13.988322495447406,Alert
275,9.166666666666666,0.3054100168413499,0.3163432597856761,0.1344196177356947,6.919611004723578,0.03195364566364,0.0910348159982184,5.254930790201493,5.000654374347073,-1.389484086256197,-0.8228532142320049,0.0630780146851149,5.040314949701757,Alert
2289,76.3,0.2505151070184652,0.3364500289623511,0.2917658353555643,24.706414274970506,0.185207470638641,0.1815777770738154,8.622870107499283,5.801206572001914,-5.191650131142927,3.70764886627228,0.1316355484404579,43.602917774982345,Slightly Drowsy
622,20.73333333333333,0.30123175982486,0.23968008583473,0.1832724891104949,14.964925231422187,0.0029342022439978,0.0985618122198216,3.026659941537288,-2.426202844440195,-1.73434037614693,-0.516017072395218,0.0272755257469614,8.808439429395596,Alert
1469,48.96666666666667,0.2384138938284191,0.3044438116792112,0.2778978335231923,26.03664717188911,0.1607847275017049,0.2363236119304855,11.341753111964213,11.229539961976307,0.9038973985495766,3.289651897105,0.2085064812850802,41.98401201466656,Slightly Drowsy
1294,43.13333333333333,0.3337813980583677,0.2401249844276406,0.231029145582495,18.511027066746063,0.0406448158674652,0.0725860416956763,3.919419422112776,3.5310291322884373,1.6524385055505146,3.289651897105,0.0149994868882479,12.506276282781691,Alert
1624,54.13333333333333,0.2339172462367862,0.4400559342819634,0.3518806606599182,14.92302267038178,0.2435458163812589,0.234346537563103,9.31660445317033,8.900448208368868,1.367546027633222,2.3897610946036463,0.1500690138088921,38.44809247348836,Slightly Drowsy
1671,55.7,0.2249119788054499,0.326723306649566,0.3103297910461919,15.85795201960212,0.2722534073595821,0.1195207453717718,4.32642077776777,0.9403639739328976,2.0040850277764584,3.717159607048376,0.2330105441250955,40.85419912040605,Slightly Drowsy
2500,83.33333333333333,0.2004040805546977,0.5397662102185427,0.3282901795628631,30.23471084354173,0.433557989032922,0.6935989124169072,14.930930713987976,10.720174787826892,10.356795564252858,-0.8644825878075526,0.2891931405561493,67.43408358295088,Drowsy
1111,37.03333333333333,0.2853518333507438,0.2797783050837161,0.1151651368928487,17.07661451044503,0.0988286078198176,0.0713329888983094,1.099735768743829,1.0730735083487255,-0.217042425452014,0.1040413008792395,0.0425434783838857,14.131747420799572,Alert
424,14.133333333333333,0.3355851784569978,0.3046204046598613,0.2446478603214942,13.211758361784687,0.0123590919733448,0.0849216723063281,4.48182460542294,-0.0057000678488585,4.445882305309608,-0.5664360778904651,0.0286884726425201,9.489472430679168,Alert
3011,100.36666666666666,0.2102147431142416,0.431058073412408,0.4278815034660576,32.89682606020209,0.7654219315751223,0.5939915211249127,21.87905488871906,17.15373357086193,6.991611876185635,11.64301639508619,0.5193384479380969,67.53727967879173,Drowsy
1105,36.833333333333336,0.3111851725733898,0.3045340312946388,0.2122002053059063,16.036711093235173,0.0375516684330527,0.0581790656561185,4.307640186976246,-3.5188689141783875,-0.7885214983871798,2.3561747371243493,0.0175166803047613,13.907308077590912,Alert
507,16.9,0.3471927606539466,0.3042066501292486,0.1881935530288093,11.504469353721486,0.0498885555733239,0.0693381919596833,2.530362517803415,1.1398401082394336,-1.1236024522507526,-1.959851149564489,0.0008532282173202,8.443435265100748,Alert
1211,40.36666666666667,0.3052914985673078,0.3117792915231797,0.1993813603028619,11.229563258788133,0.0772995683704254,0.0857956895731644,7.930810595693886,7.832588905278668,1.211821248204913,-0.2824836421370635,0.0228699608576115,9.401549500359131,Alert
3586,119.53333333333332,0.136516521172358,0.3091450596604828,1.181916341540848,6.296042370637389,0.2283410102411562,2.13550759912087,47.92060647183072,43.5065556704314,15.27316703667337,13.04969375095029,0.8203371846844066,100.0,Sleep
1139,37.96666666666667,0.3422111732589639,0.2768987862777987,0.1800959397184586,12.687851349188913,0.0120001718592121,0.0689449842586735,2.9045987502554884,0.0696275907201435,1.9601051513876564,-2.142389715737972,0.0666642112276008,14.578594951140625,Alert
2529,84.3,0.2098980719554992,0.500926022564156,0.362543786086756,30.64158657907836,0.6940627710344105,0.4927266645256959,29.816359985503787,20.534541001464294,19.48909071239085,9.35538838576644,0.4122183898585548,82.53705831635087,Drowsy
501,16.7,0.3375785635555001,0.2986622561264759,0.1849621098089911,10.544956078268909,0.0306553144177825,0.0968356154956802,7.634753321980172,-0.6280500744562567,-7.595307948752441,-0.454212015561852,0.0371648489194492,11.89377991959608,Alert
1124,37.46666666666667,0.3150661211166334,0.3123525078809102,0.1970165371630161,12.759485310646232,0.0518774519366091,0.06887670861156,5.543037705857639,2.3719018333392405,4.620323471232094,1.936997605249752,0.050415886113855,10.061042965409085,Alert
3104,103.46666666666668,0.2221135276959313,0.5838735040057477,0.4853194992734126,23.081667439126264,0.4283976860203764,0.665043651973614,23.12094787075201,19.216036537021317,9.29526365597344,8.883706648456656,0.5455953871008611,81.83583441254002,Drowsy
550,18.33333333333333,0.3404326550934581,0.313392978575482,0.2165544064461506,19.50503481164904,0.0357563180552377,0.0821914316015571,3.2122164918827143,0.9589039168799364,0.0059305342674323,3.065746711272624,0.0130997103213866,7.876192458369302,Alert
558,18.6,0.3574524408371946,0.2514345753840185,0.1363483618472834,14.754902250429412,0.028103699089325,0.11737206438326,3.925718083683234,2.0870188512495806,-2.406598224105537,-2.294319022023423,0.0617980991818166,9.189500330828912,Alert
1619,53.96666666666667,0.2491080265600955,0.3507643175493727,0.3267507566804448,22.19330652768389,0.1721353283964795,0.2076947570815004,5.42584779740568,4.696619167160319,-0.0699642515523137,2.7160076809131293,0.1395601215969597,39.81006249960903,Slightly Drowsy
603,20.1,0.3291348560481285,0.2786293259595034,0.1603639928700507,8.876213709529187,0.0649413473364707,0.1091086896783065,3.4426935759022346,0.52245386066642,1.320179787069435,-3.136288626840101,0.0491442612738502,9.980226589239004,Alert
443,14.766666666666667,0.3028246475075126,0.2327305412479956,0.1777238564794493,9.788331056934034,0.0576366609657484,0.0792733878391531,6.776884365906643,2.36733824596672,-1.566394710059977,6.153720740361007,0.0672023180036062,6.921642530473721,Alert
1799,59.96666666666667,0.2419381542049198,0.3507643175493727,0.2988838676422038,22.48728189462265,0.2120547383081531,0.1692379956965317,15.388982389213403,5.484583071652244,13.033843184618576,6.071166226058857,0.1210463641276113,25.6935092585563,Slightly Drowsy
219,7.3,0.3251816832349736,0.2824270517962688,0.1583478733998824,14.442052180348496,0.0281327966165093,0.0745668977934789,7.820770474611999,6.183630225746343,4.021383155371044,-2.5991624738551957,0.0565946483575834,15.490577517218393,Alert
2686,89.53333333333333,0.1955519047837205,0.8251407645284945,0.4656359836303924,19.424918895113,0.2916578917789348,0.623049883026375,32.2313755428441,30.425159879982644,8.314153092395685,6.636721631765963,0.4701541923338317,72.96727163729352,Drowsy
1337,44.56666666666667,0.3269355277809336,0.2529459298041683,0.2129122591923788,10.386500408048104,0.0357409212548182,0.0872404910197693,4.361562493819496,2.135850735354688,2.2888747701419145,-3.0368439720185783,0.0730382867373475,13.943792002835403,Alert
737,24.566666666666663,0.3488375712445386,0.3206900783865744,0.1930663895697709,14.416213181442869,0.0,0.0664203930707373,6.134584902142665,0.7985639669938136,-5.6246761921426,-2.3148315804308672,0.0003832705815473,10.99314358170193,Alert
3346,111.53333333333332,0.2013552332741643,0.6071507073057703,0.463811586438089,33.74330308184852,0.7283065058598617,0.4739537112834507,31.583515840031577,22.41822669893776,13.04871729080233,18.018672580333885,0.3841515486690118,74.9411011096967,Drowsy
1502,50.06666666666667,0.2251475971011017,0.3560587060263272,0.2831942734307722,22.03966332428707,0.2540881290919931,0.1913809313534264,12.219068832184748,8.970427136666995,3.4216529306942087,7.558397405091165,0.1832285490690578,55.00277662683417,Slightly Drowsy
3840,128.0,0.113205214902111,0.303853896696081,0.8987264651808966,6.555966554071221,0.199799723157857,1.8931056639018515,45.42337522432782,26.683649274742887,23.37658733838726,28.36901553743704,0.9695699988830716,100.0,Sleep
1363,45.43333333333333,0.2842067575868814,0.3788458453290955,0.1303812132115105,14.024534350991011,0.0957321709732005,0.1007277181717405,5.025016173525612,4.128355305432843,-0.9516851646644268,2.702177892674004,0.0582678218160436,13.715287385296056,Alert
2645,88.16666666666667,0.200316041076499,0.4928189478463647,0.4327880666436707,27.55944173834012,0.3765545995526466,0.4863340753430072,19.23147217177209,18.32452757796393,1.894053787666886,5.520305352741678,0.6069251484860311,69.10846209952817,Drowsy
1393,46.43333333333333,0.3564275456556851,0.240663460627699,0.1613652226966431,9.21032743422888,0.1104114660509258,0.075074197147824,1.5688052242277388,0.9039777799082324,-0.1574480469321421,1.2724716568606482,0.0469472680703225,21.75330425081541,Alert
3405,113.5,0.1286392851573232,0.3878025837749975,0.8169242608652347,5.694217846338552,0.1164088633344523,1.55305008078536,38.6149182031294,30.874417308016938,16.54370869072961,16.253860048649234,0.8418191364130827,100.0,Sleep
1158,38.6,0.312359198630358,0.2817357139681555,0.1922363715269247,9.60553144014482,0.0728233880047943,0.0508540142483233,7.213301076476214,7.100866497266223,-1.213545253925086,-0.3697503543891824,0.0246058580152428,9.596070083254205,Alert
1573,52.43333333333333,0.2446494854373704,0.3488300791828954,0.2721156804825042,24.653229971608887,0.340626151960156,0.1771841304161303,10.74898440510194,3.0884488508183656,10.190563094381083,-1.4678464689611284,0.1396587676698941,38.14616357047399,Slightly Drowsy
2848,94.93333333333334,0.2159367858293031,0.5086493314772257,0.4093917776007791,27.823165557986265,0.3890017455419972,0.20907870799801132,26.552219024004845,19.81046368679119,15.219755616198109,8.995826954552797,0.3397178854039521,83.90987556107869,Drowsy
1537,51.23333333333333,0.2683105958344948,0.4232025085253582,0.2967070040260784,27.183473414411225,0.2302111657429313,0.1912376564790156,8.174240914648902,6.976886313308223,3.9046249274555342,1.701521694773643,0.2452755539348088,43.14774413965174,Slightly Drowsy
2677,89.23333333333333,0.2161594468572432,0.6428162311469472,0.4667551252657353,31.334867494706085,0.6753854491184768,0.4815823136200686,15.870296987562716,11.005192828415929,9.917779682783232,5.691195256411167,0.4672035036140696,79.34356018447455,Drowsy
3668,122.26666666666668,0.1567345462442966,0.3815678574620108,0.9178992258857456,4.129307933545987,0.1917568757404733,1.6205485444001602,35.92900709872264,28.5114746991168,11.491518465103514,18.5993108729294,0.9109430041984468,100.0,Sleep
1394,46.46666666666667,0.3313483972100943,0.2637164099790822,0.1631592978742815,13.018102618957975,0.0,0.0807972841498317,4.654509066636049,3.9586702655222927,-1.840090801869708,-1.6147601125682232,0.0703189029258846,6.310918301541072,Alert
1747,58.23333333333333,0.2446494854373704,0.3412352415143289,0.2648107549986465,25.768326280257952,0.2140330913461129,0.2138826508880111,7.39880857856011,1.8994333085506243,5.69383332732156,4.326058659938095,0.1640664550924498,52.28689093146863,Slightly Drowsy
3832,127.73333333333332,0.1501452435523492,0.3274367067455288,0.8162301302284152,8.144548858499963,0.0261754146834826,1.7994543954202542,46.44542604495701,38.12274738540495,23.21753360229561,3.289651897105,0.9307384467622646,100.0,Sleep
1551,51.7,0.2382637456879383,0.2998057182813507,0.3770434245541221,20.15279843419101,0.2498733726880926,0.2775785419828049,10.54516056569019,9.764677113988624,2.798228764689794,2.832209031162222,0.146695711210446,45.576522011153024,Slightly Drowsy
806,26.866666666666667,0.3034208852468454,0.2872751175373478,0.183977930160783,9.99195788346476,0.0,0.0859186648069219,4.252682396057371,2.3385720867998927,-1.2774539950996535,-3.3142871702646093,0.0494278252552998,17.074742148640738,Alert
3163,105.43333333333334,0.1976243325443171,0.6525326607058277,0.4893182154656231,36.63150097731788,0.5390405860272771,0.4017960428013416,24.136743348860303,19.70330709989573,9.569955052515528,10.137949946058283,0.4863825030672642,73.02398477816536,Drowsy
1345,44.833333333333336,0.333631462075653,0.311043341261561,0.18633374330534,12.954377711800422,0.0360120501856499,0.0805134463041522,2.661144080528271,2.623981190185958,-0.441514943545309,0.0384068419310944,0.0096549227885578,14.164533494425468,Alert
1371,45.7,0.2801455918683099,0.2983126653911928,0.2124713613397032,18.039954199794824,0.0622069053832203,0.0646704045418286,5.263264061125407,-2.2427403582236387,3.125000199250051,-3.592553133555071,0.0331879184451246,10.710776428863785,Alert
579,19.3,0.2704508878565321,0.2275286579314805,0.2069507870504095,16.81194179996453,0.0294964481208596,0.0936642480800213,7.67963567675471,5.475638318779974,5.362039243289477,-0.4926705623596963,0.0,8.488084329044396,Alert
2296,76.53333333333333,0.2313573756977293,0.3117253904500982,0.2968993848773709,18.824173901917263,0.1950215154422,0.2422873815420436,10.432496089849296,8.063895622630168,1.1114605186850093,6.524968779040349,0.201915009479788,46.89006552695409,Slightly Drowsy
1946,64.86666666666666,0.2529917657114137,0.2591984890242864,0.1981750843621759,29.59533247156691,0.2494151510610672,0.2048403697279524,10.938138089715345,8.272854267436438,4.58536369499672,5.493376641378815,0.1547022323174408,41.01605502578959,Slightly Drowsy
3743,124.76666666666668,0.1236233374350858,0.35401674055167,1.036316123912906,5.969550747855851,0.2366534416979919,1.8984735582248244,30.437927362751378,26.721726149595625,8.295869564616272,11.98312654915318,0.8628615148794294,100.0,Sleep
3358,111.93333333333334,0.209560714765554,0.5526874740796706,0.3218820652711134,35.01222845380598,0.5085266300899611,0.6981217696024387,24.19430031458135,17.661692749490083,15.893956379792431,4.561899553038873,0.4550104468029938,76.66081934714661,Drowsy
1,0.0333333333333333,0.3324178538252808,0.2751607494590086,0.1994306561430207,17.807574641020064,0.0406338650110665,0.0753172608610164,6.446806535177109,5.948032038768479,2.3023041874587262,-0.9389487718699042,0.0508512008717192,10.21610535803699,Alert
1352,45.06666666666667,0.2446494854373704,0.2686722834351794,0.1731992019030384,16.305433641267715,0.0448083668318122,0.1004740467318019,6.47153658347457,5.844637378316204,2.5648339531684483,1.0689370701370222,0.0465366441896704,15.619077737129642,Alert
2941,98.03333333333332,0.2011929511894861,0.5043243514233212,0.4985109603779299,23.04140569761484,0.4426516182896149,0.4048908639215061,26.63026866306999,24.176148889965628,5.676000255223931,9.6160311470065,0.4312109735503331,96.17457570295416,Drowsy
3870,129.0,0.1255937037280706,0.4486580270444448,0.8637034711021847,7.619935638111134,0.044297686100906,0.20907870799801132,32.49090156561204,29.13436186740392,9.729938879767122,10.591314012975335,0.7700919782857565,100.0,Sleep
991,33.03333333333333,0.3220716210467249,0.2965667836444239,0.1791058865444567,15.311461707619037,0.0365573321397703,0.0853760986887846,3.0407687712930245,-1.776365125923741,-2.063352884476293,-1.354022353580687,0.0325121993358617,7.59769341149557,Alert
2462,82.06666666666666,0.2010707289199489,0.5351646344762996,0.4539119946384438,27.81673264564667,0.5052747634456302,0.4044103878460013,28.338201252098404,17.62672964014288,16.113547534814163,15.254692335180817,0.4233406070885795,74.40606675893618,Drowsy
3791,126.36666666666666,0.1276560890835013,0.3506111386835974,1.1535365041134304,8.640846045954456,0.1565871280820747,1.532162186526257,46.06000939885504,41.46850185092709,13.281366270026302,15.016428672080425,0.8298202050121651,100.0,Sleep
248,8.266666666666667,0.3421307870747248,0.2592675415521781,0.1837064308786674,18.88539358437572,0.0297701318295225,0.0588218482588679,8.197756718715135,5.704158506156497,5.887761571592384,0.0073913436956946,0.0602292607081671,17.34790353098394,Alert
1553,51.766666666666666,0.2681446932011524,0.3407033436742218,0.2705272862785257,24.49654361817221,0.2585878463720419,0.2319026249074381,10.518340247243348,5.966795614140564,6.458188950603471,5.772748663691797,0.1758091195327386,37.08219974685902,Slightly Drowsy
3702,123.4,0.1169186461271231,0.4432294392305613,0.9196589402914374,7.529761699956811,0.0380063326075528,1.5590808280352038,41.853864589074014,35.586057081491695,20.11482183492153,8.987350275955782,0.8742455100797957,100.0,Sleep
2408,80.26666666666667,0.2215909541130527,0.6769353367577767,0.4715902666650721,33.27008398979453,0.4289402461059249,0.4831956092151488,25.88467746909946,21.829069069601964,11.775070331342896,7.406482966008923,0.2648173776574805,71.64471139815227,Drowsy
2856,95.2,0.1684108597279597,0.4746099242905454,0.5507381573939276,29.098938676991885,0.6358478341704056,0.5379455332149319,17.508320611469188,8.564532379010792,9.228184469022764,12.166786230083916,0.3570021346129263,78.93150981486485,Drowsy
1074,35.8,0.3089119600040721,0.2825287196982671,0.1631351297419581,10.444853757080171,0.0586012777177382,0.1014673316488994,5.439212387675211,4.173931296633553,-2.4292064021694344,-2.5024558307553515,0.191037117183726,18.223069510873817,Alert
3354,111.8,0.2100417795967498,0.504324747084734,0.3849122099134667,34.239338794667006,0.4793720756415977,0.4672428975399633,25.348037865935503,17.605534602235885,6.950573842948811,16.859943602399476,0.5142250105362905,71.85924610705003,Drowsy
3787,126.23333333333332,0.1393906249367737,0.3596332779851086,1.00131374016055,3.4792434127095118,0.1319885612541857,1.483705859884277,38.97578969885145,31.702228214143304,20.464279209540045,9.761874069125142,0.9079930144614736,100.0,Sleep
3047,101.56666666666666,0.2073593753411902,0.5939941830354662,0.5954794583483058,29.33328038189107,0.54514542808086,0.5691299378542825,36.45235286630397,25.95243880643889,24.54639994398628,7.260798804364058,0.4779940691320479,76.4155561929435,Drowsy
651,21.7,0.3371641936688294,0.30593758232388,0.1536990874314212,17.429845700042602,0.0345802703635056,0.0385724564132368,5.703239460865067,4.919354813819448,-2.32513488904872,-1.7089869254761083,0.0319386826392655,12.982643571352916,Alert
1989,66.3,0.2016174172384848,0.3640821367210579,0.2944918721458622,20.660567006210183,0.1319420807562723,0.2063666104128555,13.851000314627122,3.702085821371137,11.489794643234896,6.791861993834543,0.2063165052637104,41.42910839518753,Slightly Drowsy
2384,79.46666666666667,0.2254827245739234,0.4401065609269617,0.357090669109675,20.41243470102365,0.0890723994754267,0.2134636815560824,10.24486527088716,5.312641187108766,8.698724530112127,1.032133511175241,0.2017805288971377,41.87970195207584,Slightly Drowsy
2900,96.66666666666669,0.2041762963952658,0.5298465624764483,0.3069320738571639,25.21417104806097,0.5739567150763447,0.5404014904019787,26.638949611587616,21.181013297013912,14.54101547195111,3.289651897105,0.3726298739379187,85.94844644798458,Drowsy
1958,65.26666666666667,0.2494917726135681,0.4334606719863494,0.3111003466906359,18.328049445392512,0.1558853750082878,0.2090490512569843,5.648866684716566,1.1683376669068748,4.120935210869343,-1.4039560681366208,0.2209373382225803,46.19121843668996,Slightly Drowsy
176,5.866666666666666,0.2970153852103394,0.1914399367038785,0.1714198733435966,16.75239908749643,0.1283338981688237,0.0554090081109516,3.5358810893407484,3.2417480580913045,-1.39593137034016,-0.2118967086082713,0.0928868669403407,6.072238763468602,Alert
279,9.3,0.2899462618480978,0.2661511750885308,0.1895235978375052,13.167848989043724,0.046264525644002,0.0694133577510325,4.054674336853779,-1.7861757729519177,0.9647796340177156,3.509866143294483,0.0403680326156687,12.387304998509563,Alert
3449,114.96666666666668,0.1271675523516095,0.3731812875431595,0.8277249993559701,8.19178156241647,0.2221857401200761,2.076267170543531,37.00761279954207,30.72695262295228,2.8099850666742654,20.43334949421517,0.8545863798350225,100.0,Sleep
1534,51.13333333333333,0.2292006369676589,0.3294043473679089,0.3038062929553892,30.570843070090795,0.1727423382774334,0.2182335071355256,5.221679022021871,5.053816048822088,0.104131823003597,1.3092103410565938,0.0967011209318931,47.656419832745925,Slightly Drowsy
1421,47.36666666666667,0.2660321031945274,0.3227303333981135,0.2755094493123481,22.10346800405236,0.1845053071964495,0.298520547551001,8.874086632349913,5.926924238625662,6.347406155139472,-1.825217173308581,0.1972798625347844,47.15321344475824,Slightly Drowsy
3130,104.33333333333331,0.1952452482729472,0.448499354901141,0.4532326926630523,26.536383886615305,0.353084151877796,0.5299081330429073,20.424130883799712,11.790440865409296,15.386182671655389,6.433973061205583,0.616506710151155,83.04296373202477,Drowsy
2546,84.86666666666666,0.2021338260486512,0.4219564980114761,0.4949784891276413,20.34970773886914,0.5721085696717221,0.7265592693825501,25.977160742165264,21.40275268909541,14.045795476222626,4.410293300205261,0.5638343437207003,86.15835725000073,Drowsy
1407,46.9,0.2674398693085372,0.329646140431215,0.2564328380120941,18.92114165304877,0.244102666622047,0.1599944431504017,14.263510540683184,10.791872502541732,9.291893233382172,0.8024593276238723,0.1725780586162858,40.66340547227929,Slightly Drowsy
692,23.066666666666663,0.3072726548672108,0.2969875967643617,0.1545268544702933,14.76416392160649,0.1565871280820747,0.0620468122944989,1.2012405070959753,0.4062814129374708,-1.1262223394518858,-0.0976596718674063,0.0447091159022222,0.0,Alert
2314,77.13333333333334,0.2387138021171966,0.3850091710767462,0.3141266727873675,22.19773719496469,0.3992998664005813,0.1374503564931448,9.210473198010746,7.5703658479972145,-0.6974118492692583,5.199614809892225,0.1167409828783127,32.18625259572282,Slightly Drowsy
417,13.9,0.2905759471807508,0.3437190367779635,0.1630081622635583,16.079041965451008,0.0583788033459109,0.0603093189903606,3.1007075106724784,1.9851132269681768,2.352008337932244,-0.3765226701726131,0.0638622589170205,16.567183089438288,Alert
1323,44.1,0.3209723629059061,0.2873983229126088,0.2154868481663377,10.138862727291114,0.0708070568640108,0.0797682043136235,4.05500949217653,3.415143647080168,-1.4504517252114482,-1.6358745808529644,0.0428101780857121,18.48559415021878,Alert
218,7.266666666666667,0.2968941713932924,0.3111569443893676,0.2110574800417125,9.384530344404766,0.0128195655923036,0.0500694148981984,2.9341305751058946,0.3749401639827545,-0.2503139093710825,-2.89929043939706,0.0215628037374937,7.667923916247717,Alert
760,25.33333333333333,0.3521026173794724,0.2272470962865621,0.1632984630642851,15.07190314720191,0.080818543827489,0.1238689910057677,4.739844990686419,4.389259927784668,-0.1703657876588313,-1.7808715058853233,0.0287142029456196,8.92467127280327,Alert
1993,66.43333333333334,0.2735744817317124,0.3843808837616899,0.2505787733636967,25.490973283435228,0.1833205895183776,0.1867670590910318,11.471251999038245,7.843510981818261,3.644671436620348,3.972396340100724,0.2064775833628319,36.362977451818665,Slightly Drowsy
3607,120.23333333333332,0.1269721221822005,0.3188857627671747,1.001412496161675,7.778517207648145,0.0740898172292343,2.1968284320775844,35.54560339323928,27.05337506828955,10.256464723182583,3.289651897105,0.7999887553410501,97.91988298772527,Sleep
3133,104.43333333333334,0.2265864032718239,0.3633471076580041,0.4177707301433145,29.511177039794653,0.501965721710508,0.5456173183254265,17.11600803303561,7.274318779534095,15.485278005899827,0.4981790447741652,0.3299257333096866,65.17803803312418,Drowsy
1117,37.23333333333333,0.3146108014145262,0.2893858432437691,0.1881993374875549,10.9891754320526,0.1322634328283038,0.0705830033975543,4.319130866367771,3.640290504650677,2.307645831687149,-0.2791902542315035,0.0521359005011927,13.048707747645189,Alert
2290,76.33333333333333,0.2481915179864941,0.365256054826522,0.3080131668242481,18.757166817806727,0.2295398754680765,0.2107048421025066,7.783927229210598,6.353267085750224,0.2872551969458485,4.48809591013791,0.2081381817767726,41.48906881245071,Slightly Drowsy
1236,41.2,0.3330244218372943,0.258743693408518,0.1928303031302979,12.239099189447796,0.0581942920087076,0.0615883354832704,7.861127988903038,5.790721126390036,-4.710709962245534,2.4645676590216623,0.0407783165603466,9.908510389218742,Alert
3515,117.16666666666669,0.1619202539785975,0.3828542237053359,0.9357401096204548,9.104556115215082,0.1391292683146646,2.1066085183066856,41.7427275739028,31.26353395087816,20.44682441310012,18.62724138543351,0.8177510320478575,96.79672231563084,Sleep
728,24.266666666666666,0.2991218874006941,0.3378519567930648,0.2423333275559533,13.917436840701098,0.0298539895849761,0.0765525008509267,5.508008546256538,3.7868293187942497,3.8335699650915416,1.140974661727147,0.0420344641694354,18.337359339551256,Alert
1118,37.266666666666666,0.2845590060693148,0.2683704554562469,0.1616234729293781,12.845637396634682,0.0,0.20907870799801132,7.150188171111891,6.0049816365335325,2.934008927995226,2.5410584482942857,0.0331073032598368,9.701924085034294,Alert
3432,114.4,0.1407658310378533,0.3579303097311762,1.004023295692665,4.312921521739659,0.1559476604519858,1.7781518474382598,44.27082165015625,39.12796488388192,17.454885586778204,11.146074769986487,0.7891556139349855,100.0,Sleep
3507,116.9,0.1377891024624981,0.420807630503713,1.005654181685529,7.75005044656735,0.1017560958924604,1.8921670362042216,44.44521713653552,34.5380807447857,23.470692857915637,15.21922736376067,0.8328963547761992,100.0,Sleep
1698,56.6,0.2638804017412148,0.4241054195713256,0.2581084846717851,24.56625543167558,0.2509233630460534,0.2487443269733798,7.32312278478448,5.774331393760995,-3.194001980738697,3.1754646310568617,0.139448250361211,35.89036887254307,Slightly Drowsy
450,15.0,0.2849982319204248,0.3005541844712462,0.1738311643907025,14.20708142629525,0.0208731239612073,0.1149627413824167,5.762943357813552,4.600154549756439,4.120935210869343,-2.669221213820465,0.032286547380443,13.99367658013813,Alert
1413,47.1,0.2621229939951693,0.2862193626808529,0.2659330302862491,28.815564801113865,0.1565871280820747,0.138499871270611,8.788667451945026,6.8054331688025504,5.452393730644155,1.0946038424344502,0.087631839143646,39.73391883985822,Slightly Drowsy
377,12.566666666666666,0.3186019887869447,0.2918285134881241,0.2067391106060926,14.01057464748538,0.0747554519209261,0.1127671946454188,4.3387020412087445,2.9532740306619614,0.934958568014335,-3.037821650180136,0.0,13.009156977131932,Alert
1860,62.0,0.2564187150864173,0.3825299165639566,0.2905214072727162,21.771412509146614,0.1470249161858671,0.2206453986435177,12.522665317764508,12.354592209418026,1.995083970226184,0.4481494744792536,0.1345952232235504,35.49232991530344,Slightly Drowsy
1878,62.6,0.260167373534439,0.3630885435688272,0.2775521703556838,27.04902360288355,0.3250311855742541,0.1943336320919117,9.006383857117816,7.8317274105376065,4.326620899091098,-1.0292461048429873,0.1665425768955197,50.0309274458662,Slightly Drowsy
3538,117.93333333333334,0.1296009853394149,0.3312007862883875,1.1055975210934967,8.518360058563596,0.018163412092283,1.4930405661487782,35.43242543988556,28.963720296888543,10.28352011988636,17.629772915739697,0.997158176569694,100.0,Sleep
434,14.466666666666669,0.3296050518001474,0.2451950017370073,0.1874864456879423,11.042359538164028,0.1565871280820747,0.1005882620191065,4.442653785970016,3.991754817676856,0.0455488276212993,-1.949613151845684,0.0529117542434838,11.84495256927848,Alert
979,32.63333333333333,0.3302024014642486,0.2483847411227312,0.2080242432670108,15.083631104248704,0.0372067094348768,0.1120181598377783,8.887279501153083,5.891040088929417,2.7986860655814256,-6.037113541135585,0.0715789018543595,15.33423161122394,Alert
372,12.4,0.3025450081347237,0.3387536135680398,0.1226507834804472,17.27791874450656,0.0410272411648758,0.0971916974468711,4.138271996190583,2.199503710146833,3.418666608076408,-0.7747239291056225,0.0180275914964437,17.60565143782578,Alert
3300,110.0,0.2209172733979179,0.5589494536783517,0.4931976461955045,31.575457079126828,0.6166754324155892,0.4688978239441029,17.95849033598907,16.56865155255609,1.2904619976470109,6.80601709595431,0.462576329636591,79.80993546032687,Drowsy
2413,80.43333333333334,0.2011687936143084,0.4942445818618542,0.3764387185243935,29.30172513401937,0.6146640189003075,0.5621297709222235,21.61231934593067,15.185086430615334,13.569046127393548,7.237850841092076,0.3567641404858395,81.45173309332453,Drowsy
3943,131.43333333333334,0.1360733733902527,0.4002420550838676,0.8634104374375927,2.74393661727936,0.1459567792439834,1.7728417761194606,38.88674470148911,25.80015356285267,4.120935210869343,17.87288950425106,0.8607854691921365,100.0,Sleep
701,23.366666666666667,0.3422965755540187,0.2410346808059879,0.1602889428894802,16.486395589354053,0.0195295851726941,0.0740060788667137,6.116639366787666,5.939689523754923,-0.1433977511543694,-1.453548275667686,0.0224476528627418,12.866123598941453,Alert
3236,107.86666666666666,0.2160141975215619,0.4869842646947826,0.5260608340341596,31.59121669510404,0.5005265364007336,0.5234038873667058,23.74938615282218,22.88905770709114,-1.1327054073399072,6.232283560421208,0.4834292238537162,73.9232583527828,Drowsy
645,21.5,0.3122759996350523,0.2063396020432134,0.1841423522525264,9.284678240122435,0.0521223725173047,0.097305795122705,5.873607530525058,0.8078088483904109,5.031347610560613,-2.921001798836976,0.0638252136326366,14.20307125992874,Alert
1475,49.16666666666666,0.2273478541895749,0.4237885910379161,0.2236438438229838,18.3348547566312,0.135727243216605,0.2201454654471144,8.547333608312204,7.115555569272009,3.331455663348656,3.3655881975559025,0.2036515835717389,45.30772025796569,Slightly Drowsy
666,22.2,0.3584799300043727,0.2475123011428194,0.2173028483430877,14.888345488975345,0.0,0.0927065839043241,2.2398504424503924,1.7058317445178666,-1.3664011687492217,0.4899141863440078,0.0494926697113358,14.11559922514274,Alert
930,31.0,0.3330307497661135,0.3260661628535508,0.1740429243935712,8.846486439942737,0.0672145056602599,0.1054930624807668,4.75123227410891,4.311804513783553,-1.988074450464106,0.1735221509252934,0.0293432746244015,8.663632157003727,Alert
916,30.53333333333333,0.3186881535984238,0.2703282646734524,0.1930124905788288,14.539171927334046,0.0358981502905352,0.0711819562277829,3.2019042184242763,-0.7911271379601188,2.963584747219528,0.9184083631990584,0.0583553639559027,10.314992474440835,Alert
1840,61.333333333333336,0.2680275343285784,0.3552399442229468,0.2280914390153985,19.467969718929197,0.0,0.180220295924714,11.225452519016136,7.131757727840023,4.120935210869343,7.950385878828481,0.2029962416366014,43.80782875417103,Slightly Drowsy
3342,111.4,0.1875001484728443,0.5695432791253286,0.4019998890286091,32.93188446223076,0.6254111421127202,0.4101078573995413,20.481196325981838,16.695994851760272,-2.474040746377524,11.60182232404332,0.5833116265645004,61.83734311866107,Drowsy
2437,81.23333333333333,0.1989128373501667,0.5942178974101645,0.3302157179691607,28.92207424911633,0.3847076020140525,0.4537376722392422,25.7549158000436,21.664449055149568,8.80530256930588,10.790457898863224,0.4245456377479209,83.78653228598175,Drowsy
1498,49.93333333333333,0.2193555642551937,0.3465129696694171,0.2901150663006267,28.246224624324203,0.2322174551415857,0.2250091388349241,11.374728027959188,11.07566546467502,0.1413696444197736,2.587293344072536,0.2770165036721557,41.63071858318754,Slightly Drowsy
1794,59.8,0.2779724922111883,0.3474572669386152,0.2217224981791708,25.03819128979722,0.2397361289793913,0.2043191925154017,9.50947341495541,8.647636345417252,2.517023118823304,3.051731457135649,0.1747319898456036,36.82666038757583,Slightly Drowsy
795,26.5,0.2807652601156329,0.2577091163871365,0.186214183103357,13.401817132120373,0.1091248490439793,0.0503520642600846,4.569428259014251,0.1216363259915742,4.560275222973304,0.2622386493502937,0.0576968516560231,20.086543423247864,Alert
3614,120.46666666666668,0.1220577166425206,0.3781696000255605,0.7507957164452809,17.429845700042602,0.1641934591489745,2.473742660696179,38.20767339001838,31.950522960879457,17.995636245320963,10.730678661236842,0.7554551767109373,100.0,Sleep
247,8.233333333333333,0.3236221958274223,0.2808366065149734,0.169457572928588,17.90853339708027,0.0172628533623199,0.1106473544935623,5.359428707825931,3.2496603093509284,-4.197918524405825,0.7352985859828431,0.0,13.892203564214723,Alert
1053,35.1,0.3095038251042192,0.2807599556469695,0.1622655951022316,14.821705873741209,0.028505496427464,0.0893704720563767,5.488786549232974,5.040016347278691,-2.157965060424521,-0.2611509145903426,0.0492266142607084,10.43060753481042,Alert
735,24.5,0.2681911204576001,0.2853911144589255,0.177519067649448,16.840478436606354,0.0643622037392146,0.1066845838834538,3.583758343271946,0.256589430209573,3.4144509929028555,-1.0578327582093103,0.0555519212358454,6.2775711938904655,Alert
506,16.866666666666667,0.2837268027222194,0.2826451730434513,0.2114659242562608,13.926958985365037,0.0810046048635634,0.0590894102865189,3.079568724475048,1.9343480168253695,-1.873531365265732,1.4939616802094196,0.0406298312452399,14.753439262920889,Alert
1838,61.266666666666666,0.2220125390770899,0.2560151482426996,0.2188236910707348,23.25917996458107,0.2025415770158108,0.1915934540977597,13.364883510206033,5.709980826409522,4.120935210869343,0.9427410225588142,0.2171127782446423,40.50757890981013,Slightly Drowsy
924,30.8,0.2847943307923137,0.2826977513983523,0.2116708274664945,11.25714032557384,0.0250931293379046,0.0900509249290836,6.744158741481658,5.03022679830684,-4.479569436626794,-0.3375694748318986,0.0456626164463905,11.936557392432448,Alert
2992,99.73333333333332,0.199331507991001,0.3788746372197831,0.4833257742844743,17.429845700042602,0.4732562213003606,0.5331256661708289,25.472491447504623,17.402609119636256,15.918811563946017,9.622289476207204,0.504424220724635,71.79057689496429,Drowsy
1188,39.6,0.2928714614209416,0.274642069344662,0.1925198790498132,15.310575449880076,0.1368180871577822,0.0892893493944712,5.9221413478611495,4.87534200919904,0.1982827388969277,3.3561112009051906,0.0879689857117614,14.771803237297092,Alert
3466,115.53333333333332,0.1285078594964667,0.342294602623645,1.0231485098693218,9.269858513875356,0.2119467372494862,2.287686797037691,28.978424385301484,20.881638909809105,9.270036284088004,17.826179163990076,0.9706635339906754,100.0,Sleep
1603,53.43333333333333,0.280978359068364,0.4343079618509265,0.2019968829390248,21.988248329860067,0.3187616612678959,0.3156257196159655,9.806877420764494,9.463285593127864,2.528546825214065,0.4769921189065251,0.2687497343012339,46.179988357827405,Slightly Drowsy
533,17.766666666666666,0.3353083053500628,0.2457494063503971,0.1385522484460925,9.504463151477232,0.0,0.0696386196104988,3.36586176734511,1.2475492190169453,-1.89431108244955,2.486811594374324,0.0645606041921627,10.227429602996798,Alert
2415,80.5,0.1696501016755097,0.5497428796195512,0.4043321456693292,24.10358829886985,0.6501780590401105,0.5264393756636119,27.49593064775611,20.368554024537858,13.040961468266904,13.07981395582041,0.3554219580865282,81.66569820565104,Drowsy
109,3.633333333333333,0.3337513024756138,0.2461079440797728,0.1831612651843787,10.664936262704488,0.0259452942419514,0.0863956386828507,2.3828446570215984,-1.982484333829173,1.321424213881197,-0.0392755978533624,0.0510497990883429,12.018435394353112,Alert
2258,75.26666666666667,0.2440391165160702,0.4097346575660736,0.2799476986297964,17.11932497665343,0.1885343145148517,0.1658828671081664,12.826502132955268,10.878692637490598,6.423728377298355,2.21560763683593,0.191037117183726,33.44235936262797,Slightly Drowsy
3979,132.63333333333333,0.1515326267336224,0.4710689194519554,0.6821870664023242,6.063561640183875,0.1060128407619176,1.70883347013386,32.330043536791685,24.69501976703495,7.410053824064672,19.505866197661245,0.7565550752346586,100.0,Sleep
2430,81.0,0.1758724547311252,0.3655324975876795,0.4503910634607144,25.95809747074821,0.5392675768907998,0.6565415630203233,25.945414968856262,19.124720752685118,14.551135244588384,9.78131264870231,0.4178566064732117,67.74909881973858,Drowsy
3693,123.1,0.1150228805691963,0.3793346879898052,1.0479940945091497,6.591424236287399,0.1647344422109163,2.053754006177302,39.05320337211914,31.26707691728724,14.097411571962745,18.67580203480516,0.8609279694679174,100.0,Sleep
2621,87.36666666666666,0.1730972899680851,0.5732424711020455,0.3271661259265174,23.75268959989606,0.1565871280820747,0.601355561271878,18.79741387548082,14.496054487468982,10.753290347974906,5.251087448767068,0.4028568259519393,83.96423829853487,Drowsy
2239,74.63333333333334,0.2392542197821522,0.4306034715404639,0.2381333576547324,23.1063655858724,0.295523758693006,0.2152576610127615,10.659546637155405,11.343914303733808,6.254858889715717,4.073374176230072,0.1946733947532858,45.25076857725224,Slightly Drowsy
3255,108.5,0.1878669037342212,0.528009358894784,0.4608717233763501,25.797739994092176,0.3359489588575142,0.6925535677152808,24.43710054568972,22.19638489899655,9.21664462653481,4.4210680071577535,0.4459517213198119,78.59318904298779,Drowsy
3777,125.9,0.1063647175976621,0.3622537233847304,0.8214428426343138,6.273900613938447,0.0435151350207523,1.6089635679876428,32.55771403164941,24.362802733630303,17.66523210144125,12.42570564318528,0.8203057844193523,100.0,Sleep
544,18.133333333333333,0.2661567356552134,0.2956443600953448,0.1608424252456491,18.133274092946326,0.0749234939155638,0.0847971549169859,5.463791275965719,3.215774983375554,-2.995322558630155,3.246513381056108,0.0798274083683381,14.290473539448818,Alert
1785,59.5,0.2550188638647331,0.3783027957730395,0.2161018312668351,21.741236721600814,0.1295077550122992,0.2112542615015348,14.596695022737451,6.79136554114013,11.787287849384455,5.291569221807103,0.1913804793008658,39.09266629223225,Slightly Drowsy
2511,83.7,0.1791371622344716,0.6056644524537178,0.3506320917960384,19.09080385479692,0.6372188752217042,0.693444516963449,23.35428886016115,16.73106962125416,6.72069590887325,14.843394624985482,0.4263651641619774,75.32160250323719,Drowsy
1614,53.8,0.2265766466439752,0.4226531863464456,0.238502332143667,28.48841955125777,0.0,0.256903807911599,10.116447037824344,8.704131839066875,4.474377692227496,2.561353912395593,0.2556291939437611,46.21971103233194,Slightly Drowsy
1065,35.5,0.3328402323603806,0.3062394307505704,0.1572400439537168,15.555947796182796,0.0950557379888826,0.0780278320199064,7.368198787441776,7.004806148120903,0.132193904738813,2.281571600904949,0.0458601761451731,14.619643802561102,Alert
260,8.666666666666666,0.3065219324212755,0.2608105921776223,0.2877752059173907,11.2378430173437,0.0588216570805546,0.1043591830461111,2.3163195478582965,0.7170090887165099,-2.153756672242805,-0.4610492503605016,0.0635945041672142,12.585953975875132,Alert
1833,61.1,0.2773812259968493,0.3215334422824797,0.3461133674535611,25.897324737104185,0.1482946161842066,0.1571216145261569,8.230597200104171,6.32258987791344,3.581413502967187,3.865367359881003,0.1489382684187928,44.2386283165501,Slightly Drowsy
3592,119.73333333333332,0.1053540185962798,0.3489848308185814,1.075680258120982,6.38410581938579,0.1001042191510191,1.2432621712114371,40.00502789755079,29.30051624482524,19.986926845571386,18.504182233763466,0.9929424668726016,100.0,Sleep
1883,62.766666666666666,0.2152873824828996,0.3792115958259545,0.2917308550177372,15.940426166145365,0.2287616849712377,0.1839910819040173,5.845948784104708,4.175191790918465,2.666305166870349,-3.1038214272961757,0.1563450310643224,36.17896099209642,Slightly Drowsy
1898,63.266666666666666,0.2678931490338401,0.3998155041426768,0.2695001255815698,19.161481661876397,0.2595451713890152,0.225556920894982,13.76010827903817,7.760972248527035,10.977245009693092,2.933936196582343,0.1697244006430044,38.180369573277815,Slightly Drowsy
928,30.933333333333334,0.3457609696409198,0.3252014111172877,0.1892100918001608,14.729331813445771,0.0585644392914453,0.0897826111329857,3.209111921028636,2.13792659467866,-0.0018254469668683,2.3932542416544846,0.0703223236071008,5.996723415464272,Alert
613,20.433333333333334,0.3236824500097271,0.2561827083282583,0.1984483391709413,15.274207693105822,0.0824682228645306,0.0866383689541577,10.41259683205572,9.33851551597117,-3.083771295032217,-3.4212067088730285,0.0321381959859707,5.92473439077923,Alert
1341,44.7,0.3335626057416129,0.3240566433916024,0.1944878983553276,15.580058059042551,0.06892181091352,0.0820265435372093,8.167535957366033,3.742326587406894,-7.256326401208262,0.2221767026096663,0.0191014993075549,16.4186403130179,Alert
2954,98.46666666666668,0.1748738277067336,0.5819217013079769,0.3678044402637217,29.990966107963217,0.6196110071797604,0.4750324888025635,24.357110458782717,22.782899655088563,8.35074736425257,2.1150252163831205,0.5481701138219585,71.05631497009423,Drowsy
220,7.333333333333333,0.2912934177811845,0.3086572175314201,0.2261379575523766,11.193637984388966,0.0132998871594294,0.10035322933687,3.221300599709719,2.67873827706412,1.6544288257185698,0.6811784328009935,0.0478139184185628,6.903063244055334,Alert
3151,105.03333333333332,0.2348174389940788,0.453000818860116,0.406523803693664,31.26979370053506,0.5470113618532895,0.5537007132004768,24.721195642358392,18.193457508213985,16.686879555220965,-1.297562558846492,0.4599159720120529,73.02354641372625,Drowsy
486,16.2,0.3075509538295539,0.2620613061273708,0.1559541722968637,13.132033762219343,0.0808320887995188,0.058923290092713,6.062235014479045,3.069535987882258,-5.105706690055007,-1.122675992884412,0.0334102139956402,18.44039333040131,Alert
3883,129.43333333333334,0.1226494520335723,0.4225030955777766,0.8578664661175156,9.367446643110632,0.1475069597467128,1.3349141379995075,45.444608339085285,33.0554967622081,23.108609872556247,20.94131587686184,0.8574800296145438,100.0,Sleep
3692,123.06666666666666,0.1333412124859939,0.4424093115610818,0.9187816932547598,4.676650468156055,0.1710279364108635,2.253430624766401,37.73908990768276,29.42102916954645,17.12744728646835,16.287802157261964,0.8421599262192151,100.0,Sleep
3544,118.13333333333334,0.1451461584459321,0.409450970647915,1.2826939349792823,5.236557406793698,0.1272096659808587,2.2142257082396823,37.81608231614596,32.54155450377564,7.409453238582971,17.782106594118105,0.8817223117850416,98.03228060139716,Sleep
3655,121.83333333333331,0.1453170760421991,0.4378510060742712,1.2166691244545924,7.121037729900144,0.0824547055220852,1.9067086723576576,38.75573882313818,31.63240183221406,19.706278261514434,10.633016652502894,0.9513056859167696,100.0,Sleep
259,8.633333333333333,0.3754695058362033,0.2744334176359982,0.1888687346624128,10.208393626448022,0.1090773770447309,0.0566444089746413,4.322634094164476,2.5419389094065727,-3.291907582898532,-1.177733653477392,0.0232547513790059,8.673651403517809,Alert
3988,132.93333333333334,0.1360602383517461,0.3378731108240398,0.8126585369324448,4.4171698890389575,0.128207249672079,0.9667579442819958,36.550565743474216,25.149966417702185,20.669272481738403,16.61939290203269,0.8836030862584016,96.891146488005,Sleep
387,12.9,0.3241073691342642,0.356867809975348,0.1947895937554337,13.856205617486342,0.0930137360782759,0.0842133693040622,4.160924808024907,2.5238355756569857,-3.274875516477308,0.4676960515791967,0.0607088683283389,8.956703729251615,Alert
848,28.266666666666666,0.2950683760507896,0.2637650949672919,0.1470544084866555,12.877729031717484,0.0337555857190638,0.081935098368776,4.845460820162688,-2.036874655728328,-4.33655444323597,0.7238285414610531,0.024051237658598,15.543222538363016,Alert
2887,96.23333333333332,0.220826120560681,0.3370651869934397,0.542662188424785,30.476203605054632,0.4753874186628635,0.636440584270708,18.90200003628833,12.761004781989351,10.689616326363252,8.95401949523438,0.456529436977131,68.13208891864458,Drowsy
2859,95.3,0.1713812479084238,0.5029555065003326,0.4033157168865076,30.48116117644093,0.5105616774456799,0.6822980570417817,17.39773731987432,16.07803404516575,2.5816992427845733,6.124778699156751,0.4148969779888872,78.83320035210237,Drowsy
2288,76.26666666666667,0.2388181085579012,0.376870053516233,0.2091298088387242,13.00102101413106,0.0128506144149466,0.2530851422200148,8.807324093511328,6.731343455330447,1.8701384239712515,5.362886839167074,0.1638220127012355,42.14593127086374,Slightly Drowsy
3813,127.1,0.1184331035451647,0.4746071321517889,0.9271034313453684,4.684272363302767,0.0901672415792605,1.6138567860908362,36.96605220919015,33.46202670289054,2.610367290340225,15.490893049696457,0.191037117183726,98.91915232698912,Sleep
3969,132.3,0.1381859031347664,0.388680222412489,0.3056913523897991,2.1834611890424074,0.2082230425551072,2.0737149774122186,32.46265268146705,25.17538667315877,14.19374747550041,14.783817422310976,0.8635556737345051,100.0,Sleep
2342,78.06666666666666,0.2473665243508936,0.3292651588496166,0.3001153874047508,21.27292488427797,0.0821594833032362,0.1279573558112806,10.476070595694036,9.761701138291206,-0.8824004289073226,3.698461233501516,0.182198075745126,38.50435380889592,Slightly Drowsy
1741,58.03333333333333,0.27173831235578,0.3134421074921699,0.2321177998069436,31.473407793414253,0.285005760458669,0.2235747842907829,8.898503878593012,7.2619813427546624,5.094086269900068,-0.7051831887060653,0.1862815668078707,40.65970622572287,Slightly Drowsy
210,7.0,0.2824229924560045,0.3168181666203021,0.1500581811805676,13.04007182011912,0.0600080082500677,0.1199133497956792,9.94956804615404,9.774796390013403,1.820169177408548,-0.3663932374407757,0.050690112969611,16.60970936564627,Alert
3643,121.43333333333334,0.1122117163930972,0.261730818849581,0.9179929285979408,4.239144726153461,0.1938002942389312,1.951826555549077,41.51238960632923,30.087620128028565,24.37102353388069,14.96886160568515,0.7333479325643283,100.0,Sleep
1282,42.73333333333333,0.3132222576838301,0.2278070259013338,0.1680053194921359,13.75112329203758,0.0248760865968086,0.0937355097809533,4.329570575790696,4.298521071884117,-0.2351600991881787,0.4610831737014586,0.0,9.628698086577112,Alert
1097,36.56666666666667,0.2857289488792748,0.3358222072830105,0.1796317039949347,14.709819719011804,0.0269198224109118,0.0534624488126595,1.5768660477165637,0.4899252863130725,0.6576125629007653,1.346857625507387,0.0432358308120544,13.511526347100508,Alert
911,30.366666666666667,0.3430484094501904,0.3097993477866929,0.1405260777534557,12.835122554819874,0.0829195436801328,0.0808308368112779,2.0982062000237858,-0.6842321154936606,1.3749538173763252,-1.429614517982941,0.0758904969678442,17.924457071134054,Alert
2096,69.86666666666666,0.2623537122562259,0.3346105254596697,0.2365315241729196,22.406814510523983,0.1152329213038332,0.2409472339665042,7.453895407471871,3.066410297537284,6.190824772652576,2.7984590879622946,0.1575750046249919,39.08962496733645,Slightly Drowsy
3397,113.23333333333332,0.1863292693700878,0.4659951034763223,0.4816391348835181,34.94313804692891,0.5963174677411839,0.6478466676850974,23.48101090421471,15.370638338510432,16.587105459819888,6.322126431460901,0.4568111489872339,72.6313890184926,Drowsy
2699,89.96666666666667,0.1716917767655318,0.5446429260064397,0.5895770358469489,28.709863285085973,0.5629333187389178,0.5520636540357506,22.831075091478397,16.022618597869002,11.886944034189224,11.101092046641211,0.4167725963256458,57.934406070845554,Drowsy
2179,72.63333333333334,0.2638123504429123,0.4144752229781527,0.2901427291255138,21.967199545177323,0.1285129500081266,0.1913517232886669,8.211399424359293,5.207896700092519,6.287982549570737,0.8753101872064937,0.2025860288601423,35.7246138935802,Slightly Drowsy
597,19.9,0.3172965252402145,0.3189235216727469,0.200558702541329,17.505023314797803,0.0378845902480402,0.1069219958902851,4.668240918922461,1.5167394338800753,4.414755247709682,-0.0437134948842473,0.0541446274760855,17.8998150818303,Alert
1972,65.73333333333333,0.2339612504987257,0.3838817195504942,0.2272108537540398,21.53942071242836,0.2341305428781437,0.1926109635208206,9.342326430362096,8.885935462379837,1.2266803815924736,-2.610453855420305,0.2192846124866024,47.234046186481855,Slightly Drowsy
1418,47.266666666666666,0.2616945069407188,0.3053940045138801,0.2210741649341388,19.047411856139004,0.1821947943382869,0.1733943880286235,14.603870943853876,11.528767330869998,4.718093206149846,7.622346546404646,0.1961763261628566,26.322749054240347,Slightly Drowsy
297,9.9,0.2979732915834677,0.2550722732722832,0.2156020386053199,17.590838514264945,0.0404755825475178,0.0809200549450654,3.77064275776676,-0.2615359374844153,3.5182705358023343,1.3308336473835574,0.0788243487292749,8.390372618519027,Alert
1164,38.8,0.3114438717463302,0.3676133231774321,0.1807343900955573,11.593328663977436,0.0246544053635769,0.0348654978942116,7.951433318049738,6.017547520623203,4.784285967131591,-2.031014877626642,0.0354423142323618,12.935123712752768,Alert
508,16.933333333333334,0.3248344862981039,0.2328138034100378,0.1804704670941487,18.75067106077741,0.0909222622100895,0.1128708301824105,4.819919348372223,2.977819692331816,3.502529468959338,-1.4479294609355748,0.0271131946595603,0.4277462179442515,Alert
2883,96.1,0.2025214121996636,0.5259469472155622,0.4484726842191052,28.56798310429048,0.6077244175713179,0.6669118043413762,18.00445737172821,6.67226104180145,16.682425084832126,1.1567675347280924,0.4616133974725727,91.03232630100568,Drowsy
8,0.2666666666666666,0.3125248162383533,0.2832116271787426,0.1203729325619732,13.45082028040622,0.0642845028604698,0.1095578808948303,2.7177326235976578,0.7043244543158815,-2.4254808086795627,-1.003514087169073,0.0583080423540414,13.134376913597627,Alert
2269,75.63333333333334,0.2852634985874533,0.3838763955555592,0.257067803110744,21.02903898999625,0.2845006762758361,0.1705525315964552,2.775743831288345,1.8129031136614628,-1.633796562408178,-1.3224390005119693,0.1280474056694216,32.26384271833367,Slightly Drowsy
3075,102.5,0.1935088513869599,0.5462489985687887,0.4249274632252722,31.97879857625188,0.3641402463528662,0.4965377904703888,29.98717797961955,19.645873365361176,15.22050704296307,16.781140254722963,0.3497682340658341,70.33114695963192,Drowsy
2401,80.03333333333333,0.1945588080243169,0.7725055015875587,0.5574462391822058,30.2297729414285,0.5594156672138098,0.6038132549353434,25.912171596466912,22.13417358936454,12.512960114227056,4.994479506453767,0.5649157537407158,80.14208953436501,Drowsy
2164,72.13333333333334,0.2446494854373704,0.339875815858806,0.2978038903136858,23.931466532248784,0.2463235918350269,0.136476635398225,7.725683890582675,6.976674248634085,3.212872666469056,-0.8304560402036385,0.1806393506688879,39.0910017102342,Slightly Drowsy
3651,121.7,0.1284625046847458,0.3507643175493727,0.8163571948725307,7.110240533308935,0.0,1.863107352126028,40.02717672337146,27.356187049744705,28.690191471475792,5.539568563836728,0.8488398813756617,97.05636857826984,Sleep
3139,104.63333333333334,0.2446494854373704,0.7723728663629935,0.3986818179673664,24.52424755583847,0.1565871280820747,0.5664626413322206,26.17198130323725,22.65430698724444,-5.892749682129121,11.706001941246008,0.4011825778369258,74.05076418818004,Drowsy
3809,126.96666666666668,0.1392786292621211,0.4486481169641952,0.8343277124136853,2.9496688086798537,0.121558760689192,2.245580975255899,35.266412823018165,24.717728766963617,21.10464817048522,13.68749734635204,0.9904969666579136,100.0,Sleep
2020,67.33333333333333,0.261949257157627,0.4037640713317588,0.2722833851563447,20.560776163002146,0.0942305646845008,0.2210255969090838,18.81542997248384,11.615728898013762,14.260616234398766,3.966115458795116,0.1779648139342407,35.59558364963611,Slightly Drowsy
178,5.933333333333334,0.3192684296578755,0.3194117587770259,0.1784581882923454,9.567418829482795,0.1004768600285596,0.0618853539827476,3.29898218486116,0.3655841533779504,-1.7869838821304764,2.7488761863416347,0.0,23.880463906599893,Alert
3878,129.26666666666668,0.1264396888069356,0.4041321838401358,1.1153188562152072,5.003397850667005,0.1082943721409338,1.6565769891922504,36.03574239319166,25.92596869086677,22.392177603530392,11.180753974603778,0.8029907882955994,100.0,Sleep
3317,110.56666666666666,0.2221710531267889,0.591189666976717,0.4448789523950804,30.546323572394893,0.6325419092611368,0.5083627482663752,27.530114286001226,19.900810205808757,16.2923472489202,9.81959097280886,0.4223175808933863,77.71839207098907,Drowsy
791,26.366666666666667,0.3327633844612809,0.2870608529178615,0.1959110756699639,13.70110310843401,0.0486174304062478,0.0981143520099473,8.917866859831522,7.843510981818261,-4.2002137032052165,-0.2076249688059337,0.0163907902953583,18.341610726631085,Alert
2563,85.43333333333334,0.2111366471943283,0.6513014443935635,0.5984100193913992,21.366782237156823,0.6420846593471772,0.6333171370420909,16.171223543025665,15.097476613909958,4.494529687544016,3.657030716132279,0.4030852729577849,76.77636560637367,Drowsy
679,22.633333333333333,0.3045806159620073,0.2328201475471491,0.161829600001926,13.919894073298783,0.0027611006534245,0.0569663778193131,7.7495400168105215,7.278240835248961,-2.5816962114416606,-0.6460847375460136,0.0326552599840142,10.34640526232296,Alert
3476,115.86666666666666,0.1173235702720991,0.3781299737620182,1.0876191516996665,6.048422016656602,0.1949204229904341,1.8180622160288304,34.3641800111272,23.130775898733788,14.832475120245102,20.636418196165256,0.8751433655846064,100.0,Sleep
1212,40.4,0.299355772613296,0.3279884584869173,0.1805390974504941,15.413117809936823,0.1105699039992355,0.0328307171558507,5.272135574217636,5.197184411750937,0.1661907353500024,0.8700967432808887,0.0234319355650349,9.228636314559589,Alert
1012,33.733333333333334,0.3213652945727517,0.3030062383291839,0.1894280226540355,16.652000179514868,0.0859824550695323,0.0596349219716454,2.957742149783116,-0.714907926854266,-2.103748633212229,1.9522773801338424,0.008473820064575,12.7863857994562,Alert
2043,68.1,0.2591717355989716,0.2897126862054806,0.3609146447346717,22.93987575585601,0.1669764924518166,0.1880850350685534,6.450263189472513,5.214866389199826,2.1643793435060275,-3.1187378558741496,0.1760813707161297,39.06821780868264,Slightly Drowsy
1489,49.63333333333333,0.2249660390295971,0.3610802773795842,0.3131709474626587,22.541976569086344,0.2231443708699009,0.2456732371094493,8.912271750003864,4.413022042692538,3.1201196533078805,7.086513779403004,0.1721275550760949,32.81422903389192,Slightly Drowsy
3087,102.9,0.2446494854373704,0.4907932509965028,0.3663543521834579,33.28985787110164,0.1565871280820747,0.7386909285912298,21.06329232119999,15.667385368833925,7.330418202601403,12.019163368876438,0.5108226855349332,76.7110588382139,Drowsy
1628,54.266666666666666,0.2698903623205695,0.325133517075127,0.2679665885217987,19.843481548875804,0.1685860277179132,0.1587269379708626,7.688631910379984,3.887617431351787,5.737507688113472,3.3290384331818546,0.1996634603036189,41.386027371187474,Slightly Drowsy
680,22.666666666666668,0.3355336684992275,0.3131850032665217,0.1708213670540522,10.908804283519128,0.1009776091139561,0.0780931781760663,9.249456034155816,6.325804537142922,-6.736757692695488,0.3908064425666405,0.0783721266775241,11.134900847075688,Alert
1863,62.1,0.2415928934684695,0.4099574797308593,0.327939294095356,20.974882094289512,0.1798975310940204,0.1717826510377085,10.087947940478406,7.312156940334905,4.810083530935747,5.016188887505663,0.2119375490393021,27.404927128918743,Slightly Drowsy
782,26.066666666666663,0.2790899245198379,0.3477551358988212,0.1840756770469887,13.759998345665354,0.0420776094712437,0.0712747393563994,5.665683583557144,4.620291898172887,-3.2055622622473168,0.6908283632877072,0.0323163666858604,9.492715345954904,Alert
3062,102.06666666666666,0.1986658890965821,0.4203206466083788,0.2557865930152531,28.93179575863476,0.8003727738433475,0.5148719833149994,29.69592199279595,22.796654781129,19.02630902534132,0.3998483018168075,0.4079907393965175,66.1871497105257,Drowsy
3648,121.6,0.1361428114279445,0.3544018253926027,1.098191563116372,7.987639933629033,0.1376577355122717,1.5257558185856286,39.79293885931767,25.268628295212064,23.553724007325485,19.75339192459213,0.8483968173823976,100.0,Sleep
1374,45.8,0.2820731740773592,0.3010432875853085,0.2358574463445051,13.467553358624471,0.0397457742858741,0.0922087999863369,5.593492785482868,1.1765088600936424,5.454836111228464,0.3843844989173914,0.0335966098355854,9.791105918090157,Alert
1269,42.3,0.3883990039845872,0.2999069393368807,0.1611034128728185,14.869790195302208,0.1212255439791083,0.1165912519264247,3.0105798811769606,0.5616565798923023,0.7595510870978968,-2.8585337593422904,0.0564933724938285,17.4768608439588,Alert
1539,51.3,0.239957843503406,0.3755087913591419,0.3245693738697042,24.369606644302824,0.2704810677732162,0.2434367364602688,8.735455583179922,7.98989856041546,3.3654358958275954,1.069367322792011,0.1643528734545711,37.50828660329435,Slightly Drowsy
2399,79.96666666666667,0.2440792862151129,0.3867056704105893,0.219586809223428,18.190189724631,0.1208179993704351,0.1281473454069802,12.12791683430892,10.79728920965618,4.120935210869343,3.8577766585784152,0.2124673357902088,39.67372061472015,Slightly Drowsy
3483,116.1,0.1322695740612033,0.434305376562245,0.8665628373327194,8.39344103154036,0.0107389931992318,2.340340090682485,40.26302543758549,38.05021134026144,7.793872548626769,10.608872939424709,0.7304035237528627,100.0,Sleep
884,29.466666666666665,0.311724391644798,0.2959146538745871,0.1780150219636069,14.647218789281764,0.0073678915460496,0.0918970874679449,1.1800542897770356,0.4669702688100088,-0.9738590231938238,0.4754634558119722,0.0420615644306169,11.799010883464094,Alert
383,12.766666666666667,0.2953615099819767,0.2460589698127864,0.1833160595242182,12.434211809542482,0.0697625567590208,0.0229074667419121,3.419798345013672,-0.1421296628194981,-3.378161882733151,-0.5126813567449844,0.0292390448301972,14.586955370811207,Alert
2944,98.13333333333334,0.1910756084350827,0.3928500769763328,0.3910841453363234,27.04220576593862,0.5059435604048628,0.7554567306579432,15.007203410500807,11.423215287618923,9.729433304872616,-0.2538390491865741,0.4631623546341413,65.06765320777266,Drowsy
3951,131.7,0.1089308249326697,0.4861549488632701,0.6222530703217215,8.901591390585178,0.1660669597901026,1.6165847496893329,26.735583915951636,20.434363603070043,9.80357259678002,14.181614710747208,0.8655934442844131,100.0,Sleep
3863,128.76666666666668,0.0995962010444399,0.4513999532893168,0.9302939314825668,6.831857017567947,0.1565871280820747,2.2417784742007463,38.39287949127633,32.27551491190178,12.74337681783046,16.428958581786432,0.710663951548447,100.0,Sleep
32,1.0666666666666669,0.3260921802872978,0.2885738299888053,0.1647917047388661,12.822404235954194,0.1565871280820747,0.0510383131700535,2.670959400688934,-1.5186594359413883,-2.1553326637573083,-0.4268943034236945,0.04621815131196,17.295872144969312,Alert
2197,73.23333333333333,0.2673532028211123,0.3581750361276917,0.2576687042795895,26.25521164742791,0.2145280111303425,0.1769097671603301,11.733730756730289,8.676290661264208,7.884873652770032,0.4808173380305987,0.1719818434658826,39.00939685332433,Slightly Drowsy
3261,108.7,0.2248740897518317,0.4969956806518657,0.524385825183165,27.63172894931263,0.6992270271498926,0.6176722493972951,28.693426412400285,21.04597681425676,15.87295995997317,11.332639645143836,0.5144669376992677,91.10760045834698,Drowsy
2888,96.26666666666668,0.1910706108975636,0.5526744866150816,0.3991279379923395,29.22153757424474,0.4763048838128106,0.6500000026077244,29.50032599609952,25.81342475285468,8.215214952056444,11.68103504388042,0.425138682089638,69.76251846488734,Drowsy
611,20.366666666666667,0.346813544989319,0.330006605671287,0.2230292900805622,14.71188648346392,0.0,0.0892164973080773,5.795435859975672,4.620999719533852,-0.2432013163062514,3.489167740150497,0.0571966712293491,14.432684861299895,Alert
571,19.03333333333333,0.3109413110613474,0.3059637803036544,0.1772409460139086,11.295214078217167,0.0338684883235624,0.0816905396756864,4.942876396358939,4.275539459161863,4.120935210869343,-2.418397422479212,0.0411348336659363,12.585014855829252,Alert
344,11.466666666666669,0.3010074220629928,0.2180126006419168,0.1941462714125461,9.422137804154126,0.0008622467493694,0.0384882398184293,1.9534305342208689,1.7848257680227673,-0.4509613808156162,-0.6533924263727281,0.0191484461065884,6.613035650827244,Alert
3935,131.16666666666666,0.1414368054567878,0.3696564623163054,1.1043070529946544,6.4836415883752965,0.2054294171084824,1.5384669170925396,37.94517540900079,32.208659973174704,16.398423275790183,11.55553000170371,0.9301354781420162,97.9077220873976,Sleep
1870,62.333333333333336,0.2536112187639494,0.4100401521691276,0.2516256436143032,24.08843383318669,0.2026568143908298,0.2808477439832302,9.704819052990782,6.242948850377717,6.780658332604265,3.038383629389943,0.1244678196674602,37.01614951933156,Slightly Drowsy
3059,101.96666666666668,0.2247687091171674,0.675566865822729,0.4901619499946583,23.999014392130867,0.4336441077645093,0.6828063962361272,31.42799745522442,24.3633246378908,9.61852385397925,17.367539707879413,0.4721230050362297,69.23685155210984,Drowsy
2513,83.76666666666667,0.2099273241524525,0.5794255692781013,0.2877752059173907,30.743001860481115,0.4165201391597216,0.3151033928145691,28.640676564491866,23.809588356064467,14.044962773487482,7.492054262880341,0.5152191025912191,71.88037719606383,Drowsy
1062,35.4,0.3201918298330377,0.2336194995680783,0.243152599180035,8.846192219719377,0.0179929880534358,0.080334017345351,3.978023529235685,1.0871676555105387,-3.312436369991757,-1.915855678990536,0.0201869184500152,10.020262029947045,Alert
3149,104.96666666666668,0.2225810694771328,0.6198824808563281,0.4544734794884996,33.66980191670106,0.3242755542559018,0.5749441530059854,22.95681716329004,19.549698633128006,11.932854805473903,1.5593953360451636,0.3688161318825068,74.04657407549836,Drowsy
2378,79.26666666666667,0.213306232990955,0.3042678265323427,0.2480890048788651,20.40901752110383,0.1296243456423876,0.2133122850100298,15.134006877029291,7.285065320619926,9.571458759005507,9.184397892781403,0.1294859903940626,40.97208698854737,Slightly Drowsy
1832,61.06666666666667,0.2454336314794966,0.2642997085993256,0.2567948942920424,24.405806347831263,0.3150037400746117,0.1538152572984909,5.516534104798069,2.9425116026920497,4.120935210869343,-2.188987662194592,0.1622011918805149,29.108040212926653,Slightly Drowsy
2535,84.5,0.1686933983734846,0.6237023006370932,0.3907488937628854,27.37885511139117,0.7043085904798347,0.7279448592270115,16.628995589200628,9.497527806868042,10.181468966047891,9.091652740664143,0.3344728981665987,79.93158562947754,Drowsy
1816,60.53333333333333,0.2688434860718773,0.392114599680165,0.2863356782300987,26.563559510759827,0.1737170222329168,0.2434075566453744,5.694667663399181,5.653961446979254,0.4754347644889507,0.4857175489436973,0.1374201431530818,43.953830858869466,Slightly Drowsy
966,32.2,0.3273604744421012,0.2930778691967402,0.1721227302205313,17.203458495309086,0.0,0.0715773953039783,4.351394971597423,3.119826831932367,1.3716744358480306,2.705518061229526,0.0639645078640257,10.90596681105149,Alert
529,17.633333333333333,0.3875756891101271,0.2719268416676102,0.2130965271616097,17.6048560048815,0.058758556634239,0.0631635673626369,4.856136651823376,-4.088280829457221,2.052489625826864,-1.6295120056470962,0.0435230090377538,5.5361493445313945,Alert
177,5.9,0.3263434915373643,0.2963692610117902,0.2125735897481804,14.24495788367724,0.062322021580164,0.0721670286515641,3.12240091945084,2.6728173531127686,-1.0295768264922316,1.2431437797121017,0.0326077932791273,13.222859616471332,Alert
423,14.1,0.3143585904821937,0.3286158527036967,0.1991197404906921,18.040750106804797,0.0,0.0793089875209207,2.211258750938524,-2.041783437370036,-0.6881469955664017,-0.4972317075333547,0.0525322727452614,11.881610447944135,Alert
3016,100.53333333333332,0.2033040911584504,0.6061638501719648,0.4330025739674045,24.66357588151056,0.3268546439493465,0.560262962936767,19.933323661985195,17.215004796909856,5.737163019274046,8.250209848610144,0.499918787083042,84.15829146674389,Drowsy
3264,108.8,0.2188966014448115,0.5945255345681544,0.472581348851782,24.11823618623424,0.5034669539738329,0.4129877493842938,35.470596538434535,24.821506634460484,23.18354804542175,10.226393656292505,0.4912227947707253,75.753112497956,Drowsy
3247,108.23333333333332,0.1806870849845902,0.4695382510508744,0.5258698654582006,23.99815067884904,0.4712933464916375,0.4538312281974221,28.289456863708647,19.276974004297188,14.461650009326007,14.817298063042523,0.607987224985074,81.7110294979739,Drowsy
573,19.1,0.3326389463303752,0.2952682496680369,0.1442725048207881,15.696820173198548,0.0128345463796096,0.0573195962813008,2.13744093590464,1.1330710580832195,-1.7573781703460705,-0.4431993887700786,0.0111803673095016,15.125605682471212,Alert
2317,77.23333333333333,0.2753425628544947,0.2903097777050175,0.2390888703604899,21.96090983952164,0.2028481574324027,0.1979120997814856,7.609788424160724,7.843510981818261,2.6957587101919205,3.960645342054072,0.2253577021455669,37.45789701643855,Slightly Drowsy
289,9.633333333333333,0.3175844082496277,0.2654411575218425,0.1516276181790965,15.520615479212422,0.0,0.0955205582768695,3.735885106166958,-0.505542547316812,-2.2573057120591047,-2.933570381231354,0.0299719570622872,15.186945671415298,Alert
1221,40.7,0.297205442808284,0.2890796996942106,0.1612847925393822,13.307602264432086,0.0909909520266004,0.098178749937772,3.31345513915828,-0.4926508184081561,-3.1717543860603103,3.289651897105,0.0394650739765415,9.031546659630418,Alert
2091,69.7,0.2587210214955188,0.4069504939260919,0.2605292706818086,23.90554466784154,0.3265403326061986,0.1496451777451899,11.367831936860725,8.244844554935183,7.322622765181633,2.762125458502924,0.2295313284342258,54.52780426706979,Slightly Drowsy
2650,88.33333333333333,0.1730902502431032,0.6933845105036296,0.4626926569865836,31.90236006592592,0.447823374549596,0.36081894632918,29.903739448868837,26.376012120438887,9.961439126926308,9.965407576654188,0.4859617046418788,75.48168143792617,Drowsy
2207,73.56666666666666,0.2190839264734876,0.3664887866163809,0.3015617036425044,22.53062824025597,0.1912689132123395,0.1867765864616667,16.485814915118404,15.633058032695446,-0.7302775541145836,5.1823049558930085,0.1806169188355593,36.57244847531695,Slightly Drowsy
1546,51.53333333333333,0.252777279784011,0.4126655139820935,0.3652041706528384,24.629471967999137,0.2235947788088109,0.1864071532676681,12.480753787865456,7.637472048539117,9.439087573313255,2.888228108101037,0.144555493946094,30.78227228285347,Slightly Drowsy
2115,70.5,0.2600734154692434,0.397904000514867,0.3132202075453397,18.662663459571764,0.1378391815836077,0.1723970162422586,15.580571503076762,13.750218303128875,6.032771756687616,4.158289300962542,0.1946494301273495,33.55568838868978,Slightly Drowsy
2673,89.1,0.2139761617968167,0.5473302029353185,0.5269790026579226,29.312300127984333,0.5662649576382932,0.20907870799801132,20.584604167973374,13.273664602633588,-8.954528081271455,12.936467199767486,0.4297375061344372,72.09680182875933,Drowsy
3617,120.56666666666666,0.158218660005271,0.4139369626627219,0.9185895397258882,5.802186626459295,0.0929393385346468,1.6080498065584667,39.28427235103544,35.919521996328946,10.542230294185494,11.912320266426953,0.8025989923175915,100.0,Sleep
1392,46.4,0.3471985063317138,0.2982661931947279,0.1716400568572623,15.406799650205198,0.0108770294934579,0.0814475103122978,10.142352961017387,3.986935096150839,-9.28286774727417,-0.8944487193550476,0.0395471173972725,10.972733127924672,Alert
2087,69.56666666666666,0.247365658344585,0.3599588405568049,0.2170582710643907,26.338382108319845,0.1883442080222756,0.1597707779860807,10.85966039676054,9.589028702705995,-4.719124767857007,1.9268144428170544,0.2163324416484736,38.56676511098724,Slightly Drowsy
2282,76.06666666666666,0.2600868834925864,0.3887894988625891,0.2821990348624914,20.266364563097035,0.2112907912596239,0.210680413337207,13.371906219045282,13.264777702071989,0.5106388587988158,1.6102162592149956,0.1913894222827734,39.81730167703568,Slightly Drowsy
3122,104.06666666666666,0.1995675261280776,0.4553545183344454,0.3967130432916618,33.62180210323685,0.4304297605123994,0.4331999715830387,22.201348442512625,19.721894323659047,9.816563293945034,2.753514490293046,0.4036405878137333,69.22135734532696,Drowsy
371,12.366666666666667,0.3343001569575118,0.2553345047536191,0.1338724561065247,13.637738552296424,0.0321622514455536,0.0822628091410604,6.169693661862033,1.0922083471110835,-6.0223705822350295,-0.7766938766023168,0.0338876177786337,13.835012379701682,Alert
3525,117.5,0.136014222071621,0.3214693648219689,0.8823509199429922,6.265897867221334,0.1257948586624072,1.598220634815263,41.294129675584834,28.16442391806352,14.30890940775008,26.593711335359515,0.82396869159921,100.0,Sleep
1727,57.56666666666667,0.252614877180365,0.3870525492030831,0.319408806912364,17.10575023938922,0.3052997837729019,0.2678145397671974,8.713928307104867,8.435530486997578,-0.152194325698642,2.179726779099397,0.1780961101952597,42.4116389316082,Slightly Drowsy
3788,126.26666666666668,0.1402577857243834,0.3654665140783267,1.055602310400016,17.429845700042602,0.0154198322781766,1.291123798132629,35.20802268633003,26.73201891239006,2.712335585589843,22.751862825269782,0.8433735069800469,100.0,Sleep
2000,66.66666666666667,0.2652063863151885,0.3307407073700357,0.2956909010660219,24.191854931221613,0.1204226180771264,0.1886027672542728,11.341005222688446,10.851371384194133,-3.293970940198345,-0.1260713626014853,0.1729437178548669,42.71870433633098,Slightly Drowsy
2391,79.7,0.2323856993778608,0.3864437192761326,0.2898898826551722,24.13994714120285,0.1916634469107977,0.2324696125506863,9.850917264636408,6.785070071968451,6.895518746402179,1.8588212101237227,0.1645098378360419,44.25905352617578,Slightly Drowsy
142,4.733333333333333,0.3149081562455759,0.2492706094635204,0.1551935893788042,13.433802770246183,0.0646946202726471,0.0982716925246649,4.510783486722391,-0.0079473767008622,4.478065706878565,-0.5422472020851375,0.0395726541130312,8.383172884221926,Alert
3378,112.6,0.213401224953245,0.4466283209414883,0.4347551297091209,27.68280703107564,0.6822928758138116,0.5530107823856041,22.65534871256833,19.440436876565457,9.948063717618764,6.0307767001060935,0.3605868257709743,72.33033906861546,Drowsy
492,16.4,0.3100669186862159,0.2987027714522734,0.1827328081876774,11.871150050551703,0.0502509262473767,0.0493692936951271,5.3996326626001805,4.87566848974574,-0.6158520584887537,2.237099888510652,0.0294693662580791,9.950935065700673,Alert
199,6.633333333333334,0.370590155480741,0.2802379945595999,0.1742988289499551,13.106386442973932,0.0427843327295036,0.1074569694935306,6.460019271537945,-3.529654778323767,4.6003011038889765,-2.84791430490029,0.0346669534153117,8.963195104078164,Alert
1808,60.266666666666666,0.2662864570281555,0.3500692138560768,0.2398983215198028,22.00406345352305,0.255336409088639,0.2541483935990604,12.495638059279305,12.161428948709888,2.820943703097869,0.531876919919466,0.1672504440169008,33.6695172281142,Slightly Drowsy
3889,129.63333333333333,0.1418197817993061,0.4428058606628832,0.8442745674981872,4.0901361637996,0.1849453900579613,1.80700709004145,46.65170503352618,42.99472772856471,0.5484886194987322,3.289651897105,0.8982440628119154,100.0,Sleep
2965,98.83333333333331,0.214637606935119,0.3765453878991129,0.3396521601103401,31.022698892959795,0.5927634957992036,0.4724356351811379,28.96043815491552,19.821544545083707,1.5522387393765946,21.05715804347604,0.191037117183726,80.07199925115766,Drowsy
1557,51.9,0.2349795321721895,0.3909828345881573,0.2981869096377032,23.929894199723847,0.1858479927607326,0.1771304567109924,9.239490674822374,7.843510981818261,6.004648280273809,-2.4419492524296214,0.1957644772148343,42.79595344301313,Slightly Drowsy
1823,60.766666666666666,0.196555852310573,0.3057023633210732,0.2474560298256485,25.318720981881725,0.1434525322948319,0.1672768405077609,10.396944310081516,9.861200232296673,-2.471642583160218,-2.1781101686089306,0.1655363079972261,32.16130749285258,Slightly Drowsy
196,6.533333333333333,0.357246585965052,0.223968360753322,0.1551450892565926,13.741863099627382,0.0,0.0764829119113585,6.171267207384939,6.153675414320046,0.0626594648878853,0.4614018114373669,0.0147967046965483,8.809758072285772,Alert
875,29.166666666666668,0.3087407952185833,0.2942396672298924,0.2104617698602567,11.070421748818688,0.0910824170749207,0.0670425542070695,3.304274796993147,2.9061247039863165,-1.5296818585968983,0.3643412554242033,0.0578375526914054,7.212203662559339,Alert
3523,117.43333333333334,0.1447001401546677,0.3677916920841627,1.023635196367561,9.426507140712005,0.1942245176421509,1.880746108108989,31.263119428176257,26.636981528493475,13.453481597391631,9.31974701050162,0.8926560117405243,95.98416989551136,Sleep
3312,110.4,0.1867687872057873,0.5712067049088575,0.6193056923843521,30.54236711051691,0.5682291585974804,0.4129447047239299,28.020513919058565,7.843510981818261,15.233361281090316,9.2508925871492,0.4479865883365658,96.08173614381369,Drowsy
841,28.03333333333333,0.3395485633862979,0.2777106418241612,0.1795949026622107,11.233167530676372,0.0380122601626844,0.0647306939338177,4.966618873828382,2.95863753713554,-2.973273405994841,2.659588730410152,0.0064883910075181,8.056833035992913,Alert
582,19.4,0.31990489665823,0.2243450359261896,0.1600604670749381,11.742977682593,0.0823705879296794,0.0823366034834436,4.082595109782957,-1.213977501890069,2.6401978888720268,-2.8676116478568288,0.0466022758094188,7.901068337104067,Alert
3025,100.83333333333331,0.1847492820657929,0.5783357936777572,0.6072436283330819,29.445592488755697,0.5144891257152137,0.6035836152467161,28.36528973097001,20.978681293806368,4.120935210869343,13.491520780182803,0.4670265069867429,85.70970355898295,Drowsy
906,30.2,0.3374262744709931,0.2937158441785955,0.1489620612118003,15.626669071980215,0.0670364386840564,0.0585866718761964,2.11843148316748,7.843510981818261,2.0654879236846995,-0.4690150702917819,0.0717829460327291,13.745435347135563,Alert
632,21.066666666666663,0.3441192473575611,0.3254995580291747,0.2088091550426,9.51452033362641,0.0933258085064293,0.0432296275345585,4.605878487448529,4.245293310305868,-1.1033535797131655,1.4050666278677113,0.0133510330421086,16.367254003561644,Alert
2024,67.46666666666667,0.2408132975189486,0.3532975616748904,0.2837770889741412,19.848407843587403,0.3019157383579958,0.1401944136606446,6.668382902934183,3.0160825276466543,5.946543824579246,0.0958815359071469,0.1319871819121073,40.45159025335159,Slightly Drowsy
163,5.433333333333334,0.282381990649225,0.3066019587291361,0.1824731925880351,10.356121251337674,0.0376316369180054,0.0649568718881883,10.659546637155405,2.797936276047951,4.021351338069434,-3.750344939291489,0.0423005215829483,11.586221529619596,Alert
3873,129.1,0.1528919079431093,0.3417595176071088,1.3007256013711184,5.9024813510688325,0.1320697678207201,1.996603663870456,43.57144107664823,32.02013835852898,15.784187124252323,24.98080570804465,0.8697896486860457,100.0,Sleep
3276,109.2,0.2112161617697543,0.6134845193129458,0.5306232258828429,34.661393202978694,0.3850041222787197,0.5904762433431328,22.829326211466377,20.19629744690338,9.556321549491985,4.68662172022289,0.5411240884315739,72.93836035408071,Drowsy
2820,94.0,0.2163641226967642,0.3919542888480004,0.2730984077188385,33.21090988136594,0.4496437505617562,0.6364622425386499,21.21852690946326,18.230811858890103,3.016063215235131,10.429129678696786,0.4112880866838245,66.87343816124756,Drowsy
2679,89.3,0.1800118184420096,0.6527936159993822,0.4750115373224813,35.51509894744101,0.3064537370559437,0.6410667087786442,19.109891367117427,16.69431332289686,7.878874030712973,3.289651897105,0.5029699709719601,81.0677578154527,Drowsy
926,30.866666666666667,0.3149857204836058,0.2772727042512519,0.1964872294819333,17.77229723566726,0.0947335254717251,0.0516123128840791,3.6015094163482955,2.5599874222526218,2.210290035503691,1.2377206602892707,0.0274153247322516,23.30306661000864,Alert
3195,106.5,0.1781643032559666,0.5211067746061033,0.4113551643258317,33.186130677671855,0.4803493539057489,0.4747815028690156,30.64719739659301,23.1334103723582,11.55802609559062,16.447129402526564,0.3796430934035481,71.9081399119921,Drowsy
548,18.266666666666666,0.3248583365834558,0.2748430920682473,0.2089177626916671,14.62362736482518,0.065969127717573,0.1298436799720137,1.6385876659441083,1.3121964293623831,-0.9532826820521876,0.2331570240249276,0.0614303187116207,5.744735476964439,Alert
2177,72.56666666666666,0.2217206173318577,0.3038983414688541,0.2653832911559912,16.389361804475826,0.0894171276691176,0.2416855957054071,11.863055945848496,7.784628196988273,2.192653087185917,8.6789361472614,0.1140700112514788,45.76855735967396,Slightly Drowsy
1559,51.96666666666667,0.2584983920478736,0.4438325401380679,0.3202500319773086,30.19105075549943,0.1474583713318627,0.2670475803000806,8.400591117380452,4.232642260270919,5.4142645869618535,4.831191323095249,0.1595689123238211,40.94791457841831,Slightly Drowsy
1296,43.2,0.3284945755534807,0.3332232460543415,0.1721107525795288,15.21828290763329,0.0817096070522308,0.1268571401657481,4.274050879569038,2.361913727794101,-3.1325615365920703,1.6958575067105637,0.0773145471193691,11.00730162891048,Alert
2113,70.43333333333334,0.235556816769566,0.4167269165504037,0.3541772360206657,16.634494474887994,0.1235065551799464,0.1646928471135761,14.73227445329458,10.27180581943479,10.556528511718136,0.2993685960548027,0.2365898135187288,37.588054096554046,Slightly Drowsy
612,20.4,0.347159517780146,0.2916679447941308,0.1052156850181394,12.752152621324086,0.0978867210899141,0.20907870799801132,4.963070149585007,1.441318736907652,-3.1345089417092136,3.567845190403538,0.0736298491483603,8.276018366340939,Alert
2620,87.33333333333333,0.2087664759669557,0.3321194986958349,0.5964999846859824,33.970128323394775,0.6276404766832707,0.4534971792435079,23.270470338342005,17.659481877114334,14.742521018578133,3.5093537320007444,0.4273668038133388,80.65276886026523,Drowsy
3684,122.8,0.1516122196299274,0.4023467105113588,0.9045788150422378,6.811353503739235,0.2387590849795687,2.111926888181668,39.47705134060499,34.03932614359134,15.92207294518787,12.09336393924774,0.7673760950003876,99.36250507036964,Sleep
2499,83.3,0.2071611994793727,0.5105212496751921,0.5076970838327278,26.961554326975254,0.8817218219340563,0.7398117015818505,27.281891897251903,16.423949097971537,7.287192465430083,20.529304603233847,0.3644804327069987,74.04735105397968,Drowsy
2575,85.83333333333333,0.2141609078847613,0.7072862637012496,0.4353210592050748,30.391886633807168,0.6106623239079668,0.7053796946439962,18.34638645493592,14.737235480236963,8.680726211450054,6.636925402303767,0.4452757068028184,93.52984228629772,Drowsy
743,24.766666666666666,0.3397689828058132,0.2792289474619071,0.1269560690187984,21.4820264251516,0.1198343588109254,0.0944534964977659,1.1450058753795829,0.116990546022573,-0.340776485105894,-1.086840859553034,0.0652771187819277,12.6424746806919,Alert
638,21.266666666666666,0.3538363411905301,0.3271300081913604,0.2233101095749871,14.728447462039863,0.0512874034814735,0.0974563416635666,4.023142512812592,3.830202378582556,-0.9271987102147804,0.8096468176165361,0.0392980706643081,8.415228622093675,Alert
2986,99.53333333333332,0.2161760130522039,0.56472254700693,0.3765308513548973,27.89258019063864,0.6024425945371563,0.6489272191236243,16.54525043744467,14.223106666275497,6.648821663793192,5.219360045119214,0.3948135860425748,77.54968416755013,Drowsy
2038,67.93333333333334,0.2359444566801599,0.4073468590977603,0.2728080658997882,23.68609361405669,0.2060720818307494,0.1961983198522832,11.855472907028563,3.686255776888313,11.248562349231062,-0.6584840712630728,0.1964901589613873,42.99264536199389,Slightly Drowsy
3056,101.86666666666666,0.2042114245454425,0.7646873118376549,0.4106186515823563,23.20414159331986,0.6159089774114495,0.5251405592281929,23.8200322522684,21.32627847477216,9.57531670059748,4.571333831480177,0.6044213179289961,57.93585199602688,Drowsy
1098,36.6,0.3115743406329656,0.29736869981859,0.2244849859915772,15.761973606097468,0.0823816755301176,0.0858803279861326,3.706719640397152,-1.7578876739990048,-3.13399959189373,0.9097516013276866,0.0397812189607982,13.22564374212862,Alert
1611,53.7,0.2791487589874087,0.3943144270865906,0.3296153373842169,18.388007380221666,0.1738865899081524,0.2171740285464508,11.911897728146744,11.063334417598965,3.4190854166443216,2.7938851021271165,0.2074856122401191,34.414346664824016,Slightly Drowsy
49,1.6333333333333333,0.326493062543037,0.2483489181213457,0.1991577737633212,9.8461998443276,0.0473568080541073,0.0557796760047508,1.765975003069172,0.3704097304946021,0.142196013949242,-1.7208267305679048,0.0323088891154034,15.26510119132369,Alert
3101,103.36666666666666,0.2016625981060133,0.6629381793803145,0.4579823721911087,34.40840093551214,0.4323965707345547,0.5372359930521056,20.626987029049303,15.03300215708981,12.331816384373592,6.8853282204696935,0.4239340069034454,70.76066585404516,Drowsy
922,30.73333333333333,0.2940917700790459,0.2500581056426046,0.1717911716882019,11.369176325992012,0.0309786221305858,0.0561324846291337,4.766194004774086,-2.582926129246819,3.0538711572880786,-2.5920973856478566,0.0364263822478403,14.265091903109516,Alert
3585,119.5,0.112795881313303,0.3931495892312617,1.1441855349184775,7.949120162026453,0.190573190697372,1.7715325482453887,26.866257133465734,20.2493224589355,10.926329117903672,13.869969153635465,0.8261742125213396,97.46596629747827,Sleep
757,25.23333333333333,0.3153068244105029,0.3094212349474184,0.155241241175074,12.767704312626869,0.0,0.0535209783156087,8.170940530996946,6.519077014176714,4.924285883166943,0.131577297297925,0.0732586289437967,12.01884762387549,Alert
1346,44.86666666666667,0.3245278072222357,0.3150654644739381,0.1800048152222125,9.654006053695534,0.035662152427733,0.0760014015376316,7.311601552632647,3.857258263583997,-6.210820633540186,0.0823590338978697,0.0502735043158661,9.471614192982788,Alert
2383,79.43333333333334,0.2193707914695458,0.3787600787458233,0.293779137633881,26.27890453526546,0.1752248984567297,0.2004798427575434,8.031402672387486,4.750172699167322,6.3917944559709525,1.041274145812376,0.1442803793167908,39.89986989837787,Slightly Drowsy
3116,103.86666666666666,0.2055693857728869,0.5002200146592752,0.4912746536143295,29.511210303860576,0.5221675098530457,0.5630453425209218,22.052844817300866,17.448319458116437,6.30791709620157,11.920331141831452,0.4103848372730601,74.34727428189515,Drowsy
2804,93.46666666666668,0.19309581984069,0.4905389653104332,0.4023211127904969,26.362469873645846,0.6244980641094394,0.4963213528844725,30.94337762373886,26.292960079068116,13.743200705754427,8.791888500611481,0.4283760717528364,84.39996442005854,Drowsy
2128,70.93333333333334,0.2596896847825948,0.435308356544223,0.2278611028487368,23.18216111977359,0.1482445744329467,0.2172005352009434,8.542557176271735,8.509662652235665,0.0523224670706747,0.747119143414781,0.2004657225387829,41.34507485953654,Slightly Drowsy
2280,76.0,0.2823591936876181,0.4007492517702121,0.2651396309799265,23.49672713943329,0.1811369345391437,0.172292812828816,9.61734713609066,8.661419285697516,2.7027924587191885,3.1887450224985083,0.2208545293959868,46.53683855465199,Slightly Drowsy
2831,94.36666666666666,0.2394734415691113,0.5703182254283307,0.4106649098342555,17.429845700042602,0.5073107854320473,0.4928705057970334,26.309649003339203,24.356942784793468,9.82615453269849,1.5439093097503631,0.4549103021110182,77.04919219595031,Drowsy
2991,99.7,0.2112233663968098,0.5305615423940315,0.3616238933512047,33.2058338300211,0.8512273777033255,0.3928133811703247,26.87082470143912,25.018095748747196,7.1901931440557725,6.666125395847401,0.4588747641276833,67.86491504296724,Drowsy
1229,40.96666666666667,0.2919274710980792,0.338372927655158,0.1728682987995866,12.817231466598694,0.0,0.0867694621062422,5.206668803493425,2.372216509884425,-4.5453448087484425,0.9065480842663516,0.0300361615859712,22.90528816549409,Alert
2452,81.73333333333333,0.1827953447133521,0.3941807515683013,0.4308109562036994,26.037905958186684,0.492309219192756,0.7356133799405137,17.88097499147377,12.00462341181226,9.386873321697337,9.354404985282937,0.3713853516549499,77.07898672659164,Drowsy
2633,87.76666666666667,0.2052171192270276,0.4208002993463707,0.3926700998568536,32.15501623766119,0.7752279130452018,0.4499309883658515,17.110876677424482,14.312901299922933,7.360786225547084,5.808767785898293,0.5753304759668425,72.18288462476184,Drowsy
1733,57.766666666666666,0.2484929551748088,0.3857320119990579,0.2955267213373577,29.17638827889029,0.1630789491796073,0.2153900213506721,15.696011390404085,15.241489892104322,1.6591724123855949,3.362871740425888,0.1422047799550393,41.62943460512223,Slightly Drowsy
2799,93.3,0.1867399617638833,0.4401634693650725,0.4413322427625566,23.847972505329395,0.6296926599411891,0.5672410341048901,29.423082173882545,22.44595084677082,4.120935210869343,10.716344073663397,0.4164946614222983,76.09638212291073,Drowsy
1806,60.2,0.2580061218630964,0.3455553792832976,0.2806155025800507,14.725180878883169,0.1752118220247601,0.2446052100733126,13.776240120030304,11.933073190857586,6.875453678162799,-0.3386632336202968,0.2303760721196849,45.754809491794425,Slightly Drowsy
1071,35.7,0.2718684446853128,0.3054492868519923,0.1973718471808401,15.167727359983935,0.1021171368778324,0.0666993621939215,1.7368275655567256,-1.5777853569281377,-0.2100893304241337,-0.6950005994118209,0.0231540856645986,11.356664583779448,Alert
3704,123.46666666666668,0.1318850380039276,0.3566952895741682,0.8664475385720515,3.8863066838874176,0.1177768142905183,1.5877654869350093,45.66185123859084,40.41026190267591,6.671436861732974,20.186810587416986,0.8285809645340143,100.0,Sleep
1973,65.76666666666667,0.3000727328457666,0.2496406741032842,0.3100332843738727,15.109612516708149,0.3405194625340255,0.2195146733478404,8.171845946727634,3.6682490331331135,7.120889898405743,1.6173874807076605,0.1920166439820507,40.62037714813861,Slightly Drowsy
2458,81.93333333333334,0.2169104507711101,0.5311949874685059,0.4462518043395301,29.20457662540233,0.7140280828020752,0.6567566120657957,22.82312653078779,21.46693351899509,3.52798434361665,6.900666373806972,0.4244399328417068,85.49117923971455,Drowsy
3837,127.9,0.1451144809930098,0.3320389524945696,1.0250448153541665,4.076179252246694,0.3258722213192802,2.3458826584158383,53.76622101216953,43.4793400006177,29.33370460690819,11.82739570128602,0.7792694984908042,100.0,Sleep
2899,96.63333333333334,0.236221914471593,0.5785990811019344,0.4700660087997005,23.6953943884694,0.4209198868518059,0.5797914605165628,31.11228226001422,25.290962385905605,6.710785065105817,16.831716871176745,0.3972897842259113,77.3609577558364,Drowsy
3484,116.13333333333334,0.125043837809767,0.3557738059964716,0.7815777555892114,9.623947788870854,0.0721791256280101,1.8084581485538327,35.43642799416118,31.403803113217016,11.209301720103864,11.995546421874565,0.820459084450123,100.0,Sleep
1942,64.73333333333333,0.2137138375722076,0.3386618585580715,0.2924558142964807,23.794041034409958,0.2471218463713537,0.2158961613154738,9.9603891670739,9.031476790336844,4.182956516010654,0.3803342350275707,0.1059337214527977,36.915956555351066,Slightly Drowsy
1165,38.833333333333336,0.2959911736964472,0.2185714289055093,0.1736892718866926,13.197301426351885,0.034463550360449,0.0844543212520193,5.6577581211364345,5.573799146314981,-0.9092781590751782,0.3408859974427257,0.0545374104748987,14.294253480387452,Alert
3108,103.6,0.1726074492264052,0.4471337322875033,0.3315588409351955,21.527629567007036,0.4707474647305498,0.7170882612825888,26.014739253765235,19.738002384663165,10.389975241598838,13.38754401611394,0.4668518516828393,79.09016060270004,Drowsy
2752,91.73333333333332,0.202097691697096,0.5277668947761291,0.4684303873650262,35.02841554295227,0.4844580384727454,0.5031155345657504,16.260303977904908,9.67101348623055,8.828896293404233,9.639479957099866,0.4061553585700281,77.21572137746566,Drowsy
3603,120.1,0.1140858550774247,0.3247685520610367,1.33978170934645,5.875095544417711,0.2295363412883408,1.861388394032884,34.54185712722604,17.10134138559995,24.728476273546768,17.00548375670322,0.8402629616787812,100.0,Sleep
2771,92.36666666666666,0.1957487978310914,0.676072984664233,0.4998279158018367,25.6326054060697,0.5012540492102963,0.5880696530229781,22.389629396198927,15.137197037233635,9.80576328169273,13.266792258059477,0.3819608871528735,72.26398255422976,Drowsy
3371,112.36666666666666,0.2020293155208679,0.3420540424023232,0.4218830783634123,26.36660314923892,0.5309527757376046,0.4974152236132356,24.82469821337703,21.31420884611691,5.145226608612059,11.64030866409421,0.191037117183726,84.82940474544547,Drowsy
3377,112.56666666666666,0.197134568124411,0.3892898131158328,0.4462381171965645,28.308106346817286,0.6406088478156262,0.5046234649715796,22.454331271360925,19.37237502159745,9.427523505317136,6.326917055193425,0.3230595893401741,73.00600376483887,Drowsy
3688,122.93333333333334,0.1507943713682998,0.2749974818218813,0.9776842551592,4.429067866097018,0.2569191991867506,1.736745444706953,31.21630653252752,7.843510981818261,12.490729736200352,16.74817128867657,1.0,96.29874183949008,Sleep
3156,105.2,0.1939367162483533,0.5394230283572731,0.5422701945437766,28.315641774148336,0.2894899842732975,0.4270261487831089,35.590410965396735,31.787673962080504,10.812332773977555,11.80316045604194,0.4184157702354313,69.72626731091385,Drowsy
2393,79.76666666666667,0.237796907215949,0.3459184742013626,0.3466884640340702,29.68254210194712,0.2275729843715186,0.200375624320744,12.58538013359286,5.775322593340261,7.2987614008434685,8.471453479978795,0.2514340356475308,47.996949404723566,Slightly Drowsy
1616,53.86666666666667,0.2355711850033958,0.3784457564414597,0.282524284859681,17.337548658791846,0.2318586227753818,0.2742668935167086,8.106194512337694,7.113493114654514,-2.3767307189016025,3.075671677771548,0.1314515120410699,45.465156775374005,Slightly Drowsy
868,28.933333333333334,0.3454634356912598,0.2348674975596607,0.1709526057662668,14.821610064512022,0.0270472034435952,0.0956631131202635,4.272585868053457,0.5778075620065775,4.225858480337758,-0.2514925949915452,0.053425402734107,14.23676059774122,Alert
927,30.9,0.288072885941722,0.2420884043666882,0.1870078524378473,19.292007637409636,0.0165522059718331,0.0746834326870601,4.7410080741563725,4.693234182539232,-0.0535864646632004,-0.6692077090605913,0.0513126580377344,13.228380893849303,Alert
1504,50.13333333333333,0.2915831339693361,0.3012094509830401,0.2739766580650029,20.11240476736157,0.2749205284845606,0.1104083347853551,7.991323311454275,1.9490964878776609,3.5706127101961487,6.878444302523733,0.1890336733614923,31.3993438399778,Slightly Drowsy
998,33.266666666666666,0.2943439406174275,0.3013582251992899,0.1942422631451967,14.943886832094776,0.0427183827565737,0.1166148764966252,4.374689799087943,3.232989221224696,-2.9050075897606766,0.4966109514719684,0.0550496675414843,9.923400802897106,Alert
3040,101.33333333333331,0.207409674172933,0.3741803150004265,0.3728293911477076,32.19707624329901,0.7501634126253868,0.5721410597288524,21.103810435873555,16.469918703051672,12.976969785332855,-2.3897380648750026,0.456038494046263,67.34622679163397,Drowsy
1850,61.66666666666666,0.255187686668856,0.22703594079763,0.291891483790399,25.27161845339472,0.217970585268486,0.2290605967493913,8.339919094578708,8.249728810611344,-0.9385816699274612,0.784403916591343,0.191037117183726,46.23267888627648,Slightly Drowsy
1133,37.766666666666666,0.3337281668889591,0.2614502473903783,0.1672657224722466,12.743533715235788,0.0849895848632102,0.0738370474109372,3.954177611239924,-2.482883756135376,-0.1449590362030329,-3.074052002255858,0.083684612035098,7.613311991188738,Alert
1784,59.46666666666667,0.2584423622980892,0.4049173062537764,0.3321976081603213,22.999201569408186,0.1144478090211602,0.1892355678987879,13.856760290793847,3.484885654659472,10.787416294849129,7.968502206317908,0.2060124478998537,45.76641373318285,Slightly Drowsy
1552,51.73333333333333,0.2613254141611738,0.3342787090869128,0.2383130077160622,17.37568191817708,0.2789211203043361,0.2048149251582224,7.812549768659422,7.7524458771646305,0.7082054965505709,-0.6587577582610153,0.2185045429884652,41.04331447172967,Slightly Drowsy
211,7.033333333333333,0.3119833093610702,0.3428323974569313,0.186902122775742,15.244357722728486,0.0766369700821784,0.0884317322122891,4.632936880214885,4.097351251174031,-1.8517595596407697,-1.116603507892061,0.0179969153405661,13.816004713400066,Alert
3635,121.16666666666669,0.1222062060625505,0.3509480367393604,0.8902327269923688,6.694129038340723,0.0818890420124666,1.5512229769935388,33.73513746531606,24.861162981662986,17.4483714488967,14.681158291643335,0.8306958835858268,100.0,Sleep
60,2.0,0.3374051591203355,0.3447134633230871,0.2137969508864327,13.327778273612925,0.0057389636503331,0.1314671960649972,2.1489942506462087,2.1480460850362206,0.0417878757388386,-0.0482501742200065,0.0439616952153571,11.351305956614176,Alert
2989,99.63333333333334,0.1936094166039956,0.4681651140302721,0.3447662422000366,28.218040729402368,0.454412776747496,0.6820806533765699,24.07248936457344,18.75073330669051,13.372617040197945,7.0048453348433135,0.4540896202837538,69.22291256043422,Drowsy
1873,62.43333333333333,0.2390319263747287,0.3912560228169962,0.280122545497627,18.347751767168347,0.2918563827725192,0.2673753331272615,7.668889731682365,6.206902925948909,4.437347614389383,-0.7721217090737404,0.1634245313556385,43.61160017724439,Slightly Drowsy
3923,130.76666666666668,0.1370310842251999,0.319503111494326,0.7178550413300753,7.452103849433623,0.0279073030601432,1.530181606928291,45.15540135948788,39.04593706353981,15.189222637516403,16.8437699590824,0.899978859138934,100.0,Sleep
1214,40.46666666666667,0.3156160456401289,0.2846112538411552,0.1908735260587683,13.9626865688926,0.0267422765462897,0.0407328271346895,3.113736328618617,0.5617284789955166,-2.9173519130610157,0.9321334965572076,0.0581857479338738,15.540442499562792,Alert
766,25.53333333333333,0.3273785244834354,0.2777329709070743,0.1827880695804893,12.625187918839137,0.0295974419961567,0.0857454502805485,5.024327832944902,4.359288764390112,-1.794838002593543,-1.7375350891458194,0.0522692033134367,11.84824199601051,Alert
2118,70.6,0.2521916450087672,0.3748500647132364,0.3232142320509458,28.368728000640488,0.1565871280820747,0.2176191918954887,9.962008201815625,9.366658950524211,3.32797277420173,-0.6571945920185733,0.1816598434489144,43.05172345779104,Slightly Drowsy
2830,94.33333333333331,0.2097408734533621,0.72463965054125,0.5064163872117314,30.07519840285037,0.7025769750736452,0.5196177553456767,31.33897945051346,25.769640818174278,16.71563674037269,6.216488837430152,0.5746768623013304,81.64755117425682,Drowsy
1079,35.96666666666667,0.3101988054333221,0.2809912092287218,0.1926408076292012,11.46176906437546,0.0749294358655527,0.1127424358000341,3.7348815680418856,1.567966620266484,-3.387193265496905,-0.1332020540439474,0.0,12.677775320610143,Alert
3393,113.1,0.1976545887500594,0.5778927565683326,0.4438404026508013,17.8896207521996,0.3926930272033401,0.647498443419282,21.66400405832717,16.778098747888343,11.13814597145459,7.985372788035214,0.3822291190819952,71.78877883568856,Drowsy
1513,50.43333333333333,0.2721841596517346,0.3294889653731073,0.3075314043395293,19.091910676507045,0.3586618124736608,0.1679843558281324,7.997571327096608,3.911637439224827,6.198679253952198,3.1994710785808094,0.1930740962504373,41.40575902903242,Slightly Drowsy
2060,68.66666666666667,0.2775181683859795,0.4228869233751829,0.2512560639060987,20.68940779854517,0.1628069539555181,0.1466627141820172,9.720090444456783,3.679088449318299,7.9245980776031395,4.259719678448501,0.1909235543411955,32.41055398816672,Slightly Drowsy
2081,69.36666666666666,0.2890731349595344,0.3740847956913676,0.3650576731010554,21.57930579744397,0.1792949063605662,0.197037738534237,6.73970641075398,6.677390719813437,0.9053963525291028,0.1278793295833074,0.2000534650872345,46.805516927218434,Slightly Drowsy
583,19.433333333333334,0.310858072936737,0.2976494761813434,0.1956434819717858,17.3424226838899,0.0467098520131418,0.0861290172592668,1.3750959418664292,0.9056566939891884,0.5459696478683929,0.8789720960170234,0.0380338030509124,4.50728456095088,Alert
1917,63.9,0.2516372268216351,0.3762981802663996,0.3404850456950662,18.68846246604612,0.3338952557857071,0.1909954975725953,13.520193481926874,12.336368599966484,3.9790936101487193,3.8440155561824296,0.1786276657371016,37.94724486725922,Slightly Drowsy
3429,114.3,0.1397286564815146,0.3694850308154065,0.8808648523297595,5.266488468699976,0.1892346733798302,2.0709494607205365,36.20898962852044,27.618307974814428,16.410168798963305,16.70408197166589,0.90906694880253,100.0,Sleep
3206,106.86666666666666,0.1986662421845899,0.5039279568084741,0.3627284891375658,28.59246667431636,0.5546236333187734,0.4660363537844235,12.210772677849594,10.01564089890601,0.1331493962112429,6.983708041761763,0.4614548347595252,87.7462234441582,Drowsy
941,31.366666666666667,0.3087314930674312,0.2099402899396063,0.1604613760505045,11.579678505369184,0.0746971452370929,0.0665317152088025,6.151993190414611,4.219509838947121,4.195451979207964,1.5623506725751983,0.0356922342227984,12.173180818103653,Alert
1081,36.03333333333333,0.3220836337743773,0.2683316980537317,0.1700550183510145,14.200905814907577,0.0516209176926804,0.0952234807810327,2.02905888056537,1.6983924146754128,-1.0496560473690095,-0.3616148901744523,0.0257067176631801,10.002251463906296,Alert
188,6.266666666666667,0.3418597295178182,0.2891896465150674,0.1858076973410263,16.12724490541993,0.0445051284640241,0.0878092969985778,2.2419990489093484,1.7419456176687595,0.7960870481988853,-1.1655173152231642,0.0,10.59814830945445,Alert
1830,61.0,0.2236580360649004,0.3186134305151708,0.2702834307565089,28.096364452359,0.2627860294838795,0.2430877001707116,22.173131360749903,11.959769616701006,18.41132854324349,3.103972668896085,0.2368160369251942,47.693751721390335,Slightly Drowsy
3319,110.63333333333334,0.2035632167605852,0.5300212186573023,0.540693664781479,32.90321110305693,0.4617105335646388,0.6700996333626335,18.56564621840244,9.707094846604312,12.757269651402538,9.36523358957547,0.5204847338846919,78.11423891642772,Drowsy
3805,126.83333333333331,0.1164283438018767,0.3886329424097188,0.7188129616856311,6.18399796992752,0.1394946335152659,0.95659898362177,44.34813321982375,40.51673151383658,11.720138631284309,13.70363958889731,0.8927741576930647,100.0,Sleep
1433,47.766666666666666,0.26023111057044,0.3782715921412354,0.2751405157823836,18.98999133707194,0.1934290669156763,0.2394704646993129,10.514892320143556,5.454834681404817,7.573389050432584,4.84267667654418,0.1680425041192068,48.61821820719267,Slightly Drowsy
3843,128.1,0.1361398671165267,0.2589977656868848,0.8820909178021048,5.428085119109162,0.0662690815507307,1.6927762089035148,39.00436960452644,30.027765274554213,22.884629556454644,9.796320274808544,0.8785869832939273,100.0,Sleep
1512,50.4,0.2541376505951358,0.4265401957819931,0.2664265662233576,24.893281291013512,0.0851704938362488,0.1422512652161978,11.548363998289677,5.3101975896026765,9.752114887493049,3.172186598784423,0.1915924478226647,42.46502158477696,Slightly Drowsy
1718,57.266666666666666,0.2245691185574646,0.3429865161022914,0.3578679384946225,21.827890544905184,0.2274024791783674,0.1621583992699379,14.886843355345436,14.572161987950498,1.8348220434462847,2.429738288871208,0.2326823471186945,40.86201383291203,Slightly Drowsy
227,7.566666666666666,0.3103217337552621,0.2784106073723716,0.1807616526162723,17.429845700042602,0.0494464901562305,0.0662054445187165,5.0656177873744,0.76719294400057,4.330896010406443,-2.5130137885585127,0.0562641037349595,10.68298777724218,Alert
2873,95.76666666666668,0.1677431110530186,0.4870388609747532,0.523114905089927,24.8305818306525,0.371880827693709,0.6630831823162262,23.637165541467397,20.22250846765216,9.586862250972274,7.606432691567911,0.5119797729773459,78.54699626805288,Drowsy
536,17.866666666666667,0.3618066476024382,0.2541917033775714,0.1549744545380212,8.334869764626793,0.0359688717759378,0.20907870799801132,6.419997472450438,3.788732741923713,-4.197235284553426,-3.040573584481219,0.0490192526955295,15.522491422124274,Alert
1223,40.766666666666666,0.3215607925831861,0.2918835075591476,0.2755972473543316,17.361084770207512,0.0780452480285167,0.0617439102679761,3.770777519424799,2.3589745636987303,-2.43937228153916,1.6442216945656258,0.0428093395146971,7.302835330191512,Alert
3249,108.3,0.1998725756599702,0.5413271752391361,0.46205958234014,28.63744399489863,0.5427158419023335,0.5525342879468852,29.999375116281115,25.77506370220232,12.833639286079196,8.420587936098256,0.4861458827407142,81.411713376026,Drowsy
3907,130.23333333333332,0.1382874078750939,0.4062230719160628,0.7564324152760217,6.24418806502692,0.1072795968121391,1.673922555884934,40.976924249690335,23.51149137928804,13.643650974688494,30.662173474289222,0.9985153852467044,100.0,Sleep
698,23.266666666666666,0.3078995719094479,0.2798574507007498,0.1787622104204981,15.874363688595867,0.0,0.08668654109107,3.187262129379449,1.2750466139084002,-2.515501849151857,-1.4849735555391992,0.0357092467096407,0.0,Alert
2284,76.13333333333334,0.214668709849595,0.41191492058848,0.247206235257604,20.140394632359303,0.2404120856363721,0.2126578703432886,8.118065812974015,7.296170169377421,-1.452384614321275,3.2495341720541044,0.2184224541393291,38.31114390587791,Slightly Drowsy
1834,61.13333333333333,0.255306561099998,0.3429802421642068,0.2515183737832791,21.3529025591546,0.1346478998537944,0.2023375477953435,11.5644980331132,7.299035398269684,5.046829133905358,7.415606024179635,0.1747022112120171,46.42696157671509,Slightly Drowsy
2906,96.86666666666666,0.1927109379917453,0.505068393631553,0.384377751862039,23.26112764805915,0.5882395710610847,0.4692330733111571,21.952784850766733,14.968438715108691,-3.1176700806444835,15.7528009701241,0.505927682063229,72.32613278307838,Drowsy
3833,127.76666666666668,0.119989454514721,0.3938245721267007,1.0066626669842569,3.9045461982306966,0.2989821324302895,1.1428880073003689,34.59472322277449,30.35232521970909,15.371352465033052,6.265201673777685,0.9559303521432538,100.0,Sleep
1979,65.96666666666667,0.2844883672121981,0.3699888110917547,0.2878171966410607,22.627614754059312,0.0859973994477061,0.1421283738468054,9.322334831565737,4.172016908097946,8.051562296149491,2.161607323635017,0.1588158380479082,36.546349564187466,Slightly Drowsy
1038,34.6,0.3580160024004261,0.2689889493395283,0.2259055687138968,12.39468206542099,0.0,0.088043956498247,2.9209654838863384,2.6213627627974683,0.1031813859227492,-1.284464956887979,0.0393085554902836,9.341000727198708,Alert
209,6.966666666666667,0.3050622451327089,0.3297829451594478,0.2321669899139273,16.44714512695449,0.0534127257026009,0.0638346855671814,1.778541560830804,-0.0761110163914131,1.5675423157972723,0.8367964417773675,0.0680319718589285,14.732925751830267,Alert
1865,62.16666666666666,0.2254495151472321,0.3621902278303607,0.3302893984269711,28.10003264518116,0.1746633654139268,0.1336052859896884,11.658493334294466,9.941272598441724,2.8961476141799967,5.3576016039026,0.1912428890007047,35.86324653325407,Slightly Drowsy
566,18.866666666666667,0.2789654971099475,0.2804278241945309,0.1441000322314681,13.336098718703647,0.1048040741444148,0.1039859914584317,4.229386400861799,1.9193077647434555,-0.2612541784294497,3.759749098842016,0.0504151224071742,10.80527130513307,Alert
314,10.466666666666669,0.3597156732010899,0.3507643175493727,0.1457697447074178,13.72122793214264,0.0178013407658975,0.0722460016718287,3.047596966084573,0.9659608359258932,-1.4329367478120156,-2.5102707439467897,0.0374469063696362,9.122604647337294,Alert
602,20.066666666666663,0.3440625721450026,0.2370837224765561,0.2458993816493686,15.918698361385326,0.0499314338532374,0.1017907316615328,9.025297921069477,7.913519429999933,-4.316160303170609,-0.4505252849827072,0.0,12.244876108814852,Alert
234,7.8,0.3263845938918579,0.2486628787172941,0.1677569748251933,11.510461513024428,0.0760454496729462,0.0971690223331333,3.225626221216218,1.4134485751064654,0.114713984880085,-2.8971828292670883,0.0340064670398642,11.162828702193918,Alert
3913,130.43333333333334,0.0954494390147137,0.4154726490774181,0.8385052771698495,7.293773111627924,0.0425002702476857,2.3044318602553977,39.526183398517965,36.69949994413278,4.103733970791174,14.093446895662163,0.8629916847403827,100.0,Sleep
932,31.066666666666663,0.3038439418963351,0.2632506006648799,0.1954698189025018,18.054684369462628,0.0292066341709909,0.0533510043800359,4.307288429310095,3.5785465156810163,2.397204219426898,0.0122629008704537,0.0288373348068509,15.759244391758514,Alert
3242,108.06666666666666,0.2231784994373151,0.4371163798451549,0.5751921563993632,22.5435364956628,0.524822596425571,0.680465662740676,24.19733284171812,20.53384536252237,2.5650284962242296,12.541640247370609,0.4637968116919776,72.42810490451474,Drowsy
1426,47.53333333333333,0.2391972192107277,0.3422574634324092,0.2416434363997605,19.433011916139662,0.1991194942697274,0.1691909206755943,14.304514836048194,8.902335163925098,6.726642605589758,8.950969365411224,0.2250271972849384,42.64683340268861,Slightly Drowsy
112,3.733333333333333,0.3277455177556757,0.3021821908326235,0.1924139729235449,13.536780852805729,0.0448071720106629,0.0808762294395822,5.529218230467149,1.6324949959287784,2.891637350384729,4.421046003182703,0.0288501642998433,6.111486036392712,Alert
3103,103.43333333333334,0.2152669317181478,0.3887705968348486,0.430095754976796,34.87233314882744,0.4662841713520559,0.544710767497459,28.77029154493591,25.020637879273885,6.756426303623331,12.49191976033157,0.3763000278170466,54.52348464550408,Drowsy
1090,36.333333333333336,0.3759242769265407,0.2334724329373078,0.1714646908698233,17.429845700042602,0.0379625882811946,0.0928543430526296,4.203471425497039,3.801598078393168,0.23209119085229,1.7785268495179516,0.0909210907188558,18.54855741405249,Alert
2760,92.0,0.2081615824190945,0.5456243745622817,0.5398837379333206,31.73102327915565,0.4220343315235788,0.4887297989505355,31.04391365717719,12.953516034970566,26.168933993173063,10.541247134328277,0.3983019641723152,69.86233617430497,Drowsy
231,7.7,0.3318408019202863,0.2475766604506462,0.1966653793902674,11.703283721284764,0.0333053274557966,0.0740982017152418,5.7886790891965365,4.439541798361772,2.755363331827241,-2.491434752892769,0.0410986822199969,8.849778469930397,Alert
1627,54.23333333333333,0.2511147954665274,0.3932381544862181,0.190427093337431,27.40516720439932,0.0236414359295741,0.1568335273238203,10.169779190237277,6.2063372117244935,6.690451564359369,-4.488167226999041,0.1788750270423266,45.37102663678899,Slightly Drowsy
1739,57.96666666666667,0.2263711747684538,0.3566989007026985,0.3427413575483731,20.533031722438835,0.1010196013700297,0.1939433572805429,5.768871365922843,4.498855157564962,-1.3533673012877578,3.3479211543315524,0.1515887185139569,36.44001280514228,Slightly Drowsy
473,15.766666666666667,0.3339005524210572,0.2593050323919337,0.1246028085658674,12.928363682708667,0.0911776222370816,0.0732620974642972,2.857086870322111,-0.1160857536474466,2.777016628508165,-0.6615497920461054,0.0297967837269956,11.75950436314966,Alert
2112,70.4,0.2521561665662247,0.3549579326227712,0.2559937401996469,19.222342251213178,0.2253806865023185,0.1300334879256767,9.998806549882795,9.763245658775148,-0.2164217479827419,-2.14670171551323,0.2528758126370408,36.3641007267585,Slightly Drowsy
1589,52.96666666666667,0.2208942204819756,0.4035089087373385,0.2592069911130584,22.659540281472648,0.0793539296159192,0.1703224218497409,17.398655409485396,9.64630758243252,14.34908582338124,-1.9405401609757789,0.1719556881884229,43.65826200881937,Slightly Drowsy
1367,45.56666666666667,0.322354411729341,0.3507643175493727,0.1735649229952734,15.37781651021739,0.0116107066066826,0.0467262004360723,6.546153533742841,3.392574056219508,5.232030702227198,-1.992089880339784,0.0644438836021359,12.35811293202161,Alert
1259,41.96666666666667,0.3162817603045652,0.2968213925337008,0.2256255369619133,14.254019296725026,0.055761236079169,0.0803623695525174,6.549500647169293,6.455060281753681,-1.1066493088110716,-0.0590151972381425,0.0692687130852199,13.130089373711003,Alert
1992,66.4,0.2554663928902385,0.3507643175493727,0.2569765818461884,21.221172719096785,0.1915040502580653,0.2454613942309907,14.449106706492318,11.704369928140592,5.898335278775778,6.082273435154699,0.1871064398587595,40.40904599078941,Slightly Drowsy
3278,109.26666666666668,0.1956000809341822,0.5376367551999491,0.3724702257575012,19.976700442388093,0.6214676058144214,0.4695367004262096,26.94431469932192,24.243858092799908,10.049166595647003,6.102924718953059,0.2708286444898083,83.06228033009988,Drowsy
362,12.066666666666666,0.2924432564886036,0.2921646564831243,0.1826009309824318,14.889172371408073,0.0576630958477635,0.0901248197861185,6.235115964952663,5.618264248479516,1.7043096153859385,-2.0993109978198823,0.067251257054249,19.168074479850382,Alert
136,4.533333333333333,0.3433147707968272,0.2303571993473439,0.1271757356405767,10.185859213574762,0.1005033641370872,0.068962837082151,8.572397865912711,8.39549821417063,-1.692742795972166,0.3691026063940739,0.0708421990513575,20.22761119492923,Alert
1135,37.833333333333336,0.3287772822919184,0.328168118972245,0.1733763255062383,12.98624158361478,0.0713592318967465,0.044435945448683,2.352109414937876,1.407869877194554,-0.4025930678563589,-1.8407172326138503,0.0611411802271315,7.763859857143512,Alert
1152,38.4,0.318622463756692,0.248418899589191,0.1700088067278324,13.083415303327667,0.0245877852151334,0.0827349300529692,3.770154911782549,1.1900478732485569,1.5067041610559218,-3.24464122658753,0.037732904117854,11.965655177105798,Alert
2485,82.83333333333333,0.2052749033987319,0.4423648248941738,0.5289695722985355,32.70611553115596,0.6243180771519508,0.5544241775393851,24.70565072942027,22.687237575757685,8.344313663175946,5.102044554467163,0.5233076751933818,78.54422470592368,Drowsy
1054,35.13333333333333,0.3316080140206666,0.2994389601228109,0.2124978532888291,12.48502488478772,0.012288990390781,0.0738484522087251,2.905592647223456,-0.4193808488677497,1.6934946121424912,-2.3235026003528225,0.0866603283650537,17.10270733350749,Alert
3339,111.3,0.2124425906797753,0.6243024769416152,0.468843985769304,29.74416322287923,0.6275962655554737,0.385607327415075,21.46795965806188,16.24597394271772,12.257403587251982,6.8335700649025,0.4198297177253267,78.11917703039447,Drowsy
23,0.7666666666666667,0.3326246819745114,0.3103014317959542,0.1439911077883267,13.163746910397627,0.0310021875535617,0.0669334153485257,6.997865866084868,6.413635600702742,1.2149451328828669,-2.5217679086700904,0.0583572389410955,20.854070440715443,Alert
1868,62.266666666666666,0.2385018234258859,0.4639078308555014,0.258571414680018,23.543083539880666,0.2116417993768289,0.2141100090103549,11.931198622130951,8.501809412638263,7.525445946424489,3.6661151890466055,0.1889958317954528,41.752526236897616,Slightly Drowsy
1412,47.06666666666667,0.2315314158855721,0.2459168963789711,0.2355259717334388,20.63393547810905,0.2877938149938165,0.1958748775059449,6.971813617832317,5.18340998378648,0.4360582321862782,4.642014571273701,0.2343342866572242,46.869631350965925,Slightly Drowsy
2930,97.66666666666669,0.1841898972767424,0.4520870632012877,0.4184813385647965,21.984230554019792,0.4883033373040729,0.7013433416731385,24.349068588326453,17.84304832086315,5.401284003475279,15.66297860728191,0.3748567876191657,67.83660807843276,Drowsy
696,23.2,0.3061857663470287,0.2144447959174283,0.2413344467159983,11.50692928140306,0.007638515119516,0.1020744002744519,10.659546637155405,1.0387771973962052,-0.1901695561044323,0.965580248120636,0.0616716620621999,10.259489416445442,Alert
421,14.033333333333331,0.3086590903102079,0.3404179290972471,0.1533801162343268,15.929490443089152,0.0642501115482433,0.1052303850507103,3.1226446727202712,0.3320272880562365,-2.1989066973712768,2.192139814954797,0.0485064261666022,5.821334526769184,Alert
2260,75.33333333333333,0.2498647081268701,0.3331446792293308,0.2389134216124828,18.160751679184717,0.2645648449766815,0.220528442016834,9.666955189431086,6.76699292734374,6.032762619406723,3.356129397630152,0.2184887080559793,46.49451263387488,Slightly Drowsy
461,15.366666666666667,0.3123702788629812,0.3166419128070849,0.1699426775439592,10.647338216746078,0.0797460710216069,0.0759024667227056,5.251721844270442,2.078489663831941,4.822734919198531,-0.0411211147010143,0.0457836734623745,7.284239068945213,Alert
1068,35.6,0.3688236138499877,0.2371062847224784,0.184044042698706,13.954154833415725,0.0453035879862052,0.0778276669012331,3.3566563772170768,1.7098229746987914,2.6191981989963,1.2179688929848702,0.0483782322274557,0.0,Alert
88,2.933333333333333,0.3314188304788446,0.2999418548081272,0.1934312568005194,17.429845700042602,0.1031661012052972,0.0839304233940294,4.753950983971146,3.772509393971281,-0.2692070828616801,2.8802344308989456,0.0264721539588146,18.94409284083841,Alert
283,9.433333333333334,0.361237022358098,0.3174713695992715,0.1581119259057777,14.903543293182755,0.0,0.0914478062235135,6.8293440895727855,3.126508532156347,-5.609449018596492,-2.323567687824728,0.0343372220651246,10.40004475443515,Alert
1351,45.03333333333333,0.2745933374966501,0.2204957695910108,0.2020704229127919,12.574516005754615,0.0674707100444199,0.0822846528900471,2.363205555606364,1.5829008307651982,-0.2890838567646701,-1.7307790100904537,0.0396844462220065,9.372892962100844,Alert
1331,44.36666666666667,0.3024970602046147,0.238289830323393,0.1737448070713874,12.670560747595909,0.0738519914184485,0.0789721014561495,3.907851204487303,3.569255986379804,-0.8730644192558819,-1.3302147420376105,0.0283287890420785,19.841441351162917,Alert
1425,47.5,0.2649255518722082,0.405039558701415,0.3077613044387176,14.628978295159031,0.2955318518410501,0.2610923289677839,7.299964580705914,5.312565004874857,4.9465876506914,0.7729207996730452,0.1020648597307139,35.275406883069714,Slightly Drowsy
3818,127.26666666666668,0.1282416375416627,0.3744235035888089,0.9861831842465968,7.53488556471201,0.2805895734075661,2.444942977584369,46.82926908685872,40.83270999771867,18.683567785833294,13.288887547262908,0.8680718745419915,100.0,Sleep
2835,94.5,0.1986518076251286,0.74923902890033,0.3983387092082249,30.71759039024294,0.6507472774664709,0.5212501160476267,27.544823695004283,20.795690939396707,15.67298350132687,8.978537682111657,0.4730746894339947,77.95531453242337,Drowsy
860,28.666666666666668,0.3385031416026311,0.2739259453853515,0.1924740817716133,12.43556739067056,0.0591969738167175,0.0955559526175543,2.3525097605836125,0.1692511256572788,2.344074359419544,0.1047455374551369,0.060909204809645,10.731942154459992,Alert
534,17.8,0.2751519721702009,0.3507643175493727,0.1620053581824881,12.357162594304857,0.0220912438440702,0.0669307420855038,2.2084450267339983,1.0336459602556007,-1.90662329644667,0.4166450172511843,0.0472073743180972,8.282468819205333,Alert
3270,109.0,0.2244993495632567,0.6138078751686615,0.4828033177749194,33.53545982382954,0.2844373466405762,0.501994295873705,17.219563005228455,8.707594765196447,13.978585794316595,5.028944490356405,0.6513757199636631,73.28208066829805,Drowsy
1615,53.833333333333336,0.2319359278220909,0.2740545021985559,0.2870918885258923,21.99625103261905,0.0784105570099592,0.1977842589807066,8.024550693668434,4.991228784240299,4.037160273226778,4.814809029121005,0.2397043978985614,46.11428616404142,Slightly Drowsy
1437,47.9,0.243709992132996,0.3715834969509363,0.2498912303238773,27.16640206098017,0.0819015615752481,0.2177949966670849,9.30770125850382,9.247423513568044,0.9613929566664884,0.4406638868054542,0.2206869685668062,35.344685060615284,Slightly Drowsy
3140,104.66666666666669,0.2308734525965837,0.5613308159869,0.4813390943505571,27.78147948331197,0.6416371100658803,0.7118010572954878,22.482092238300936,5.624673584634802,16.507707944417454,14.188132255501412,0.4750744273530415,69.78134113222178,Drowsy
3190,106.33333333333331,0.2160924869691529,0.6173936342304274,0.3973509079631508,28.99110285339259,0.712911977825931,0.3979932954654768,22.3163005739924,17.20582009813735,11.718977744853635,8.040061360147162,0.4995443375812176,65.83947145339177,Drowsy
2818,93.93333333333334,0.2210065431585092,0.4499653032888235,0.4591191078352332,29.82854403630649,0.5752215468827032,0.5393220241346035,17.448784642094534,11.792418573133553,4.662754490263043,11.985727772886417,0.398183577884461,73.16978265378957,Drowsy
3013,100.43333333333334,0.1881257204724493,0.6051007650945529,0.5099889743483792,31.14611467555141,0.6401234598032919,0.5964865640230146,26.704313959110884,23.86721457671307,-3.6296827038719712,11.414983830260644,0.5782820269010513,73.586771463663,Drowsy
3964,132.13333333333333,0.1281946112785566,0.4243419231744432,0.885849037180404,7.1265738099786216,0.2432828004999402,1.622746684597105,58.62175701627551,50.94903487615609,23.93705235894702,16.362266506462554,0.8354570782312831,100.0,Sleep
1511,50.36666666666667,0.2946299267040493,0.3423760527206675,0.264885221841546,22.55942373167834,0.3384093415367071,0.1328101869392401,15.066215741601845,7.965950472971889,12.34908864717451,3.321821701849121,0.1305866408278608,35.99692118778283,Slightly Drowsy
1939,64.63333333333334,0.2479827815384195,0.3380140820311188,0.2899573844744447,22.58957769476373,0.1544955666267753,0.2051939132186744,6.013189062007535,4.527846026562978,3.314168277436641,2.1617913137066576,0.1292450962957688,25.5944944447892,Slightly Drowsy
1430,47.66666666666666,0.2651656477223584,0.4031913672077883,0.3038989173558705,18.326140594851218,0.1642618507421737,0.2062759496479405,10.7328257528386,4.027516633314679,9.483851040517171,-3.004867359876364,0.1488504193852338,36.97848849422488,Slightly Drowsy
3934,131.13333333333333,0.0970518806705686,0.3807884454353717,0.9220196449463518,7.982607225148806,0.1691285237031616,1.994858490026338,39.85839490634695,26.780569199892152,20.575788652566654,21.169073649194036,0.7198406897999854,98.06923491944916,Sleep
3509,116.96666666666668,0.1381973040350787,0.4559963226366863,1.1109750936728895,5.985880574258705,0.0935579779562624,1.9745990958930235,41.70809852098439,25.54378317951067,26.70363256765737,3.289651897105,0.8666957043266937,100.0,Sleep
943,31.433333333333334,0.3261322935659234,0.2365124707078214,0.1516527383194479,15.614494104009278,0.0093734707648069,0.0907642321098451,5.697040937487144,-1.4236594366401452,5.2944776513752085,-1.5485398448081094,0.0355266685639311,12.35885779134864,Alert
3745,124.83333333333331,0.136403789473789,0.3665218953436358,0.7747438316342247,9.011400719621577,0.0273934393171177,1.0172092124154024,41.7119265394938,35.684902184789024,3.783981666167396,21.263914372670783,0.8801510563502657,100.0,Sleep
3868,128.93333333333334,0.132250107143283,0.3690227962285727,1.0685753597126595,8.938487918838113,0.1302665008693683,1.5001251994489728,45.79456702537928,42.836901629571535,14.838666333777171,6.47736128799334,0.998981930215752,100.0,Sleep
1415,47.16666666666666,0.2683837230735391,0.3070329656362586,0.308657208146296,26.045064492423123,0.0,0.1939454838569703,5.543387836824992,-3.0652069966989632,3.5271662177162155,2.982071972546683,0.0806982405635664,49.68758692203794,Slightly Drowsy
2231,74.36666666666666,0.2529167253248394,0.4002845736961125,0.2857168850275984,18.157432991108607,0.2439910145521613,0.1737681075412083,8.680088643580468,6.681548516862673,5.2216107275737045,-1.8535451672166072,0.1156199150443308,45.5091981029968,Slightly Drowsy
2751,91.7,0.1724171528185414,0.5837633430072977,0.3606935665064137,36.36841372121626,0.4375515658768804,0.5499639274642725,19.64229417945228,18.79555983080153,5.6237335645789255,-0.9593081223118743,0.4533626568331359,70.92998211318385,Drowsy
122,4.066666666666666,0.3504690462924329,0.2725294995174427,0.2247217841054985,14.37166864300528,0.0365165611552784,0.0677319467291812,1.7376422295355194,1.2438257837796791,-1.1645304556236864,0.3408324447509754,0.0432114796209972,11.377576582449349,Alert
888,29.6,0.3076073513356275,0.2755667590428318,0.1634665127987811,10.451417008637476,0.0157023028181113,0.0839643465544164,2.911455911581875,2.8131487455739546,0.4456437107779166,-0.6034661079172715,0.0586613321144197,12.289070798474482,Alert
2853,95.1,0.1943884398973818,0.4363751345181775,0.4072378545550393,28.40715481309532,0.4951011274605614,0.4616837589975522,26.11520491554125,23.6889873579104,9.282449695732844,5.888287814268303,0.3642320622508617,61.78402331570946,Drowsy
686,22.866666666666667,0.2931065837889597,0.264899052440404,0.1163973835463947,12.159840866328716,0.0375624993459562,0.0921976009438083,4.071668647116438,1.9001838415665904,2.384769341626677,2.698270210226859,0.061163401876482,13.913334384326047,Alert
3956,131.86666666666667,0.1448245859093605,0.3275405711194607,0.7789741277300594,8.932572842593483,0.145425088478121,1.914711742618625,41.51803168420508,35.920009572436975,7.270983816030365,19.50980936846173,0.9012122564836034,100.0,Sleep
414,13.8,0.3050583079186286,0.2929574161479609,0.1975294249930592,13.748810698570738,0.0477043718799383,0.0882110017065523,4.723306682944377,1.4223263063557994,4.179543773804718,1.6786982284632044,0.0574564870201126,8.126491224745815,Alert
790,26.33333333333333,0.2798823747550547,0.2406557349398729,0.1830762431945256,9.78180230089708,0.0832484441279902,0.0974311193257628,5.183851495640689,2.817926382194476,-3.363402038273766,2.7602778777370296,0.0807442127943671,12.891761752605944,Alert
2229,74.3,0.2482419167639061,0.3691129221791021,0.3226246103883324,17.90947680951086,0.2228389554559333,0.1388393990234084,12.122336758644844,8.527251576938916,3.569983118167797,7.841699405714408,0.1181598982312129,48.367603705730914,Slightly Drowsy
2590,86.33333333333333,0.2237778593938877,0.5063743046041778,0.4674110897309405,30.595566195666805,0.5534476035865422,0.410912940909572,16.732614062751708,13.308702481508767,1.8504232872386372,3.289651897105,0.3570953378013379,75.24039876975606,Drowsy
1491,49.7,0.2344091104928124,0.3800733429240772,0.3407607829012393,22.039088033272147,0.2339668076837716,0.1871364926229717,9.605603472138212,1.597293173442103,7.869717676616231,5.271035597715405,0.2084309610070077,39.42746012803767,Slightly Drowsy
3086,102.86666666666666,0.2110041817202533,0.4253866377858811,0.3994798768309369,22.71819970589256,0.544510637348842,0.4640780723640056,12.973431489603094,10.396532205976028,7.683968664513097,1.0856648968761915,0.53290351725523,71.15492669961435,Drowsy
2580,86.0,0.2446494854373704,0.448558359788779,0.4610109350512133,25.15630726740501,0.4648419753787816,0.4910839561069337,24.31740932723292,17.63646218631856,14.707767477750092,7.998323184217228,0.4443355915062355,73.80667173825488,Drowsy
2154,71.8,0.2378518150464773,0.3284653837161212,0.3656123511934624,27.829876781798635,0.2584748347281262,0.186276962770344,12.576439228536168,11.20220381342903,-0.5338385562018342,5.691438288110648,0.2171189414968017,40.37284778662403,Slightly Drowsy
273,9.1,0.3218009215320936,0.2725726860534597,0.1514424461993329,14.193701296297156,0.06031010160571,0.0551647884903675,4.776567069634794,2.835441043112244,-0.4657771464742463,-3.815615115754782,0.0227922997844099,9.895501026479296,Alert
2209,73.63333333333334,0.2587224617753958,0.3224181864490356,0.2659948731392975,24.113758250381164,0.2443854971871136,0.1727721432335283,8.145299283153953,2.2476159767834707,6.488563894802557,4.380942982523361,0.1686012196484724,42.35475133505535,Slightly Drowsy
522,17.4,0.3210760217712597,0.3157994515042768,0.1742866144221234,12.564793557281826,0.0387549806044765,0.0915869351951355,5.845671542826935,5.530067196358123,-1.8844312175075348,0.1978675740577674,0.0467671488387191,8.310755264459019,Alert
523,17.433333333333334,0.3205104291803229,0.2287014149930267,0.126928490887818,14.916866019730644,0.0346450103467686,0.0840456081524243,3.522989777354019,1.955262557479125,-2.929200145991392,-0.0905086039286729,0.0153379738997028,16.74221906827309,Alert
1695,56.5,0.2260000883981271,0.3344401100719307,0.2977101328523642,22.14671314083519,0.1934446014086535,0.2774953696471753,12.367484976393875,9.558631338849374,7.40976505928537,2.585078980512688,0.188805807614051,38.37152111604593,Slightly Drowsy
2345,78.16666666666667,0.2382511511315195,0.293810227770157,0.3482287104551255,25.23083931471885,0.2736000787612034,0.214706221871551,9.714276117864529,9.09685571577188,-0.928632098992173,3.279027143111651,0.1428494799819661,31.81757918681715,Slightly Drowsy
1518,50.6,0.2603400060502787,0.378043030478284,0.3008346277024629,20.450490256637387,0.2190846456511637,0.2024537465696345,9.56595364341358,5.907540213605495,4.98163896708536,5.638413866876767,0.179111991062587,40.346086114114165,Slightly Drowsy
2604,86.8,0.2123900108091389,0.628929811929346,0.3743883256719404,33.271305580956785,0.5120606108031517,0.4888773729854609,25.492569301115637,21.127317700228307,13.499270648727634,4.61272460897065,0.5839410707134765,90.34812548505964,Drowsy
351,11.7,0.3068834398233299,0.2972779196675103,0.2188818918534418,11.232107957993872,0.0353797625205893,0.0769740155953495,2.7317436130498125,-1.489473005481213,1.774047725275201,-1.447980663485218,0.0360921929764595,9.685499221319876,Alert
2226,74.2,0.2631954951728356,0.4163361818389317,0.2205312612037907,21.365971931440537,0.1148385621533568,0.2172211844670813,7.000759059457147,5.745771736755567,3.4794437324794982,1.9723604818038143,0.2088065373107307,42.26295725818367,Slightly Drowsy
3227,107.56666666666666,0.1853355481922295,0.3822931732327185,0.4154425289316629,25.700054649740892,0.7084205291568817,0.6365633914681535,24.80371026319669,14.313064486183348,18.38772605533626,8.500103431657413,0.5142584944705866,84.54292243080543,Drowsy
3128,104.26666666666668,0.2173068792235714,0.3507643175493727,0.4586365311436089,25.43384626739379,0.7420009167747224,0.6253452100721686,27.43936525774307,21.015829045103228,17.200335787764654,3.9245565460285223,0.5299316508327363,74.95718738557649,Drowsy
1564,52.13333333333333,0.2362905429462315,0.3097152456340903,0.2815058948867744,26.064239908440648,0.3286461708362838,0.2318173082722973,9.24187973856368,7.102110493688336,5.079135717599744,3.0289846483134286,0.1389622664120228,40.15596986735292,Slightly Drowsy
652,21.73333333333333,0.3185682397294475,0.299182342364751,0.1398153190041402,12.144034073923164,0.0453601171071386,0.1179577458531741,3.6807804825635,1.7154686539656048,3.255666790984894,0.0771103375686354,0.0303268272512486,10.68528323543946,Alert
2443,81.43333333333334,0.2028229789976514,0.4543809895407881,0.451810655720181,33.872867164622875,0.5598844540784605,0.5586547647617978,24.35557431414757,19.644926394522983,12.755131137349652,6.676638135675228,0.4645182733576933,68.16550397161683,Drowsy
3915,130.5,0.1284860743639447,0.4486716293263582,0.9340035015297692,6.0799971465057725,0.0616225301469111,1.362751104981049,47.35122601028323,36.35784147569884,26.059733528093,15.528562597666976,0.8367046794591129,100.0,Sleep
3723,124.1,0.1344946746498507,0.2609461155003639,0.95001845823064,4.763195978530025,0.2714861370387246,1.4579715597124332,34.87257108265827,30.758410805176972,10.998170738534776,12.208874602561188,0.8801865500417191,100.0,Sleep
2381,79.36666666666666,0.2319566727699047,0.4104443068383381,0.2999125106565324,28.6149252554079,0.2154703001073034,0.1956582667390961,6.381488552229681,5.1983311522862845,-2.973421085404693,2.2044310881221008,0.1689640642296449,42.22839100490213,Slightly Drowsy
3455,115.16666666666669,0.1157174367598889,0.4232937712202811,0.825988828122102,8.202655623267395,0.1420579689916968,2.07107153388947,40.34696465707825,32.59908274841069,21.414713837968637,10.324117019857384,0.191037117183726,98.47478157190362,Sleep
1726,57.53333333333333,0.2361099367723038,0.3714424604047953,0.3340782922159384,19.072815251173804,0.266337886850969,0.2208224318337548,6.96397824689611,6.8616921021895365,0.0262656034675372,1.1889005997418105,0.1915780429140263,32.28026167791645,Slightly Drowsy
1955,65.16666666666667,0.2535804182845904,0.3217646135206018,0.3311047605292689,22.74314149233765,0.2769471065941918,0.1572668731551771,13.981170235459318,10.63564701365076,8.275557102176794,3.7244178608913385,0.1477231165676087,40.09492261609178,Slightly Drowsy
169,5.633333333333334,0.3442364300131684,0.294951802665509,0.1606131807046859,18.43827723152378,0.0022545267297408,0.0983830834722,5.662731311499549,4.501455795107446,-2.011860627229934,2.7849306001286576,0.0349990697080209,12.92577836693258,Alert
3729,124.3,0.1443740887347224,0.3520902279676747,0.8736956799803753,3.956764090987691,0.0772388805958029,1.327287989825941,40.249607797598905,25.43008528366557,25.154955079511,18.454536712521783,0.9521877073796176,100.0,Sleep
963,32.1,0.3078208204242714,0.2023836821946795,0.1547370393083583,10.831808279068174,0.0830458246416206,0.0864330531918317,3.2442407819845736,7.843510981818261,-1.1100673975117328,-0.558700494113843,0.0325813779278466,11.100071090763398,Alert
946,31.53333333333333,0.29851501972957,0.2635410499306775,0.2249563908200956,13.320674900325727,0.0,0.0787339355443732,4.0222287481320285,1.803529017714108,3.5951057081203786,0.02867284435152,0.0315683537711941,15.855846112225,Alert
463,15.433333333333334,0.3221116696597487,0.2425760927185722,0.2086888500627403,19.811683264632045,0.0493197570206467,0.0901004217654753,4.767948251071124,2.2112961895383183,-2.1407540097215274,-3.641520555604032,0.0258845303380926,5.798128504842705,Alert
1831,61.03333333333333,0.2699206500661505,0.448711980902009,0.2632274787606209,20.25460241622267,0.1565871280820747,0.1926920091231245,13.198061158456246,8.114752985493606,10.250995140212046,1.804633193234304,0.1678128414962507,41.86966443865217,Slightly Drowsy
329,10.966666666666669,0.2862605947112117,0.2654675181233155,0.1810208223321669,14.278431504600132,0.0428362685993537,0.0879163956219184,4.761652226749909,3.732139389544529,2.20391263637799,-1.9716076173356532,0.034316898041424,16.782687199803327,Alert
1675,55.833333333333336,0.2417198952972319,0.3137653884738234,0.3487032082017727,24.237769952203205,0.4277607671166112,0.1812956186633109,8.557427204755209,4.4636402591119335,3.428693445619398,6.4458930535563725,0.1653552124249861,40.73160951759398,Slightly Drowsy
2275,75.83333333333333,0.2587499659281691,0.3404708843675715,0.2527046165811374,16.799911869971226,0.2777534955056195,0.1454454740133144,8.42215808122302,6.81812887696544,0.2147550171005248,4.939609867674812,0.1666259269474419,39.4236509184614,Slightly Drowsy
2148,71.6,0.2859208841653237,0.2934905242223248,0.330540521713326,20.3280369940895,0.2278306024961787,0.1338341587770681,10.418117197002664,8.834122560706996,-4.021249587264251,3.784837680775413,0.1902902418811734,41.36244602844427,Slightly Drowsy
2026,67.53333333333333,0.2538725650183652,0.3236120349254278,0.3297078591709347,15.53409978700548,0.1818727105178216,0.2334492390564347,8.724434500520694,8.668703935509113,0.100657693885612,0.9793862675299404,0.1397282976269358,43.69659880828683,Slightly Drowsy
368,12.266666666666667,0.3144621684261969,0.2792194900698682,0.1593334337227378,14.51189720600446,0.0806351311792245,0.0476822642517905,4.008965275514092,2.7491192195933705,2.797304612864002,-0.8302005779267392,0.0540140122424116,23.20406992521343,Alert
3474,115.8,0.1212815459825568,0.3056462093628363,0.8784901294024506,6.387855511748569,0.1808668571510335,1.4430365219757797,39.61115929805246,35.23513973655716,5.660416371365542,17.18978054495624,0.8769637419709359,100.0,Sleep
3034,101.13333333333334,0.1903803758897762,0.4387184362159065,0.3983387688064234,33.630530997088755,0.7670331172008567,0.4252725115370609,25.47892661721729,19.975858925183875,8.093851658797336,13.587874266863052,0.4494402152724543,75.3602072860182,Drowsy
2203,73.43333333333334,0.2481642030637441,0.3857073453817152,0.287299972444508,23.96158988532433,0.1136501989887476,0.1364499860108789,7.400673499719145,7.295770320148763,-0.9174129528564592,0.8366941848804923,0.2172911341930549,42.23030881694515,Slightly Drowsy
2908,96.93333333333334,0.2317347504556055,0.6175128526270963,0.4183423060503767,38.31381697121191,0.4063675105634027,0.4687305275183445,23.12873554311488,17.447429146460365,0.8139576077421076,15.161236658511386,0.4528206427096496,70.22699360293461,Drowsy
773,25.766666666666666,0.3171710376385979,0.260565441919539,0.1503743111271901,15.853299542269786,0.0714183498963853,0.1041802039780199,6.426678815371342,-2.449687770520418,3.1925121070231315,5.010897810713788,0.030967178216461,18.66075636203736,Alert
1285,42.833333333333336,0.2446494854373704,0.2710191807473667,0.1844097685286566,10.592242298546015,0.0614888138070111,0.040413604102946,5.104747126731972,3.734244887532862,2.173284528706237,2.7185828486730204,0.0196006256246462,11.828086158217529,Alert
2553,85.1,0.1866344223115439,0.4847982515678188,0.4944148705509533,24.85474566294295,0.345406189269323,0.3918298826275102,23.111676535695157,17.71596301642271,12.98397058219133,7.19101902459832,0.4701309892666348,64.36395939160191,Drowsy
3601,120.03333333333332,0.1256934472025511,0.4191301304185921,0.7849735693124514,4.367085712307419,0.0214479188975393,1.8118995447689312,48.25578133397519,35.60226989231795,23.32037278520266,22.74332921597361,0.7947620686247026,100.0,Sleep
3160,105.33333333333331,0.2044764465953255,0.5626868319511327,0.4429720861036511,31.399631955400803,0.5612075680546054,0.5981851738045082,21.26370760974743,19.06801352428482,6.372773645736169,6.92415176109916,0.4788795996920072,79.98274204966503,Drowsy
499,16.633333333333333,0.3079421607265924,0.3184644175104688,0.2387951176423402,15.12653262357847,0.053310916151417,0.0807356566634847,4.555976932539072,-3.960766971964365,2.235452592854452,0.268332831991687,0.0485668410132145,8.622527738340494,Alert
1235,41.16666666666666,0.3226135561387304,0.274935998374018,0.2301612531912696,15.243044951132983,0.0,0.0547022231179458,6.899096247421293,2.138020022480833,-2.789543845177952,-5.936736860471704,0.0669909262766748,14.808378875396713,Alert
3520,117.33333333333331,0.112128886796843,0.493011024379719,0.9013221019490916,4.462966866040464,0.1270153849706935,2.0971696354348426,38.02647328827018,34.31447556788897,9.973747315016482,13.002069133044866,0.7335623639126255,100.0,Sleep
436,14.533333333333331,0.3123597346461549,0.3055835641731675,0.1604802051789484,8.774242752867108,0.0431896701281637,0.0746879087942778,1.1824730303073516,1.0003044033290711,-0.3439225065191773,0.5285365432912731,0.0369976609749238,6.69302232198929,Alert
1252,41.73333333333333,0.3285216149812055,0.2674033061985863,0.172568784046965,14.099766736299404,0.0042883722001439,0.0646626094976417,3.7101842668360905,-2.462359922979644,-2.7689306951222816,0.1878129633208995,0.0460035009856904,3.25532384871662,Alert
366,12.2,0.3055218972591063,0.2631708173670807,0.2008850399147786,12.705768567826963,0.046476350238837,0.1233987317616108,5.979219829599873,-1.5592065922098075,-5.555528194723976,1.5671793295972134,0.0264271387741179,9.957079526312272,Alert
2652,88.4,0.195450840319568,0.4579330480556437,0.4355816604958967,37.936265848790896,0.7062768052941676,0.4628996821477567,23.260297849844488,19.33843701163644,10.57587497941859,7.4308262279613135,0.3698055710353765,77.72924382288566,Drowsy
277,9.233333333333333,0.3114362699785559,0.28596623198488,0.1511180230414616,13.483471800759885,0.1565871280820747,0.0831394592193686,1.6673125660880392,0.5336718260901612,0.672649212872379,1.429219581273236,0.0,15.87800444252856,Alert
2657,88.56666666666666,0.1866535183416339,0.434585024363629,0.3496167897542828,26.63796290059539,0.6597934315033973,0.5756167216861312,27.948957693083536,11.98675867431928,22.915954542171345,10.598154557966271,0.494418708103038,84.06776171498097,Drowsy
2253,75.1,0.2502628957711953,0.3198611162565702,0.3070084972165402,18.482123747066947,0.2363924423075745,0.2192891744022065,8.405423347237104,5.55619732736751,5.270608324732719,3.464173897611218,0.178425575007594,40.26474177879738,Slightly Drowsy
2078,69.26666666666667,0.2523087181480262,0.3434723406316555,0.3065237608536137,25.394187223012217,0.2838466931657509,0.2204237068321756,10.814041701225618,7.8603781433635485,7.177706757003393,3.289651897105,0.1884228300933576,40.9340264162667,Slightly Drowsy
408,13.6,0.3389141168728285,0.2311926725899258,0.2116167465688765,11.013692650584913,0.0614321314717893,0.0630969208314768,4.650938660625221,3.383472457686067,-0.1017756777837266,-3.1895119163266648,0.0484139926203695,9.20545449260846,Alert
2603,86.76666666666667,0.2196404953975367,0.6679801172275832,0.3192222318058147,30.272189295753144,0.3693321777886474,0.4501667863427529,10.659546637155405,22.105611298042533,10.948282731109702,10.905344296957496,0.3749618376638811,86.10817790054081,Drowsy
3819,127.3,0.1320260209751846,0.3251723408155381,0.8806442526829671,7.736084000300081,0.1302799501736171,1.8084606137029395,33.61327297741496,29.49026104007419,7.754604540938445,14.143646363514389,0.8133746193942804,100.0,Sleep
2467,82.23333333333333,0.2368911317273036,0.4431332722293286,0.4623553983045138,27.285184019532988,0.6576637062728256,0.5614897213482158,20.19143687820855,18.76720476546,-5.805909488053576,4.666643709830987,0.4921243132619298,79.95117849199703,Drowsy
845,28.166666666666668,0.3249418891738561,0.1917438319488285,0.1928505874131434,14.979571769290256,0.0508048451832344,0.0978340116213915,3.307915792111677,0.3190160391837444,1.0094993664627026,-3.1339187423347057,0.0481418076679766,18.934742509111015,Alert
3374,112.46666666666668,0.1696335853210629,0.6061352044831807,0.4223122755585059,24.36679552257209,0.7077078207803509,0.5773580822677593,18.5869819154209,14.672845349096525,6.373641122503121,9.463625358561975,0.4601719907531773,76.19858714225992,Drowsy
1455,48.5,0.244173359877501,0.3835196371004578,0.3276144567900826,21.010223764617365,0.2523750794406516,0.2226080086833839,10.925080092737026,10.077575524481418,4.157236794973861,0.7191862148341053,0.1615000338720012,42.89408999234032,Slightly Drowsy
87,2.9,0.2818618707268815,0.2557832175541564,0.178632419509335,14.60834862330673,0.0403505576857468,0.0870411079302859,4.478995470494191,-1.12884856047611,4.331293812219778,-0.1643023567851376,0.0623459166317625,13.15549681773656,Alert
2385,79.5,0.2364747697877318,0.372002491424597,0.315141302338994,22.30396981669389,0.2077827732101007,0.165088662885853,13.852134420945722,11.004716792664476,8.178186312572734,1.9736020282837583,0.1750284616206801,49.55429463043634,Slightly Drowsy
3554,118.46666666666668,0.1200999319597087,0.4740939039642388,0.8253912285912345,5.888416759911829,0.066754900251161,1.5282588827483554,29.072825433896817,20.633445584939984,18.692116482715743,8.372268712824788,0.9225608810515734,100.0,Sleep
1704,56.8,0.2549692484226258,0.3080930357494281,0.2517155567482717,23.238936764348523,0.0056710130266683,0.2656967698371329,7.262486270890532,7.152740463630082,-1.1718640496141122,0.456886576782896,0.219665855130432,44.26896139947809,Slightly Drowsy
1481,49.36666666666667,0.2252529261992166,0.3333603393459776,0.3140001707187837,24.106776829861342,0.1966833630136171,0.1544959918014306,6.215545259368305,4.61110983846259,4.120935210869343,3.289651897105,0.2481490861878895,36.93609872413255,Slightly Drowsy
3766,125.53333333333332,0.1476290783153201,0.258816682555019,0.9944020127713452,5.4846295321065135,0.2290572772395715,2.3167259725462133,32.06649995226528,21.49205274113529,14.111178488309925,19.163160747432755,0.8229601323869233,100.0,Sleep
856,28.53333333333333,0.3651354211604945,0.2380714713180768,0.1672028624150827,13.02649109618656,0.10423221357726,0.0793011699908273,1.8804751499826675,-0.268316398430664,1.6760858487654575,3.289651897105,0.0155122545328409,7.076471663687168,Alert
2610,87.0,0.1933765104892541,0.4426400935632061,0.5292311816727225,29.225533060592323,0.4078403755866875,0.4799453184167498,25.3677299836275,13.639656127662622,18.435567420838368,10.844877090731462,0.4311457380154213,86.5421596714995,Drowsy
79,2.6333333333333333,0.3061944238929757,0.3021526136214429,0.1860876906255389,10.21063971250692,0.1119002080532024,0.1159175534619104,1.37794740382727,0.4680282737890344,-1.1631046798079523,0.5717307814498099,0.0466891357997405,14.45907895303104,Alert
945,31.5,0.3116214215305452,0.2752633018126912,0.1431151452687573,12.970191914035118,0.1224622309277565,0.09158152601751,5.995671995796532,-4.22790352037865,3.6501704774938406,2.1792590458183225,0.0328142939138716,13.907751899052808,Alert
200,6.666666666666667,0.334713831744268,0.2240656476840688,0.1938651799824582,19.06077405821713,0.0,0.0837941233522079,1.3239869736504508,0.3450445555084773,1.2776616185791072,0.0382955548315041,0.0271702618191138,12.950313797692482,Alert
1732,57.73333333333333,0.2446494854373704,0.3191696906430208,0.2757762816284529,22.344531683736044,0.1819213437318201,0.2173682871144754,15.759206221921398,10.486366762609851,4.120935210869343,4.447282559432249,0.1459066528618756,39.691143916312896,Slightly Drowsy
1874,62.46666666666667,0.2570971308051555,0.3346166075395146,0.2690302596609421,17.429845700042602,0.1777228229025292,0.2169293921007251,5.360720258360084,0.1136202012080715,3.7026019407683113,3.874938839064223,0.1571806125743569,36.57347587333141,Slightly Drowsy
802,26.73333333333333,0.3282695951634559,0.2829702910426386,0.2005685812265545,14.782164128727278,0.0526295064018915,0.0746326240172523,2.693296803873761,2.2032285626062027,1.4537741365178245,0.5349507777961224,0.047616528366905,17.106070279239955,Alert
2469,82.3,0.194686965236616,0.4680586250498811,0.4254829665564495,33.84650990955832,0.4849812326474413,0.5159060819443235,22.23758131044809,21.69765643341876,1.4831456883831802,4.639181684644614,0.388359418857021,75.47530226113079,Drowsy
2651,88.36666666666666,0.2040721318570793,0.6993952592505445,0.4477291139784469,32.23945592388809,0.3110503623963254,0.6623760630319215,21.382310836346097,10.389978509970131,16.056452944201006,9.562524881805086,0.4332855526748285,74.78913507068587,Drowsy
2005,66.83333333333333,0.2219895521793857,0.4349025142268297,0.2535418356019692,25.4553303344674,0.2140602921350468,0.1482619790908051,13.961686128435502,11.382964171357152,5.018162585598159,6.338363391842607,0.1727036519705632,45.73823647034274,Slightly Drowsy
3675,122.5,0.1482806540671345,0.3887543618616932,0.9753942578767908,6.364404155785489,0.1208389890468661,1.3072209945211393,50.30361815579104,40.2217319562255,21.47805808330019,21.245218261424448,0.7641984904757964,100.0,Sleep
232,7.733333333333333,0.2885373772331166,0.2724044032351471,0.1707455163463254,20.066791215863805,0.0673183930144278,0.0524476499849152,5.213559994841483,0.5880649895726444,3.0641498862881957,4.17688554573985,0.0082803337552408,3.925635294264295,Alert
2356,78.53333333333333,0.2210478661544972,0.4145783769612244,0.2557252793582218,20.20068031287013,0.1148535429917011,0.2037614159486041,9.889085694356178,4.4923951927355175,7.969418924987154,3.755098307722902,0.157126968571022,45.67641647157604,Slightly Drowsy
3641,121.36666666666666,0.1070214530106765,0.3419040505982317,1.3311488199144534,6.658474277731697,0.0045807036654586,1.3098369473340743,36.76950756821,31.4683775949236,14.704662270019664,12.0627859914956,1.0,100.0,Sleep
2756,91.86666666666666,0.2078898577305796,0.589698571962378,0.4448358995389215,27.008825486631,0.6638684747274503,0.464640184574018,21.5834807689942,16.295233285657318,6.867100827319675,12.375578390482351,0.459984594230044,68.30978458758455,Drowsy
3940,131.33333333333334,0.1259002529319073,0.4046582264311441,0.9704404451794828,9.02723196269322,0.0385894124357897,1.720420649554875,43.59800484763801,35.97608607739445,19.694737126367805,14.785959108892545,0.9613848858375528,100.0,Sleep
2352,78.4,0.2267352034249942,0.4146119720950375,0.2579942040660641,22.573740837016803,0.2180789968083444,0.2079082976283518,11.966412987198362,9.360747194520997,5.5658379917341305,4.959122824676346,0.1985847984138054,33.84436938311033,Slightly Drowsy
1484,49.46666666666667,0.2519565298370453,0.3687183793884152,0.3304599596320954,23.39841394355497,0.1880151425003367,0.1620159902373998,14.474760309087989,12.24654223881742,7.715404984200896,-0.1158236943710617,0.1815185491284254,41.98209276257069,Slightly Drowsy
1930,64.33333333333333,0.2525621520398699,0.3896210503693653,0.308152295290063,20.346557495620804,0.2391029179025919,0.1626788811663494,4.560736809765934,3.34852842061249,-0.4631388455419394,3.0615649713919924,0.1328865457969478,37.29285999633255,Slightly Drowsy
1645,54.833333333333336,0.2585745598658813,0.3497846395699917,0.3070755281792286,21.61739309967386,0.2010922329660045,0.2100661547594621,10.479083388292098,10.24449870056959,1.2971279903378723,1.7829453187042563,0.1532441403308314,38.49403169543659,Slightly Drowsy
3849,128.3,0.1250560348307498,0.3629147972435274,1.0734680038919708,5.172588728256654,0.1151591280099348,1.8401192461945184,39.68990572647175,21.04227682704691,27.3054735807742,19.670340999580603,0.7938561587122197,98.63636059173848,Sleep
1144,38.13333333333333,0.2785306343728492,0.3065654539703766,0.1466344109616432,17.89795572620588,0.0480489494199753,0.0550721300292167,1.560115655405859,-0.8549651767317035,1.0442858753620343,-0.7825997797967552,0.0380669218076371,18.300875826060444,Alert
3757,125.23333333333332,0.120100963851678,0.4250999937570752,0.7986326094870497,3.402744096309521,0.0871837831536136,2.109188287108462,36.91806419530984,32.20453065732076,1.5173066720233468,17.986368436505987,0.846119353638229,100.0,Sleep
192,6.4,0.2974487111410622,0.2495617921553857,0.213763043532443,11.02647026783168,0.1157069181302385,0.0619875853070426,3.91896951434192,3.5959798140209576,-0.985855427246954,1.206374862164686,0.0291177199577161,11.117822828338513,Alert
105,3.5,0.3156732043929032,0.2805452666653514,0.1471117473931439,10.399872793514264,0.1137802025289989,0.0630607730336334,6.60271408125308,-0.4784808736407679,-6.460170340811144,-1.2779234953790044,0.01353820413185,17.78293529268343,Alert
2971,99.03333333333332,0.1976576047088827,0.5527543649469591,0.4871410344614939,21.356749376054974,0.4952419803976922,0.2416535206831445,22.1507927616944,12.08825414546954,14.291569202202428,11.84410323429894,0.3600596825280886,71.96970138337093,Drowsy
3311,110.36666666666666,0.17685262124067,0.4307939065074556,0.5752315918636307,25.09924012281078,0.5788250649814805,0.5025921797077677,24.927410953810675,21.01600171165444,9.923718713731038,9.012396784798288,0.5301072459912226,79.47370872163233,Drowsy
2543,84.76666666666667,0.2142584916745189,0.5242427398776961,0.4344828569512429,26.879890971551795,0.2586258331657121,0.4973300667065399,23.887039431548622,21.565866210628005,9.86553254257742,2.8592542805770016,0.5075241878634427,74.29877314888579,Drowsy
2104,70.13333333333334,0.2690739026527154,0.348404079757049,0.2827962661783529,23.95252060460665,0.0219697634475428,0.2002614739094078,11.540234090467225,5.566071385165566,8.887339624022076,4.817784408346857,0.1149199230887381,47.12099066106175,Slightly Drowsy
3351,111.7,0.2115304734068357,0.4753004830010715,0.3322531440939148,28.186841861343165,0.5801706143081917,0.5427219918411197,28.57963589846113,27.03195840115838,9.208438662349328,-1.1284814967030776,0.4115002309276528,78.93496882697505,Drowsy
2243,74.76666666666667,0.2293464894196402,0.2973116834004488,0.289142883453101,19.28444975193815,0.2985903360013832,0.1415045707253043,8.7538456290392,8.702236220386437,-0.0229569552681168,0.948878833069791,0.2015644826100812,36.73237233313713,Slightly Drowsy
1651,55.03333333333333,0.2471771936111232,0.3857066349996559,0.2473526331249554,22.532468016024406,0.1112553974001604,0.1287647343967879,12.713477695849509,7.176493674488051,9.04911156268669,5.314511603990148,0.1767235081709756,51.16793826432084,Slightly Drowsy
1540,51.333333333333336,0.2646334465324182,0.3773391277297098,0.3078703145085721,17.93882100364947,0.3145399587392863,0.1829207851397295,9.988347450465014,3.149941752738681,2.243128940712749,9.20941498146877,0.1644913253403372,38.02895666624089,Slightly Drowsy
3874,129.13333333333333,0.1174036767152438,0.4683574809216075,1.052574373090566,2.8873020777187866,0.0215579815754848,1.8087690928965163,35.8561991992633,34.00717443612318,9.253666495875212,6.599148753548196,0.7599862612070154,100.0,Sleep
2424,80.8,0.2133888402913964,0.4595063632829227,0.3240016400706661,32.89617476092771,0.4966736457873326,0.4431492367848063,25.364160905445377,14.2257072339873,20.300576495106103,5.371825210908357,0.4313642326236169,71.44820560771625,Drowsy
3318,110.6,0.2248803031452074,0.6183975941015452,0.368585299200957,30.640077163955898,0.6044989486230228,0.20907870799801132,19.922647856846396,18.164097564649005,7.783958251607888,2.527340742172231,0.3913783915106099,83.72875820518313,Drowsy
1953,65.1,0.2479748062308698,0.351936524970101,0.2091690230963577,25.530632250894158,0.123558498526461,0.1905391793837705,13.403279642344684,9.091813504472984,9.843613704578136,0.3001692952579016,0.1621406565762229,48.850983871256,Slightly Drowsy
3211,107.03333333333332,0.2012262762097262,0.5410008346808539,0.4799879027322002,23.72768936801713,0.342938847875741,0.5187897908279179,29.133333447220696,23.360495489888702,17.401310279012147,0.4824611770740885,0.4866255636345427,61.25391313626714,Drowsy
1937,64.56666666666666,0.2385460769788337,0.3129098633837522,0.3782801777300205,20.945573603990173,0.1852436423476345,0.2271136039087153,12.727431308034497,12.586312522679844,1.8218875322612167,0.502961829526186,0.1303138659683355,50.02658794205699,Slightly Drowsy
3927,130.9,0.1220517175144832,0.4111206702525728,1.0380747459296755,5.8518970358451385,0.1460562897485262,2.6541790817245894,37.267570705967856,32.109857387307926,-1.576450882703476,18.85056199442032,0.8947572176058326,100.0,Sleep
2293,76.43333333333334,0.2446117876333466,0.2873196777445237,0.336110572423228,24.4060973925731,0.2521158440696885,0.1361987113217514,5.881370961239157,4.915785026287496,2.661815884305509,-1.8276537300850304,0.2155980038430434,49.10056956000385,Slightly Drowsy
1663,55.43333333333333,0.2379928661147285,0.4108143971378317,0.3502124428253322,20.841317409373747,0.3112580743313144,0.1873553487747835,12.338575340426026,3.618557169048185,10.983614528742478,4.301941111835017,0.1801775409043925,44.68682503331196,Slightly Drowsy
3379,112.63333333333334,0.2446494854373704,0.5523076367999578,0.5535661850799908,32.25633416477731,0.6988669480625771,0.3467723390348715,29.96772442828619,7.843510981818261,11.600869571962871,9.635701849687203,0.5027219141962826,77.12100187120787,Drowsy
995,33.166666666666664,0.3261961570475456,0.2425387807971857,0.2006048248635851,13.00418246779593,0.0,0.0931969922420913,3.521526681355595,-0.7923522102559097,-3.143324838417297,1.3758041657847964,0.033056770351631,14.775545732302284,Alert
465,15.5,0.3300058963881694,0.2870578516795239,0.1491008317566919,14.115198054082878,0.0070524536432899,0.0816216508580164,7.660281218110644,0.7983801462793965,7.618144868348584,-0.0797887675034238,0.0119152086747682,10.707511345960189,Alert
3341,111.36666666666666,0.2124119212980944,0.5357629469584454,0.5208881923865996,22.614385798091988,0.4197271593095193,0.4359230534333962,24.73208788385126,20.108342487851665,13.038506177192138,6.109671853145986,0.4237293155847857,84.35414097460712,Drowsy
2334,77.8,0.2444017885365903,0.3507643175493727,0.28973232901155,20.916483042470876,0.1951407474490319,0.1527016821101866,15.58235334196744,12.016487604520684,7.426972703375489,6.57676499410158,0.2258791720312381,44.6276379987597,Slightly Drowsy
3224,107.46666666666668,0.217735593295925,0.447537695566977,0.4180242611230353,30.766810883762,0.4930563988993608,0.508017350984887,32.92976862314956,27.31209560954634,10.572652467179935,15.054504800802947,0.3123692333518061,70.18464149371711,Drowsy
2175,72.5,0.2360461771190759,0.3073377419933064,0.2580249692557309,26.351172067007,0.0885614705859847,0.1743319587830993,13.186860450840255,11.237652088661566,5.976705157695014,3.4478195344473908,0.15406215458335,40.74573493471615,Slightly Drowsy
1237,41.23333333333333,0.3241750730423934,0.3056671802512363,0.2210024021008319,14.78285755783383,0.0143721565895089,0.0811126024753157,7.902346044545353,6.541983091655932,4.043034256537872,1.8175269562487173,0.0559137404024477,15.196071392533272,Alert
2429,80.96666666666667,0.2237520584280838,0.6740439135965092,0.5338716667686155,33.218973830699625,0.5398989609590653,0.5393317615506978,24.43268625467615,11.85179955114572,20.488247510266287,6.059927307894888,0.4637919716826316,77.43161975318222,Drowsy
2544,84.8,0.1780116411680926,0.7606012461671016,0.3762779183858571,31.95771180078569,0.4576823078974475,0.5635826834573823,17.03862590301941,13.489095183159122,2.564174912358048,10.088810178685636,0.191037117183726,84.6740721109342,Drowsy
213,7.1,0.2820531563329798,0.2675039779717687,0.2067114949055935,15.438012540266415,0.0700266288552484,0.0809954737436192,3.1541407857360686,2.0176578965704413,-1.980963418420341,1.3976568404050695,0.0484194588877878,13.985130409701124,Alert
1037,34.56666666666667,0.3229587550280859,0.2518823848532007,0.1788559629352608,13.47366264911752,0.0436340211384908,0.065672114125985,3.353003676056637,0.4025373648333059,-3.2408011793420783,0.760134881147664,0.0514220525718273,8.397744345741566,Alert
3893,129.76666666666668,0.1326590558544832,0.5212474031836266,0.2877752059173907,5.405558744167783,0.1413371598044881,1.3898345556285152,44.544527075590906,38.000513160378105,16.20489699994169,16.660648401465725,0.764862522864826,100.0,Sleep
901,30.03333333333333,0.3433663676834156,0.2929473964551536,0.1464801897320629,13.896272238556552,0.0888195383845352,0.0548347074126542,8.121482183345385,3.591383017183161,6.967827675788298,2.123633291979464,0.0682805827112397,12.8831051714078,Alert
1768,58.93333333333333,0.2550648484472828,0.3507643175493727,0.2139384114627924,28.90806704957548,0.1869377291817357,0.2297691647824639,11.244982853151434,9.995990516072911,2.1486779062785177,4.6811319384653896,0.1558344685299353,34.491152300715335,Slightly Drowsy
1692,56.4,0.2422250941265699,0.3364977407422566,0.2928202565039455,15.627691773802436,0.1816727917293477,0.2926941506245945,10.18066096274094,3.1986160978603126,9.142001985937654,3.136640302281747,0.1558816876447432,31.94951647975335,Slightly Drowsy
742,24.73333333333333,0.3063925963421427,0.2623452060845991,0.1344032160114304,16.31564372771098,0.0345598969740224,0.0836419649163172,2.0930022748727906,-0.5899048215165985,1.307842889146417,-1.5238824762701677,0.0371658255659635,14.934557158150332,Alert
3533,117.76666666666668,0.1240967572637893,0.3962108970926273,1.1171606324601917,8.289065757721636,0.1002023234576895,1.702294212359449,35.57850603497873,26.58652075706239,7.687088020252991,22.35834706511623,0.8550171047186332,100.0,Sleep
3531,117.7,0.1615207206040156,0.3712998495405347,1.1309935112547425,3.0678237887413045,0.082518039922175,1.446640615092947,38.63371450661032,32.679389668461155,12.74716784572962,16.190463223389987,0.9475292791080238,100.0,Sleep
2685,89.5,0.1589637831866492,0.5590892743509469,0.5136596307484804,27.472166324965453,0.6098550248085253,0.4987269443598757,17.88136689736751,10.226894381120632,10.010147927713916,10.721513507940877,0.3472928312074639,71.0127629221954,Drowsy
1207,40.23333333333333,0.3139900381077897,0.3068745293133839,0.1741624601088099,14.08467637358811,0.0310590647378321,0.0763670972218753,5.367324367130756,5.3533251738742,0.2772634420177088,0.2705650171046358,0.0110556444148408,10.68136567270951,Alert
510,17.0,0.3314748500418573,0.2734129146429513,0.1768923943978265,13.465312081113405,0.0888126480715312,0.0883751992025499,4.649849160821288,2.551458844343402,-3.812855163276848,-0.7571594864263084,0.0579733832067834,11.950931781877763,Alert
598,19.933333333333334,0.3151643092854698,0.2876436145640461,0.218665902756189,13.66749209017484,0.0,0.1228601410916982,2.5007666752390887,0.825588839157158,0.4762681528126284,2.312013338902254,0.0278301219253759,7.496292048817426,Alert
2700,90.0,0.2083811150950175,0.7533126076520105,0.4236617014360708,21.379764777595284,0.6312895581678976,0.7243832264184004,31.06792158333024,20.64686784857618,20.348200324999063,11.174674182502851,0.4894795689974385,73.68299181313712,Drowsy
982,32.733333333333334,0.3075736878291079,0.2819143202881119,0.1932425927967885,16.132537970608745,0.0388752054253466,0.0419248118871081,2.574251954983839,0.7928057017721628,0.1311311909759515,2.445615844266817,0.0286438431563178,13.614875614145696,Alert
2662,88.73333333333333,0.2191484063158169,0.4294445805602194,0.4026747845118036,30.6384386901171,0.6393952973139286,0.4108114578772479,23.91584912473119,20.90838442607687,10.773399480498034,4.329106568553881,0.3847782925265112,60.34849702450856,Drowsy
3539,117.96666666666668,0.1536508330165599,0.2919000286215613,1.018372221877737,4.8105770264912096,0.1881911944523411,1.1851165540900408,30.152250294357668,21.644961883880093,17.327187601570877,11.8499954716843,0.8241505915243064,100.0,Sleep
519,17.3,0.3173758073109094,0.3014476759554151,0.179235176142444,13.457102982157858,0.0523348116327158,0.0679228213752609,6.652177999143228,1.1419851828924057,-6.257377316715012,1.9474524617047355,0.0459759556064352,8.698366619509674,Alert
1507,50.23333333333333,0.2345465321867908,0.3993149115450139,0.3056022432413167,27.90854968515977,0.2293061986832862,0.2208271106832029,12.014816083363597,11.900349341397348,1.489349215893215,-0.7206455320575813,0.1880037623651357,32.90447404273541,Slightly Drowsy
768,25.6,0.3248738773103047,0.2791554811340759,0.1953180207123094,12.010862165435482,0.1059767170661553,0.0752692523326293,2.202701272601452,-1.2788728447467044,0.5642200709753191,-1.70236096489497,0.0533066906901775,20.29038831378456,Alert
2654,88.46666666666667,0.2368608784338033,0.580650434599375,0.4296675777037114,38.797197430178855,0.6495870280024109,0.5045266113042528,24.182639522380303,18.421082944732213,13.811398131127204,7.396555892858633,0.4493735508331465,69.87378372269208,Drowsy
2761,92.03333333333332,0.2144941629134044,0.6304920149659134,0.5058675399159087,26.08499188607626,0.5867012373297014,0.5610915097633384,17.035014975937944,13.318698137807866,4.441036942743869,9.64786017817254,0.4537515756730561,79.42935431792915,Drowsy
422,14.066666666666666,0.3065173746384182,0.2935233928846821,0.2051329266463976,12.301923367017611,0.0,0.0904644637147406,8.355798422892182,-1.0508017248599395,-6.052016394367234,-5.664651849968282,0.0562796172039548,12.237663768489483,Alert
124,4.133333333333334,0.3389788790075662,0.2598221359745648,0.1022687312356527,12.634388879368792,0.0656721602161018,0.0504217686245174,2.7181158296329158,2.458399799447889,-0.0459295475189866,1.1585829992021768,0.042391607368283,7.614759937913693,Alert
2759,91.96666666666668,0.2177940031852126,0.6703563634364434,0.3430372859049371,24.83776613310882,0.6191811943307297,0.564844197884411,25.34019740681048,19.46679821281917,7.838280365144007,14.203194460222765,0.622592581379587,78.75989489484192,Drowsy
2823,94.1,0.2242188012116922,0.4542527348374854,0.3996477002690843,33.22212627406303,0.5074916424512209,0.4517991586580901,27.452776941985025,22.411365215170377,13.46112542035504,8.377575629984312,0.5187207839914093,84.5253043282869,Drowsy
3298,109.93333333333334,0.1831719525244583,0.3717531103899316,0.5793477502192084,30.3764466802435,0.487144288379801,0.5467483157608022,19.218900681624618,9.068004562482791,16.94393138745245,0.2015584338251388,0.4757019447150984,61.438254751915146,Drowsy
820,27.33333333333333,0.3487022716599358,0.2919613872249739,0.1410502218099329,7.697882483568163,0.0559523504671836,0.0757214706729766,5.3276893636990375,-0.4423643484547055,-5.101881748954134,-1.4694864269454184,0.0361101703027044,13.900565325852517,Alert
1404,46.8,0.2522537040032074,0.3002212335888277,0.2534993141477304,21.71249934049497,0.3451719333858462,0.204032154818391,13.841083023106396,12.791339105533472,4.8812931667636725,2.0322893888126523,0.2415742609040277,44.05005878795262,Slightly Drowsy
1383,46.1,0.2877458146387135,0.303204779571841,0.1912897787293972,15.516061820977908,0.0697043794725221,0.0890552517569613,8.953187242809769,8.752166173873988,-0.2285570098557571,1.8726747616586603,0.0305802037947199,15.80764237163478,Alert
101,3.3666666666666667,0.3449502527464913,0.1786310617632209,0.2426512411434218,13.651025929612066,0.0943273126695006,0.0592018814574893,4.900823723783506,3.531934762656424,-3.160246689520968,-1.2475379213916102,0.0782806270773357,10.756823430829789,Alert
3536,117.86666666666666,0.1422967558696082,0.3942990324355022,1.0202197599301228,8.329947555314053,0.1024928753012674,2.031474956461427,47.36461543665539,41.33832203214599,18.48438374642061,13.8880338617066,1.0,100.0,Sleep
1284,42.8,0.3077513994756509,0.1907490797969279,0.1915807385612568,15.359135320701515,0.1140759516635992,0.0642338147045007,8.063271388506736,-0.1754078944497554,-8.039953457893407,3.289651897105,0.0580222356212434,8.857344321176015,Alert
3712,123.73333333333332,0.1448596296102925,0.45234732823898,0.8354450816095349,6.701618302155061,0.2373893635533674,2.3260137481389824,28.297362715415336,20.193894717821763,13.97979673902306,14.05391888082852,0.977267245552816,96.30752225933227,Sleep
3057,101.9,0.2327642975062959,0.6333261904233928,0.397808749593095,36.42589047175194,0.3854296960906888,0.6508110962007525,8.88412575554136,7.586774434764449,3.1247308421777493,3.4065526974084914,0.3874540337699841,74.26880216089349,Drowsy
3513,117.1,0.1226361200489821,0.5012342094093193,0.7565457266119405,6.564231334556484,0.2702365269805932,1.6687548964043568,37.49710656886286,25.100468639840276,19.36972121571999,20.020324051381888,0.7860077052006957,100.0,Sleep
1104,36.8,0.3292263012147492,0.266595027493079,0.1930220546154953,13.892859380849156,0.0529709476076057,0.061768132468277,6.080633835014328,4.4751530767909,-3.4683821014530967,-2.2175297908099902,0.0473472069829497,18.28152909396787,Alert
3380,112.66666666666669,0.1807331501449403,0.6847407633129673,0.3962244557913279,23.564271792328693,0.5218838901992995,0.5113996065453466,24.341328167995822,18.01903417114063,9.41075032216684,13.388519070276963,0.4721525819336548,70.74668899792543,Drowsy
2953,98.43333333333334,0.239076872712526,0.5468677825793763,0.5693739919856239,33.389556510400794,0.4766673901534603,0.4198309272366478,24.333305222903217,18.56813680618773,6.504141288866951,14.318875120348023,0.4227198579829164,73.05290848201321,Drowsy
3208,106.93333333333334,0.1982953798781363,0.4450819466646369,0.4429555754153825,17.429845700042602,0.7101935175706784,0.3499285538808697,22.53917074408328,14.150801469920834,15.657365413416208,7.91302368886787,0.4387390662085938,63.71323231282757,Drowsy
3950,131.66666666666666,0.1306137311272689,0.3851307269886268,0.9413293965813432,4.645770669335336,0.0537543488908618,1.849797001995868,35.555086113866295,26.754548556333248,17.675727436081498,15.359913401989278,0.8511931559644327,100.0,Sleep
1353,45.1,0.322234018464906,0.3144599446085019,0.1984231741586905,13.10039884804903,0.1565871280820747,0.0818296001195513,2.271611704837872,1.73466998096921,-1.4285974811969615,0.3320376957491445,0.0599292523082596,15.572947118874932,Alert
3144,104.8,0.2036435201712275,0.5917969427549241,0.4759446809051775,27.24882942855647,0.5014756228671523,0.6622367945301126,23.20479068050745,11.521862255519324,18.924149663491853,6.898228773008743,0.3480162546711622,70.39365132079207,Drowsy
3329,110.96666666666668,0.2110104568549626,0.3922803789898782,0.2877752059173907,27.552889804306144,0.6730054779311322,0.6249842223524698,23.741765053138856,23.04857383771936,3.7134222984462735,4.318002630736356,0.59737923381744,66.16657344760952,Drowsy
3288,109.6,0.1649612238022779,0.4448510193407868,0.4214626370637258,33.38176240295287,0.5163498198420174,0.5754773348971893,24.698396873836373,20.08952255993836,3.8585748389738814,13.839555327513082,0.3934635879814056,86.01669363385756,Drowsy
983,32.766666666666666,0.3272521974908858,0.2815365186593186,0.2079159995797377,12.347897008118547,0.0269925420142593,0.0797619835381154,2.125316109841588,0.3996337372657506,1.524036873163799,-1.4263846087322656,0.0445260841549026,11.124198153498083,Alert
457,15.233333333333333,0.2673812623570246,0.3514762268687156,0.184659749975982,14.995368162806344,0.0476836900049236,0.0652976639855082,6.791161076785085,1.5351887976280731,-4.798184286582933,4.554172996106609,0.015309760031552,8.047082380176992,Alert
2981,99.36666666666666,0.155643103068834,0.5529927392053814,0.4662445617470892,38.09983032051495,0.6083609197198673,0.5003410980281855,18.128282611800472,11.996425107632897,9.422341241204428,9.794891557570237,0.4047655966476668,75.44422953315619,Drowsy
2969,98.96666666666668,0.1932177622181647,0.8323553662513963,0.4176095518812245,31.829987675318147,0.52175165064563,0.6436550429587748,21.84290468150192,15.27920240814504,11.536792561955028,10.514793201890969,0.3894731982664463,95.59276842656978,Drowsy
3450,115.0,0.1367268859283894,0.3934513822296809,0.789620300965715,5.358404277027911,0.0,1.8301093221096352,41.71636297036415,38.64583048745741,1.4306940377206754,15.64314034905738,0.9034782827035618,100.0,Sleep
382,12.733333333333333,0.3265887702988696,0.3249433527881841,0.1072082378839437,8.03267532451082,0.030164873119594,0.1019460037508741,9.294165371359924,-1.9141200790139905,-9.022897019081272,1.1423588124384174,0.0448731444740542,7.158492411191388,Alert
3746,124.86666666666666,0.1214645754855353,0.3304759729123119,0.8935618741356965,4.245564236990251,0.2466134403941489,1.5400379334696377,40.78081264940634,33.29125719371268,21.036454096919663,10.594077299899512,0.8801273134733201,100.0,Sleep
1903,63.43333333333333,0.2315450287287126,0.3598846327300762,0.3055406631699345,21.3864208794259,0.1417425980155564,0.1563038588782082,12.801365457279902,9.989936465524268,7.61085259313988,2.480131002814878,0.210645503381067,23.51124843487173,Slightly Drowsy
2461,82.03333333333333,0.1892697359771569,0.4985794998842101,0.3724269024443076,22.20066146971145,0.3525334656527996,0.4170479041681827,27.071015376211022,26.159955035563144,5.857473787819251,-3.7665138870550514,0.3989060143063295,64.70089350089765,Drowsy
1011,33.7,0.2987095689953323,0.3138143863935609,0.1809859012194064,13.043053995726105,0.0453404658947586,0.089784236493286,3.800863868686578,3.1012362404083444,-0.2250810011904025,2.1859182217933366,0.0594092527381333,13.987099647948895,Alert
1757,58.56666666666667,0.239317567167742,0.4163228878564579,0.28562225612827,23.20044038578212,0.2923387843919808,0.1950703224459546,16.4542359645386,14.210749254186382,2.208739984512936,7.994870511282249,0.1410105927235031,44.35316417187667,Slightly Drowsy
3859,128.63333333333333,0.1383101696823459,0.2619412276951,0.8213617351772173,1.2226874341141896,0.1707276162518821,2.350791560067633,36.52667014937513,26.274338604295515,8.45919050816221,23.92276863272093,0.9001948200254869,100.0,Sleep
663,22.1,0.3691729240627063,0.278629959056108,0.2174913126055295,11.35875732343685,0.0930088616472766,0.1009455281711892,7.225401339854394,4.158593200474696,-0.0466892666108819,-5.908497882484062,0.0271654571269574,8.873616223357526,Alert
2145,71.5,0.2633725951626517,0.3948396480248035,0.2882165078887465,21.86062798359715,0.1652439840281243,0.1694015858756546,6.9254332153575024,6.661040186668753,-1.1383553256707213,1.5153600247063284,0.2242741449789027,41.617136273756856,Slightly Drowsy
3451,115.03333333333332,0.1188071535876868,0.3138661562200998,0.8619422052316199,8.381742059918903,0.0132355483740829,1.3744115517318662,31.62559032205972,27.017998350582417,7.170301474615045,14.791636322929808,0.9631620751543004,100.0,Sleep
3642,121.4,0.1260342496022541,0.4323774119556043,1.0884749256981503,8.111746278955154,0.0987931742580876,2.478807226027188,37.23155612307645,29.55411822447634,4.120935210869343,15.010217551141553,0.8388251062160993,100.0,Sleep
1809,60.3,0.2456522760116699,0.342916735819012,0.3090996081662706,14.279226870299675,0.1413113643130688,0.1709792678223234,11.7201160540338,11.154945383428087,-0.4553775096040677,3.5666433991224844,0.191037117183726,47.12186380459489,Slightly Drowsy
3750,125.0,0.1176381085572571,0.4592094555796554,0.9647808731417342,5.297080494512841,0.164222410711354,1.5421758932916698,36.7453441079596,32.69913882259495,12.625901800424002,11.026025467006445,1.0,100.0,Sleep
3143,104.76666666666668,0.1737393238186841,0.2695295479575075,0.3221208874030136,32.94563469661671,0.5490137318824936,0.633553891625407,22.91412132819961,15.08743202045819,9.40998603844544,14.452630003835534,0.5486905823960192,81.79718710338999,Drowsy
3048,101.6,0.1983032058574304,0.7279050623864768,0.3851987793295557,17.49573456002502,0.5880933230855865,0.6701006528762075,25.599704956582087,19.099483131255155,13.01322130724807,11.009573524507571,0.4477637751386724,80.58483909372346,Drowsy
2223,74.1,0.2432628330142105,0.3404026046402866,0.2505307604993244,24.982188236335084,0.1062234705715509,0.20907870799801132,14.752009586813102,11.082188990464385,7.636517410398209,6.040734712743207,0.1563687769050309,45.38354578155074,Slightly Drowsy
846,28.2,0.2951285911883115,0.2534069253804279,0.1586995367132534,14.324995564503988,0.0074785490858512,0.0884249475738196,5.659454590216859,4.117099863672912,1.603041640361353,-3.536830851276145,0.0599033533031721,15.91621907380938,Alert
543,18.1,0.3208721986772352,0.231857118865094,0.221042380514658,14.314753470987398,0.0840449639352095,0.1044771183708518,3.880489932455921,2.844888885362563,-1.7767225344384436,1.9514267553385003,0.0400151101490919,14.27037926936844,Alert
92,3.066666666666667,0.3431158420728192,0.2820870629472061,0.1605918966688327,15.745558284033974,0.0657394154168699,0.0979038644005546,4.892156290842418,3.587929504204924,3.1486581459580054,-1.070470423121136,0.0663478813126865,12.728178760470431,Alert
2562,85.4,0.2446494854373704,0.5892125050979674,0.2875007218968695,17.429845700042602,0.6517313453612414,0.5788732346713695,15.03936678726491,9.815794536366212,10.368549363259678,4.725030696553981,0.3766206524178593,63.70766275231561,Drowsy
1599,53.3,0.2287190814550885,0.3510708865242887,0.3360883835801308,23.498890391309025,0.2104433833942686,0.2085945883785546,13.27999804009452,5.638027164082027,11.984609279019702,0.9696071736648316,0.1884370464785572,41.31392836023135,Slightly Drowsy
1197,39.9,0.288369699100045,0.3460025980769934,0.1336620081928313,16.88062662968187,0.0467346255995502,0.0726679486032251,3.5964196763206973,2.4634916411694032,1.895701017473439,-1.808801004661739,0.0236842454966285,14.754666477119375,Alert
1103,36.766666666666666,0.327125868552484,0.2692761600519718,0.2069618032204093,12.480475049925856,0.0445759504039646,0.0957198562540626,6.493005392584272,4.932419247910665,-1.5712778730800503,3.919367963911766,0.0462648338738723,7.763551068134826,Alert
2688,89.6,0.2083550516190947,0.4108819465828687,0.360954235198731,18.50923403640604,0.6419809601007577,0.5104270226289,25.664930578551964,22.10098622688151,4.120935210869343,3.990293273716122,0.4315844296525655,71.97975787752675,Drowsy
3926,130.86666666666667,0.1234527115541739,0.3904502656573499,0.8184301595800434,9.965669269829151,0.1519625716476973,2.1083646366855158,36.837047068757805,29.9424463428709,20.98087662760385,4.4967499027010565,0.7936203599246648,100.0,Sleep
2367,78.9,0.263018632449999,0.4290974660766997,0.3098824900036271,25.20598447103494,0.1565871280820747,0.2599324617499872,11.933112908803968,9.434903488766436,4.50426287136199,5.752685967232757,0.2835132199104199,35.05641380783274,Slightly Drowsy
1847,61.56666666666667,0.2336373155672465,0.2583350444479936,0.2600694229423501,25.535457500218875,0.073288352712972,0.1529232043147366,9.464016697869695,7.545715051178893,3.536114988954144,4.4861662038830685,0.1308509295821768,37.78578593362965,Slightly Drowsy
2165,72.16666666666667,0.2602305134423577,0.3640623538119901,0.2580271787886699,25.24016857659942,0.02230131993799,0.1974293948628156,4.404953321969686,0.8286217380282244,0.3512269151755203,4.312034257523374,0.1290321007823678,30.81934393092398,Slightly Drowsy
2502,83.4,0.2139916319711453,0.5614918287141396,0.5918337184035778,28.792124365048792,0.6690192057205745,0.5175890917000898,21.075971028426768,13.457649828493055,14.306171021119818,7.643408048718636,0.4982430132150734,78.14427699571434,Drowsy
3705,123.5,0.1360178213591709,0.2948877468726135,0.8300037397579783,3.51772244009743,0.1195793357725165,1.4817817003770528,39.93719431059352,38.56143065248766,9.916595681994668,3.1075207988577205,0.8232453767521566,100.0,Sleep
1049,34.96666666666667,0.3349020373533122,0.2467463400799023,0.1434547179957804,14.990799205019655,0.0247907170541424,0.0485904990926405,6.842964467336263,4.428360711353704,4.185305719506893,3.1143217793973186,0.0437401544294944,14.18848140089494,Alert
3383,112.76666666666668,0.1865151465393744,0.567662129151658,0.5023534508506403,33.27104085178835,0.5075890550426764,0.5810637498939795,28.69600739635017,19.712507502817523,17.63254828913309,11.134232316335783,0.5312341492150697,65.22722150791144,Drowsy
3649,121.63333333333334,0.1034771985871648,0.3749359337373145,0.7713327268168738,6.317998952983516,0.2448197797409152,1.4568419564596458,41.171093170211606,31.550813942522225,20.984458334069483,16.101476976361255,0.8080813630519794,100.0,Sleep
899,29.966666666666665,0.2922636111138445,0.3399448993946696,0.181378828081468,13.393542409275517,0.0020318269961742,0.0889539253279002,4.707153836716175,3.361149673818656,-3.283483082504689,-0.2805511711008566,0.0332896833593386,13.304535994712928,Alert
1460,48.66666666666666,0.2196410177010659,0.4242489857381084,0.2737629561006837,16.58364121203944,0.1615663824477204,0.2151649453227695,8.157549027047642,5.135546193557579,4.08011899529739,4.8501959142632165,0.1719123865844952,35.224449213485926,Slightly Drowsy
2021,67.36666666666666,0.212422861725137,0.3688479624869916,0.3740135648061721,26.447842803799197,0.2893251415291039,0.2098241126823166,11.167116161130943,8.258331060981128,-5.69498927311191,4.906276451909992,0.1568263772169673,36.57858971732632,Slightly Drowsy
238,7.933333333333334,0.2648608485725233,0.3113973168910496,0.2182462512383616,15.628804978348764,0.0044925731830073,0.0759701693210496,2.99144800541218,1.9836967119263549,4.120935210869343,1.3366809774361617,0.02531652402443,12.46761693296624,Alert
1923,64.1,0.2377653992716291,0.3713876960629417,0.3139055126027771,18.674164475991688,0.2073697025658377,0.1275830847307855,12.5643240377287,12.363865817132467,-1.436265987555128,1.712950844006563,0.2335351961505583,40.36941627287459,Slightly Drowsy
1796,59.86666666666667,0.2352476327485312,0.3161623884264384,0.3167521858680943,16.061961109850923,0.2382303148876841,0.2319004122751249,9.566022823563529,6.235045815815543,4.209491358899984,5.908737499243453,0.1518059395710377,36.480480284101134,Slightly Drowsy
1134,37.8,0.3159533808660567,0.2890370957145398,0.1713402551796231,13.274923996334518,0.066873091446435,0.1105243191759255,6.277934002662831,3.918772704543244,4.435541635720629,-2.093238216187004,0.0463472526651072,12.643892436982762,Alert
2615,87.16666666666667,0.2156438753877261,0.5984352558275363,0.356584364952151,27.58026437282394,0.4820243620981453,0.3898407485475033,13.61876813459332,10.925902712620072,2.404241057198008,7.766280986228812,0.407943289985765,67.97473271248414,Drowsy
3612,120.4,0.1192413876005207,0.3395881164240012,1.036436195134286,7.139288624386162,0.1785233586181402,1.7868662395020103,36.54960537900176,31.31923983978209,13.545636417574013,13.095594803667865,0.9105981528122864,100.0,Sleep
164,5.466666666666667,0.3367835019112616,0.2874618819883191,0.1574409200478354,13.202365160833455,0.0181589657278604,0.1015201427719719,6.063118694302704,2.0532791216798554,5.703572057259022,-0.1213216276292415,0.0258318646617907,5.401830382986087,Alert
2305,76.83333333333333,0.2872577379908964,0.4092242501217328,0.2582532902449869,22.1051447758245,0.0962849299532004,0.1612352262280677,7.799765546259291,7.523044034148011,2.0221815887181886,0.3885005265539543,0.1995936305895156,40.25279953607152,Slightly Drowsy
2212,73.73333333333333,0.2644619177430696,0.3925191845697921,0.2354476445994322,23.89159881676212,0.1160362832414554,0.1028282812930604,8.610414893223469,6.439641552077826,5.031258821019955,2.712322987792217,0.2946842726875189,43.960814838397226,Slightly Drowsy
253,8.433333333333334,0.3155806459221054,0.2257983595397689,0.2877752059173907,13.287811266575822,0.0397528099001848,0.0751700510825844,2.921317952394129,1.8455895003496776,1.4383245542581915,1.749034148265045,0.0270046954630346,6.496149113430738,Alert
1792,59.73333333333333,0.2683275765472666,0.3350767958729578,0.2878740770589928,22.413096998803365,0.1513097370027148,0.2029496314482618,12.07039777511518,10.509524953120597,4.746024867533601,3.56645982256827,0.1517868667622933,52.1607376371509,Slightly Drowsy
2405,80.16666666666667,0.1728809036459784,0.4310062100143645,0.4201246023221032,24.734694616132863,0.5466537421430071,0.4406923248321259,21.553206503292788,16.060727380953136,9.712032810403995,10.595761664831883,0.5271352570269717,74.06857905229494,Drowsy
1965,65.5,0.2587071625409629,0.3875151837004545,0.3156431470958959,23.21869589962557,0.2137323015975117,0.2741609520175441,11.144954974159193,1.6647432543098797,10.782439440516958,2.275445227829008,0.2028356634547322,38.35879149459127,Slightly Drowsy
2576,85.86666666666666,0.2005546000735516,0.454528934739294,0.3691851941174817,33.636902532908714,0.4468894595226306,0.6163586959199095,18.098545710627054,14.60154335370686,2.399843580500969,10.420798401207286,0.3958478593265527,77.31482027641653,Drowsy
931,31.03333333333333,0.3438847142794963,0.2380863691057193,0.1531855070825516,11.239935916319036,0.0,0.082928285836852,5.7813112092447305,4.90375762120494,-0.5546302687357969,-3.011495601128333,0.0567988907948405,18.49052581750141,Alert
3394,113.13333333333334,0.205921090583087,0.583099613569718,0.6031886629336222,25.850160195500745,0.7504766989991071,0.4639585117099464,24.42535719172973,20.443000968726796,11.067235717191007,7.496537795299257,0.4396039083696106,71.60016358041143,Drowsy
2299,76.63333333333334,0.2469310029774623,0.4175351637333364,0.2668179248801816,19.72748968523646,0.2336639111062013,0.196938562429264,11.69552115722743,2.7806498838624183,11.269473319127393,1.4325405655709065,0.2171036608469685,45.8624691680818,Slightly Drowsy
3806,126.86666666666666,0.135459699799542,0.3113370447789592,0.9286727661743028,2.1813656278112643,0.130988226464857,2.305773760261,23.68453074691012,20.211087613540343,11.544762001082615,4.380342968020404,0.8506357424351029,100.0,Sleep
2998,99.93333333333334,0.1733301458613879,0.5509070583050416,0.3970834027948225,16.212227125394072,0.5402939533931752,0.6017684193888033,33.242127758670755,23.888527390659583,20.541128439772844,10.603742709546038,0.5053497186023916,68.06828589917751,Drowsy
2649,88.3,0.2134290428999395,0.3872838966621919,0.5403620127543773,22.80119345623354,0.6413954156975665,0.5579445099272781,18.04549205404456,11.594218286006512,13.168872818224026,4.218373443219315,0.5148156888610348,69.81072198781374,Drowsy
3862,128.73333333333332,0.1256889216887055,0.3937456361637247,1.0602753071084856,7.802462172388755,0.1846009028662173,1.5914717112592858,39.11168305831785,32.40140190954033,15.682025426184088,15.295325576242549,0.8927378644765405,100.0,Sleep
2242,74.73333333333333,0.2548082242733731,0.3186915022805411,0.2970163451767434,17.235247450633036,0.1110258081282967,0.1954713080950092,13.916783159003351,9.404643821610234,7.469598165957066,7.030976555393898,0.1649364450072996,39.62981263737992,Slightly Drowsy
2241,74.7,0.2347246099762397,0.3772654778082385,0.273628175897525,19.876779018220866,0.0636067935416827,0.1658844749667857,4.76676176104248,4.143522284821183,-0.9012306940598478,2.177389261894038,0.1341099203530139,39.03152545749624,Slightly Drowsy
1091,36.36666666666667,0.306936976764759,0.2292113604736641,0.1678154575027859,11.63254308595663,0.0680539019145853,0.05637612921141,3.109000920957093,1.8179439185241448,2.514042163608931,-0.201391745634354,0.021073723545044,16.03234884589587,Alert
3200,106.66666666666669,0.1803859321522399,0.5209108315413332,0.4737639532985824,17.61066370577007,0.680956903544512,0.6315978130127899,14.47894147939969,8.727114127168143,-2.062593774131887,11.36762650240478,0.4935163235961238,79.58058462710656,Drowsy
3851,128.36666666666667,0.1417127951167997,0.3099214021583762,1.006804135600538,6.386902765465275,0.2461587954139996,1.810630499555662,38.323877368020895,7.843510981818261,10.100071160201288,22.456143227416888,0.6615053348584472,100.0,Sleep
3213,107.1,0.2006674778775978,0.543441584426248,0.4112696807303822,26.64783814844108,0.4852518118059097,0.5008199988619388,15.165641533066946,14.157392698607069,5.4373615691548896,-0.0037753397104012,0.4243427433935411,61.331979547385686,Drowsy
1182,39.4,0.3052560189833216,0.3255061784384599,0.1108542848221113,17.09217973379556,0.0282284682737805,0.0784378197977442,5.28680742787498,0.6815916556997286,4.628664316617355,-2.461956993610519,0.0402347273944387,14.015743787280076,Alert
1453,48.43333333333333,0.2558407144346181,0.4974391207955032,0.2826635530761169,22.21625894580377,0.2630799157880816,0.2016432345637901,8.82190218868871,1.0247090190030663,8.529149499355754,-2.007371034662982,0.1633283339544663,47.67077862488543,Slightly Drowsy
594,19.8,0.3401761604151672,0.3191890722493684,0.1884915948677596,13.151722032154602,0.0483465118076331,0.0803919923315525,1.9654562032862253,-0.0060750996620919,1.7367859457137045,0.9200846477209323,0.0708088247955334,16.853415937068526,Alert
678,22.6,0.3079016638762192,0.3233013280101153,0.1723657177006397,12.85493704246361,0.0690133970170996,0.0587329100033936,5.93177633443658,4.55406191099987,-3.16796943578053,-2.1001095796463725,0.0218062042318333,15.114761712523633,Alert
42,1.4,0.343878558012531,0.245499588378256,0.1951213954655353,12.674355954068895,0.0182850867095062,0.0778593928009088,2.97393042977186,-0.5881058060484352,-1.660947916041546,-2.395755785177697,0.0792945026583277,11.60165813165638,Alert
1642,54.73333333333333,0.2486106789677485,0.4279869627518509,0.2969819439887868,23.601850639177552,0.2932125699115617,0.1844492499828167,9.785629806071666,2.5834289482453023,8.827881298528997,3.339604370270281,0.1855740483159571,36.71515323081994,Slightly Drowsy
2406,80.2,0.2339850843424248,0.5216095419455477,0.5080212603779571,36.691784806270505,0.5667170091083122,0.4126473378422465,20.69495942454777,18.45451928603816,6.330142670770536,6.902271892110192,0.578948381774665,68.06175881877168,Drowsy
3551,118.36666666666666,0.1472381521179095,0.4232944967453458,0.8481361148880066,6.254737477546549,0.0932038479610748,1.2425417845340745,34.830891693035355,31.230353267828665,11.505044825352316,10.270832218725818,0.954377206368989,100.0,Sleep
1963,65.43333333333334,0.2601963581689392,0.4795324067167924,0.2844932827354882,27.28899406004436,0.2286204066741501,0.1960188668940898,8.456264474752704,7.519916346989524,-0.8869454787700377,3.7646506768800942,0.1003173974071451,35.14525862967166,Slightly Drowsy
244,8.133333333333333,0.3065289535951815,0.2447005860573327,0.1211212292498226,14.874125118249234,0.0,0.0819068839888261,2.513033818927958,1.3413794597943771,2.0374283263145863,-0.6040909989797284,0.0334110442730581,14.417002507388412,Alert
1125,37.5,0.3387484598236209,0.2209593067019431,0.1724293955402732,15.459278549559874,0.07961684856191,0.0933976898043148,2.999005830454581,2.737076723024236,-0.5871749372516488,1.0759519396529778,0.0209427791882739,7.749235265932913,Alert
1340,44.66666666666666,0.3303844905626497,0.1965910736619927,0.1728142704926679,13.905267920513277,0.1012598159701365,0.20907870799801132,2.9543122632164653,-2.116278466504853,1.2902674685152566,-1.6076492964854905,0.0156642871783716,7.198258282075672,Alert
1892,63.06666666666667,0.2444935494382569,0.4388663648525236,0.2597820191457794,18.18568934541573,0.2521546720824023,0.2069124911908513,10.659762526718865,-0.4175547869087266,6.6493852790131465,8.321169421254002,0.075978562902839,31.79217743496133,Slightly Drowsy
2894,96.46666666666668,0.1845250996634637,0.5191633987083315,0.5906677755557981,28.722596670254266,0.5974823146240079,0.4891064448868871,26.554358520313468,16.43443945735829,19.067955914700413,8.453177709170145,0.4350350246788983,75.41689799031401,Drowsy
3624,120.8,0.1453902266658064,0.3580289055072671,0.8278772426722261,8.665963620355091,0.1745412667729674,1.6230436610008594,36.008282093905926,30.61175901592477,17.5597260717658,7.1535033088552415,0.9072794318067277,100.0,Sleep
1443,48.1,0.2409858688164548,0.2595392327987219,0.2712812646015708,19.743822541225345,0.2165204500116664,0.2035691314749899,9.44898596934732,7.2205618061473,6.094738965516658,-0.0313048677091964,0.1964544111027883,37.66871258700255,Slightly Drowsy
262,8.733333333333333,0.3314596675887871,0.2069540543489276,0.162461468080284,13.922352667822745,0.0136126633207266,0.061269872504208,1.0089707599712434,7.843510981818261,0.8765781849791194,-0.3746580368127494,0.0,2.1833474313768555,Alert
1753,58.43333333333333,0.2673515895501254,0.4315086371809389,0.2956851250195073,14.672058924544649,0.3228266973310811,0.1654572656116043,9.005911078578261,4.262346395992654,4.625300575821775,6.445574616675374,0.222131485358096,46.35396668374003,Slightly Drowsy
3002,100.06666666666666,0.2287268261015811,0.3978916622900433,0.5820123896300048,28.44873930752896,0.5283848332028196,0.6453378338801677,25.12116866856081,7.66366965470816,18.281917447478502,15.430903315793524,0.516158100722137,59.62159409295474,Drowsy
2259,75.3,0.2349244508288477,0.4376639593846246,0.2821405861031867,25.255300316769777,0.2185610470726423,0.252571273721181,7.818168516327422,0.0040686359027306,3.247129663923974,7.111954115540973,0.2182469374224257,48.69403398084802,Slightly Drowsy
3269,108.96666666666668,0.2203378833359588,0.4813480407376107,0.3901336689695847,27.856376650870697,0.4159597709065844,0.3603106405502941,26.03127042740088,18.380148433244784,13.205594622288332,12.861160690550218,0.482488229922004,89.31471457337385,Drowsy
3535,117.83333333333331,0.1263050259262467,0.3946884348876183,1.0883271327442368,2.5606223836140165,0.0782927112966466,2.117804478224468,39.01914209205943,30.633432046528725,15.483122483181008,18.55691808522755,0.7788318807277906,100.0,Sleep
835,27.83333333333333,0.3476249300451103,0.2667864098004061,0.2177283933772995,12.66636888556025,0.0089349806846328,0.20907870799801132,2.156380590406511,1.7621296923066996,-1.1654397203144429,-0.4320028431462267,0.0466793029935238,10.76122112862146,Alert
3384,112.8,0.1880431218187067,0.6431816834223927,0.4906491285828477,27.43729504424861,0.4931140139967985,0.628868454462893,18.7945537377716,8.102114642804388,14.753147111876409,8.362753064163261,0.4057812337685414,78.34667355785018,Drowsy
2663,88.76666666666667,0.2309139997003564,0.6415420414977008,0.3597598492875247,31.59508452756308,0.4811173187260401,0.64148105363497,18.67847732405108,15.519632154204588,7.819875429352249,6.846610928969341,0.393985126083708,84.89711231277631,Drowsy
3169,105.63333333333334,0.1960143051302579,0.4992850162206583,0.3762909725537888,30.24069744520945,0.61898230952744,0.622620842170596,18.80342991708653,13.04543522958955,10.94470562247504,7.974899068623492,0.461518216533932,76.00612176884685,Drowsy
1622,54.06666666666667,0.2458417537986777,0.3551053797413931,0.230701824366791,23.284663775254888,0.2223849483441884,0.2178017079957674,10.863196569118026,7.976230840086052,6.919372140459933,2.5516799303174214,0.1880714042948381,38.35068828980134,Slightly Drowsy
341,11.366666666666667,0.3021329830752392,0.2982447966754835,0.189650356241295,14.42014951491705,0.0101940607258648,0.0763699367572866,4.506123451595565,-3.442662616107137,0.5354299916561692,2.8577154156271347,0.0105173573591578,8.741356737485347,Alert
3334,111.13333333333334,0.2138802962376218,0.3507643175493727,0.4149430994668103,23.033992589954927,0.5574110160172272,0.5135045695783382,21.78922164630161,19.05590711218715,8.072573801078011,6.817340853258148,0.4511272480278724,78.23909711464083,Drowsy
749,24.966666666666665,0.3138357236435106,0.3057296239568932,0.1801914462288994,9.379353674803962,0.0,0.0684203156012019,5.519667650750264,4.6402531291749725,2.364874969908011,1.8281543284480672,0.0202590764212736,18.39806836825587,Alert
1913,63.766666666666666,0.2683492430718744,0.2967906202004147,0.3313797751014053,25.468707984778973,0.3111820236256629,0.1936701451023353,7.367846028904259,5.263601070758182,4.336087043732372,2.788908034111172,0.1538905485774594,36.33068486452363,Slightly Drowsy
481,16.033333333333335,0.3039729683365411,0.3030669020369697,0.2108068385477374,15.498943853113389,0.1147515055864347,0.0883165325891068,4.390932003152719,-1.042241775850418,4.09012954061502,-1.2103124712119948,0.0582083699937114,18.10634715206502,Alert
1897,63.23333333333333,0.2564092324302316,0.3063228278238055,0.2730688540682629,21.971999831033017,0.1977612805863364,0.2035401389527152,4.371988059419614,4.079198005497504,1.092028029526332,1.1322093474184496,0.191037117183726,41.341204275625536,Slightly Drowsy
2234,74.46666666666667,0.2628067422185934,0.3638854230012503,0.275093853109813,25.422678942455885,0.1515036738363792,0.1286849993491466,13.343387583431715,7.253398597985593,8.760018292457374,6.978272027961685,0.1757082422626448,40.710921443333206,Slightly Drowsy
2567,85.56666666666666,0.2064524623416823,0.5092298379466064,0.3684247930109605,23.51740079941336,0.6853462639176942,0.4774315685149428,16.564328667473536,15.948188401258248,3.19365678777274,3.1357339242943727,0.3861584502079894,86.4197831229165,Drowsy
2035,67.83333333333333,0.2299062144225017,0.3923307150994466,0.2333631998817216,17.429845700042602,0.1710886687545668,0.2269761920422779,11.582668161080012,7.843510981818261,4.080005288603698,7.714171962638264,0.1065206735509941,33.96894377766844,Slightly Drowsy
784,26.133333333333333,0.3158296314825402,0.2795800929380297,0.1506593092943229,10.256919013789568,0.0790604648934424,0.0938741222507237,6.563036544852012,5.961235937892647,-2.370051290445624,1.3856304206018453,0.0343258654327053,16.822545601720076,Alert
3608,120.26666666666668,0.1411548566486357,0.3720978621864111,1.1297088249765534,7.66598134152694,0.0101361311374692,2.260437048186122,51.56770375210318,42.34837469350521,21.235224564849624,20.36930211773518,0.8301862335273796,100.0,Sleep
1886,62.86666666666667,0.2462223972657309,0.4038954898876501,0.2307120613474758,22.875916081759154,0.1249662005917532,0.1324563119749037,13.05489737493664,9.745876831354416,7.634364380750206,4.143031590529965,0.1726813183773399,33.40294720914279,Slightly Drowsy
2624,87.46666666666667,0.2006630445596217,0.6911145071944315,0.4503939043671087,30.07115150192979,0.4807334189287623,0.4933906324702247,25.841309531335444,20.0467376512443,12.566184745801548,10.391948266367418,0.4663674800868203,67.41367025645923,Drowsy
3217,107.23333333333332,0.1941601725645461,0.3507643175493727,0.3720670003860643,22.989337023736184,0.6039223381049618,0.5034967660479858,22.020856586631943,15.771951418638748,6.602126380831496,13.877161111287831,0.4431746372580893,75.72284478701113,Drowsy
3327,110.9,0.226081338428417,0.5152178190176065,0.3582641204696913,25.694949212005,0.5252507086030962,0.6249479523501226,29.87887910914232,14.5961840969486,25.72207359990359,4.251324069965571,0.482839647356172,61.48764408103598,Drowsy
2510,83.66666666666667,0.207322511377356,0.6952549065146798,0.3936492306079698,23.890772996530035,0.6773823743507715,0.6494313381708126,20.222099082347057,7.843510981818261,6.811840710538803,14.756372524309558,0.4688167129751133,81.46924440438832,Drowsy
1745,58.16666666666666,0.23656047693293,0.406059451891228,0.2667128882427705,27.25446909229105,0.1588108270076974,0.2791460515019401,14.95653065720747,9.75142191659386,11.190179378743949,1.8405068258753017,0.1962011841777677,35.509292287363564,Slightly Drowsy
3677,122.56666666666666,0.1031186650941328,0.3707457231945478,1.032349774649831,7.496747345118484,0.2151018384466614,1.8879403913698185,35.313988712263146,27.53504302514654,17.510296196232265,13.501434423548918,0.9220845109519132,100.0,Sleep
2638,87.93333333333334,0.1916650827788285,0.6357511488323165,0.4313402094587396,23.98663418328362,0.6371452185714378,0.5875288008027861,18.719255241714396,16.43576702197012,7.838190887439872,4.340373580237747,0.4907567798580739,73.92582486192808,Drowsy
2829,94.3,0.1988959851858721,0.5195878415186392,0.4198240866456066,31.08567711916668,0.3900165317450084,0.5512985414859595,19.821095028825585,16.945137526937813,10.226951367470225,1.0712553674531184,0.4034145778301994,75.12381519436258,Drowsy
1804,60.13333333333333,0.2450562926929117,0.3538898924479628,0.3284153043624706,21.681777189066715,0.3195204198166037,0.2216331284153797,10.261150607927938,-1.2347526445987569,8.710281656597857,5.2818170327995215,0.2180533042444218,28.65018662740931,Slightly Drowsy
1272,42.4,0.3057592480863406,0.2940929943576507,0.1778861897860201,15.067459209655247,0.0238174023361707,0.0822067086631875,6.141644400479824,4.769558206042002,-2.8110209437383222,-2.6588102066501635,0.0141708887102607,7.2104055740035795,Alert
3251,108.36666666666666,0.2131487426508396,0.407944176060128,0.4606391711293772,33.72452285383662,0.4788149419883023,0.6332466142258829,20.5503743432298,18.1358080356956,5.952972147197955,7.613965796742338,0.4031710453139637,68.21162390346306,Drowsy
2025,67.5,0.2289295475936793,0.3533457786039656,0.2520057376136898,18.98417703819541,0.0318155686924047,0.2055825261128535,4.579190985040087,2.6348350276047494,3.3270311858779213,1.7197377541285874,0.1717396776520046,39.26812054747135,Slightly Drowsy
1128,37.6,0.3158643986954527,0.2335372378311899,0.1649646858914089,15.892640004548545,0.0775976110758434,0.0759956666701668,7.765447388135922,3.7085366839000766,-6.819516607640496,0.2076584700653953,0.0572137084273726,8.502308651637918,Alert
627,20.9,0.2830934363999555,0.3431951051440385,0.1610018188586918,13.758099742032776,0.0904335894008125,0.1505811037514096,2.249093800049876,-1.1112161247221644,1.3494816411795298,-1.4151045705882126,0.0292241939084657,9.00150027710583,Alert
348,11.6,0.3169067763431291,0.2660812107234889,0.1444790832533232,13.000252344672155,0.0607717901032293,0.0791021393975492,3.9454223656205327,2.4562525764980334,-2.010345601362699,2.343435829432319,0.0164765332689043,13.405783621558134,Alert
1862,62.06666666666667,0.2435766120191263,0.3108483506640123,0.2374623253495297,24.57413978248591,0.2023696913565533,0.2253486360290078,10.0155853696887,9.145928747302143,-4.079399411055363,0.149793497441391,0.1391749983798471,35.265586584745165,Slightly Drowsy
3984,132.8,0.1174888665568144,0.2505115430928758,0.8372819860038115,2.585110907505096,0.2204086963260028,1.3860908747432,42.9219042178098,33.53670257819592,19.36621444221431,18.507543868450924,0.191037117183726,100.0,Sleep
1566,52.2,0.2738495480501514,0.3702000190538845,0.3070859989653317,21.291448890358325,0.1097996602330803,0.2522310631315008,11.563126056035609,10.531470169260768,3.035783141624143,3.6848393423283454,0.2296375674953922,46.33783495998433,Slightly Drowsy
2114,70.46666666666667,0.2567224580589114,0.2964273150286091,0.2751227834567201,21.61110550074549,0.1747873354947781,0.2153988392527879,5.390833050490819,3.4753919730161598,0.4651068072526336,4.0946803623733885,0.2336814132390291,40.22582807607613,Slightly Drowsy
980,32.666666666666664,0.3701602159428234,0.3233112607106739,0.2273502803249185,16.19663712545095,0.1039477279458205,0.1198824748146888,5.392954280771095,7.843510981818261,-4.716691632234389,-0.6149218000302843,0.0477989119876687,11.936952717968252,Alert
1424,47.46666666666667,0.2577164297286444,0.3544808409676982,0.2819467217265101,17.084892541563406,0.1533023483448459,0.2020188421473384,8.76188516282425,4.424512484306738,7.440603183490186,1.3534197976124238,0.1886522164499326,40.98904012083136,Slightly Drowsy
3936,131.2,0.1331156055489289,0.3023553596298086,0.7966547537367407,7.971973776592481,0.0620060130759392,1.400251348380509,39.7862927868431,33.77209434361953,6.224511411847471,20.09104763445266,0.9015684145622916,100.0,Sleep
2196,73.2,0.2619321122718411,0.3376883316607776,0.2567540195571239,24.73220736023023,0.15406519455869,0.1991719598753255,15.259718399134837,11.826581343399518,8.882281169380356,3.75447207699296,0.1681544168066515,39.9669136004746,Slightly Drowsy
912,30.4,0.3351024356588892,0.3276352346669421,0.1819437405037014,15.91359373593754,0.109108811812083,0.0849099736358862,5.294752145106331,1.3620320712142908,-5.113865874531347,-0.1662670514429879,0.0564684636912462,15.690778242368008,Alert
3707,123.56666666666666,0.135081139876555,0.3773256340371076,0.9429493174856706,3.834943708221348,0.2012150257992249,1.4682226486687868,45.02964414390856,7.843510981818261,5.74521801112496,18.81107971760089,0.6973453380364206,95.04689017874252,Sleep
633,21.1,0.2833756313473777,0.2566040781201388,0.1500571611669289,9.614287867943752,0.0537811027035387,0.1161217823567392,8.955127602745858,8.667263055800023,0.2914673612587433,2.2333625501350447,0.0446418927585707,14.574693352060232,Alert
2149,71.63333333333334,0.2353017969873414,0.3874763337214821,0.2956432603766687,21.265165257256083,0.2537480245740155,0.1961758341373798,10.659546637155405,8.850720056180666,3.4964826904236395,3.5417549777738517,0.2029889176430104,38.83245303304863,Slightly Drowsy
446,14.866666666666667,0.3197538797837404,0.2209023184176025,0.1463985773259038,15.677278120692188,0.0741516208111157,0.0721624646922626,3.217720053443164,-0.5444107726923826,-3.082210654578033,-0.7465364918826282,0.0528903698329058,14.983925940255208,Alert
618,20.6,0.2916962714820998,0.2415379310845132,0.2006228026537951,13.778639463542468,0.0318443433538748,0.0978011546495092,2.902456945533892,0.4818464647847889,-0.6006037629011095,2.7984559001423186,0.070782846916213,18.169725440287685,Alert
2119,70.63333333333334,0.2259268474817615,0.4263310819749971,0.3202164406192972,17.19883504649246,0.30926658310319,0.1876674252316061,9.782781881144924,4.27527952208578,8.317110770986105,2.8723639680998545,0.2559674128334748,36.44411444724372,Slightly Drowsy
2844,94.8,0.191870342545593,0.771130358675625,0.3803686340770996,20.311540450151508,0.704954766271399,0.4773343367739751,20.360369254230932,18.694328990994094,1.866199089922702,3.289651897105,0.3439861751100035,75.36263191923608,Drowsy
2186,72.86666666666666,0.2531595874541052,0.3008254058812089,0.2908257954503985,22.026123436937617,0.1046964715291988,0.236782421874513,10.62984684721122,9.932488281687316,2.841051652590555,2.5035466915204405,0.2090505575038138,39.60862587430923,Slightly Drowsy
2030,67.66666666666667,0.2447870230021015,0.2713322982696263,0.3316799050450423,20.4351619074702,0.3243872192341006,0.2078443716852734,15.495368423887848,14.088494730175055,6.425286133465265,-0.580049078052197,0.1554233807895515,39.59663882421256,Slightly Drowsy
2029,67.63333333333334,0.2417226455005258,0.3147511004049595,0.3168300187265548,23.79572170054749,0.1078044425512906,0.1710311474467628,8.73577685894633,5.667559010341817,3.710379410728411,5.515945687009451,0.2076312930592253,40.84139498349607,Slightly Drowsy
2448,81.6,0.2111303347365425,0.6376928902813475,0.4618849581518329,33.23956372768115,0.4067234580368897,0.4733911575257275,26.0202459530898,23.8124347528982,10.065658688700845,2.950197579965341,0.3474223447867954,69.92830305925922,Drowsy
3412,113.73333333333332,0.2446494854373704,0.3107089593607429,1.02176880338542,5.015966537839111,0.1828113565348132,1.8175483088049729,35.06559572390951,28.1589931096989,4.120935210869343,12.534764070757763,0.707261370163562,98.7673461710693,Sleep
2587,86.23333333333333,0.2015721462084508,0.5884597102508585,0.4599120708806092,22.980545859120507,0.5520723431206779,0.5630782110191537,22.09358547868481,21.799616106706537,3.588471582139211,-0.1616434605934422,0.4523384670619348,78.76001767399536,Drowsy
1466,48.86666666666667,0.2806009488312326,0.402342687158995,0.2593589387311309,19.85859914141034,0.1350094916247969,0.2379666428095264,7.258645576561107,2.758811273787225,6.707350616444028,0.2972266304397175,0.2129418447936789,40.52552291684399,Slightly Drowsy
3822,127.4,0.1191832180466425,0.3924927182169907,0.9251901309452124,7.422020220443783,0.1328842960118699,1.4394929139935422,35.045106910030164,32.35522212825043,12.105698329023388,5.8950137687454,0.865812503401365,100.0,Sleep
3348,111.6,0.2035465335531574,0.6110787891588589,0.4926202461854521,35.0068454450458,0.4332774289002917,0.5267414589355931,23.067893807175874,13.573477219011142,17.663722416172423,5.990104447214307,0.5208519216711245,86.4123915520638,Drowsy
116,3.8666666666666663,0.2846571375773755,0.2761070878527955,0.1528827707560563,12.161175143525584,0.0994437270084175,0.1018262024118853,4.852753943346423,3.5228453022679425,-3.2769382940177367,-0.6328168993896038,0.0642619539995836,12.915050063427223,Alert
1495,49.833333333333336,0.2195311588372876,0.3690160624588649,0.306742504653485,16.93156328653096,0.1836893224816116,0.2286366856194226,10.631912666059211,-3.2681972653031703,9.34181224680697,3.88419843972762,0.191037117183726,37.62238669898406,Slightly Drowsy
354,11.8,0.2977420537995032,0.2777572782547949,0.1960887272855156,8.509680447250133,0.0435150409808056,0.082860975397579,4.762945019461713,4.124029971290533,2.07857275271231,1.1651426376176104,0.0240011898659613,4.277256308173385,Alert
1233,41.1,0.3068832804858659,0.3066417330445528,0.1348175126879379,12.95561218769796,0.0,0.0659268724536983,3.912289456853802,3.605112729733903,1.5161801286613896,0.1018273910709453,0.0434080198812402,4.579275421664792,Alert
614,20.466666666666665,0.2826884432498502,0.2449539871030711,0.1523343328370511,11.61345474512485,0.0707287580178164,0.0698762187782932,3.4571859452952878,1.5512135628187995,2.6826983235028043,-1.5326450495628523,0.0347090820259055,13.178514510429151,Alert
2834,94.46666666666668,0.2058436622885575,0.606861033539399,0.3961268169801535,28.101453701761187,0.540053462948077,0.6887710635805243,33.06040996241797,27.269080877950447,17.05128682180421,7.657777267295559,0.5203401372863472,82.10938277085893,Drowsy
1742,58.06666666666667,0.2319172231379704,0.333073677321576,0.2877752059173907,21.561887778967986,0.3656937042026489,0.1303728225405046,5.616759824681862,5.1725443482098825,-2.189114204987676,-0.0235561347295858,0.1468717717736281,41.937860514684935,Slightly Drowsy
3287,109.56666666666666,0.2126234951517223,0.5418008423370757,0.5540670106011396,31.66538291273581,0.5790903839006822,0.5041023219751519,19.824086228796236,15.253788733534936,7.982947868798322,9.82796354304794,0.4985047971152965,65.65840017612081,Drowsy
3737,124.56666666666666,0.1428395904519164,0.2406222873010536,0.9025734841804436,4.1933754653009565,0.2029711640394921,2.282243411826681,30.996864141412097,7.843510981818261,6.379145254133429,15.585819727171554,0.7577431190565351,100.0,Sleep
3263,108.76666666666668,0.1808405686519862,0.3671690036063507,0.4425574844157286,30.858251666943463,0.6405280515182854,0.5653925812565345,14.59977785784442,9.678839716932185,10.740272574719825,2.0298079350178524,0.3401108219359495,66.03037344207266,Drowsy
3782,126.06666666666666,0.1220122553925527,0.3559464755042399,0.7477697460945418,4.034010472484868,0.1830385001932269,1.8112239782195456,40.60501087487901,30.31267046330084,26.188504520800883,6.63861043414683,1.0,100.0,Sleep
58,1.9333333333333331,0.3168553269975088,0.2819503719301043,0.2128257455541284,9.768838425712952,0.1111820127784245,0.0768398420284202,4.587320641205927,0.93279732513145,-3.0363131257805023,-3.3097133437315387,0.0564634116792382,12.076094961729597,Alert
2054,68.46666666666667,0.2564409440865138,0.3400223472001625,0.3225710348737788,20.37435978527852,0.3256313472270252,0.2044488366193371,12.2660403678895,11.304235344404503,3.544718695265667,3.178832955102361,0.2290168424583466,54.4827270531593,Slightly Drowsy
2185,72.83333333333333,0.2312646279865421,0.4449004842443126,0.2867240584504638,19.46968368967732,0.2883643619992953,0.219786860777921,4.232056840040543,0.7981410351808664,1.8973587310245852,3.697743343053859,0.0936173328942936,40.15079334211462,Slightly Drowsy
2925,97.5,0.2108117426939621,0.4664429554019345,0.3696991235764817,24.29335101160036,0.5440936299774143,0.4253946224829578,20.74482595558321,18.45376523581234,9.224810141257954,-2.170076129242249,0.3415677369612893,53.95652302286304,Drowsy
3937,131.23333333333332,0.1447056352328958,0.2636858509386938,1.0208737072198368,3.50753695150862,0.1081360469707593,1.6394515233446407,42.33842480779841,38.32908256711777,10.491045190374734,14.606903011322547,0.8149461221269758,100.0,Sleep
1254,41.8,0.3187075515156192,0.2559425947974597,0.2129470741057028,8.072786566733905,0.0287576331848529,0.0963662747263992,2.9052855261852124,1.2647642290284156,-2.462516876550874,0.8815135088775283,0.058126864707943,12.53033941270485,Alert
3352,111.73333333333332,0.2069641515575355,0.522332171376497,0.4260447269749025,19.001697018407945,0.5602924907465842,0.5161377223921038,26.57318877640845,19.246249410217292,12.947735644121744,12.964273488178565,0.3731104429080292,65.80380193291421,Drowsy
2520,84.0,0.1870366157898312,0.5349770315410064,0.5578300266181223,22.718351607501283,0.643911415202227,0.405191679185601,32.2368068000415,26.420188137156643,7.418112851494062,16.91617489809525,0.5609644659049281,76.93524213708162,Drowsy
2722,90.73333333333332,0.1921731568206576,0.5238177240713668,0.3816496431567888,26.013091018734,0.5931422657839887,0.5833122056942204,24.395220245335583,19.26701832608133,9.641951050698646,11.442969700947762,0.4220069881745023,85.21934145847602,Drowsy
1778,59.266666666666666,0.261339605265342,0.2767667007487243,0.2918500772755986,24.743906000474155,0.1768799025119026,0.2050502349085573,5.159446571765272,4.854997018639576,-1.510502624254242,-0.8759421773281,0.1185172805172454,43.228057623480495,Slightly Drowsy
2141,71.36666666666666,0.2581961759929919,0.3514277128271612,0.2543555028982219,16.768654229320198,0.0905702578443655,0.1751143618171146,6.023507495368102,4.553839912914933,0.0033126286160225,3.942736818605861,0.2005706236965943,37.65086500063894,Slightly Drowsy
3826,127.53333333333332,0.1254802635684801,0.4097915264786871,1.0103988876796637,5.255134306034392,0.2348712495517522,1.996213649407044,44.5059401773946,40.22758826443444,13.534999873118611,13.3911773916875,0.8333227157761022,100.0,Sleep
2079,69.3,0.2542616079194311,0.3556188226872884,0.2972742197384647,19.988889774630948,0.2903618743562904,0.2189459910965389,9.138385325146691,7.527400502593513,1.2099337174555205,5.038292213019763,0.1882663879397796,36.09650481851664,Slightly Drowsy
2526,84.2,0.1914258572177507,0.4170171094845912,0.414359881539417,29.21255376489126,0.6022956731644232,0.4231540879077229,21.99352988733157,13.311616416375646,14.347937678159326,10.032592370463451,0.5020971863432447,84.73062518498689,Drowsy
561,18.7,0.3235856641714373,0.3105033535130777,0.1424640259009896,10.16870430792584,0.1131775156677943,0.0677648072099083,4.872647418779674,4.839869614859555,-0.4619929955934951,-0.3239096338826549,0.0487682539899329,8.64950552859341,Alert
708,23.6,0.2945282510733316,0.2720280157306728,0.1517995220362873,13.034718059784646,0.0906088356725722,0.0821596784145045,8.537723067238945,8.517147907874424,0.5802191015691509,0.1193837611594725,0.0421236583888043,9.975630673302454,Alert
2750,91.66666666666669,0.2165873054480245,0.390740400586959,0.4402440784208269,26.05763604661328,0.6635551896195514,0.6175081840812194,21.0920341413854,16.83398984970409,3.71555169750369,12.15258678408036,0.4352643056380852,63.17840964102962,Drowsy
425,14.166666666666666,0.337960435586791,0.274478855586898,0.1607499953960885,18.163379794058827,0.0157532063735299,0.0807113214806598,6.168982575489153,7.843510981818261,-4.89400533125122,0.9605210028118498,0.018897846490391,14.76189691938264,Alert
1094,36.46666666666667,0.3489379901452489,0.3138151454343253,0.1947382206217884,17.429845700042602,0.1479434795269623,0.0519276757785637,5.1296201760384585,4.373157935705772,1.2938514506588954,-2.3482847449622293,0.03751398122243,11.525015866825951,Alert
1377,45.9,0.3065648405274047,0.3071118972346303,0.1891788007331351,17.239994176599474,0.073049148783825,0.0598303714542736,2.7044562791874154,-2.307615073228078,0.9337850990025144,-1.0569019958007817,0.020393725080988,6.2359056873086764,Alert
648,21.6,0.3108711846700446,0.2505827455072658,0.2006171535118586,12.91052567594091,0.0163420194348396,0.0704432029859241,5.894249718246794,1.8884836695424965,4.026540393734562,-3.868175490919154,0.0404616131790084,14.109023127536478,Alert
73,2.433333333333333,0.3267894709298843,0.2353137998462892,0.1475683037877521,16.63288213333226,0.0484177938457338,0.0936300139474524,2.796009778101232,2.070795940326153,0.0892684184872355,1.8765676119519956,0.0296791054356525,11.700606987945443,Alert
3390,113.0,0.1779711511179663,0.5671514315524969,0.3244160783746667,26.84559716001796,0.5111583489423077,0.5270862949484908,19.17839650766595,16.439697718043924,7.030437276601669,6.93687128642046,0.4566696384243795,77.7364545565812,Drowsy
1908,63.6,0.2552010903092156,0.4050102826725247,0.2210246852272741,30.79775213873116,0.2952708746293215,0.2000541320986257,6.164687170788406,4.100571624664312,3.299659398905177,3.209505899028352,0.1976265022724819,49.62372997284033,Slightly Drowsy
1746,58.2,0.2668797850423839,0.4049520766418562,0.3758809567280475,23.68713929026877,0.2579275362004875,0.1811667849398487,9.80266952824169,8.894827804223334,2.480435165249665,3.289651897105,0.1869806264618318,38.78518190781584,Slightly Drowsy
1006,33.53333333333333,0.3013755308128736,0.2506137069785765,0.1597178785411917,12.570178634503918,0.0826129666723605,0.0563759765370224,5.7496864844351645,0.4434652501017027,-5.367037171504324,2.014235646824746,0.0654206019886228,10.482323109831146,Alert
621,20.7,0.3698009158989827,0.3441863791108531,0.1539623261174653,15.392844046008705,0.079971302275178,0.0680504228395119,1.7732671702596003,-1.7388538412455097,-0.0368953479241728,-0.3456913496282218,0.0312847100605876,12.920753757501668,Alert
1667,55.56666666666667,0.2418593634610788,0.3903627508877461,0.3265884314095964,22.840807190196568,0.1977641782977366,0.2331737570090513,4.637623846340141,4.003647103969693,0.1811606652283095,2.3335692876775367,0.1603248218074213,35.45049992347843,Slightly Drowsy
288,9.6,0.3227352117958242,0.3265024289886881,0.1893955342159494,12.483741529460652,0.0682361678068281,0.0708181937956201,4.93335858868771,0.2634990770921384,-3.463088004698953,-3.5036576135034383,0.032201525868811,12.2812095766547,Alert
554,18.466666666666665,0.3233489595145059,0.2766710923304732,0.1700088714283871,17.429845700042602,0.0,0.0852850952721467,10.659546637155405,1.8991652244648909,2.2360821722336275,0.1870469928772194,0.0367459259686181,8.119167447638468,Alert
1872,62.4,0.2291112760638444,0.3257978277479952,0.2429246067085528,17.42646960775815,0.3092685300265072,0.1163215881989431,15.424269176902447,11.795486166815948,8.984235699680925,4.249481688697495,0.1354197092762372,31.086793971013943,Slightly Drowsy
1916,63.86666666666667,0.2774063300027862,0.4494687224547579,0.2640401542311081,23.32390643811273,0.2065524330083258,0.1607356294222376,18.465646886565377,15.478944511085803,9.451038249185022,3.472789624277586,0.2432750437399595,49.53137813706651,Slightly Drowsy
1715,57.16666666666666,0.2385790684425131,0.4623825951948425,0.2258486895683407,24.18728821610558,0.0874231120396648,0.1872573332775667,10.768720836225198,6.879903342375669,8.27876672695843,0.3070829346036801,0.2065353219538954,41.51929032253831,Slightly Drowsy
1555,51.833333333333336,0.2529564418060649,0.2334284977110997,0.308279018578824,22.87403920468759,0.1963485717332963,0.2008336592855109,9.699385773791262,8.726389616675611,3.884393906008557,-1.6851387568280505,0.2678532893809009,48.149467726154256,Slightly Drowsy
3568,118.93333333333334,0.1312377865631197,0.4317715304855166,0.9775271691131138,6.927990262414102,0.0411203420278844,2.2473362263847028,41.68818684941551,35.71143072744592,13.868117895292691,16.440010469366314,0.9302084688181004,100.0,Sleep
2376,79.2,0.2178319762613884,0.3056558846702822,0.2621418109138835,13.69369593502276,0.1619659448700666,0.1919328788995555,3.481372814093807,2.469526599446569,-0.1619403929833298,2.4485036970479954,0.194251461932412,34.88015488452761,Slightly Drowsy
2565,85.5,0.2189147070950606,0.7320061679566557,0.429657224069256,27.78911734661729,0.6589935471739586,0.5789447814697383,17.70692408077045,16.13390910311668,7.087278271685843,1.732808170060066,0.4563059240484154,75.69174557933226,Drowsy
999,33.3,0.3472318061732775,0.2933711797000604,0.1097256498700395,14.749179943344815,0.0337588338234913,0.0907435962908347,5.518091865708572,4.360537100629536,0.585486141425454,3.330504467889391,0.03642586230873,14.238585074479836,Alert
3136,104.53333333333332,0.1712469090042854,0.6317873303145125,0.5207420597018498,19.393251205651893,0.6039202063225522,0.5866503647749856,25.07520093668001,21.51524652343013,12.191441650109912,4.150737228839111,0.424793692277109,88.09094870969017,Drowsy
1740,58.0,0.2530685476077078,0.2833412702318832,0.210337213989955,24.34805268075676,0.0455333119420733,0.1609328921877058,4.61321729593718,0.7005616261404688,2.0554541326046705,4.070146869127914,0.184493517949295,53.90838964914845,Slightly Drowsy
2067,68.9,0.2649399207671069,0.3493844276009791,0.2972325628278966,16.835124381334445,0.312078467975444,0.152226433415229,10.9855647087772,9.710971565338609,4.471800683570166,2.5263930561845527,0.169193595735513,36.71205782986025,Slightly Drowsy
1398,46.6,0.2965097620725537,0.2717213361766357,0.1435246805152389,10.628931218047548,0.1118924393235071,0.0834207898527429,5.644524474295165,2.3341970955940585,-5.088948705348667,0.7174827762166059,0.0631484389198765,16.699340926375037,Alert
1578,52.6,0.2639715096172404,0.4024402728865724,0.2774231120169125,17.24011125214704,0.2322536133307512,0.2168805743764277,13.088938566538296,6.241497460147504,11.468925148723232,-0.9098231622516352,0.0913086515898572,35.30265615122223,Slightly Drowsy
1621,54.03333333333333,0.2446432113486338,0.23231844921757,0.2265439030656695,18.930031215434013,0.2877379366103427,0.2275243209761707,10.035243567218629,5.061228606552152,6.917479180519003,5.219057408450992,0.1735734060650111,31.39003461132196,Slightly Drowsy
3676,122.53333333333332,0.1595030618053791,0.4426893448563674,1.197173361878047,7.595697216519542,0.0822713917296041,1.977671154651273,30.288550517142383,23.367772451460983,9.818381030502,16.581402142946345,0.8645614776704078,100.0,Sleep
2549,84.96666666666667,0.1920703652752716,0.4710233775191862,0.5530905918963005,30.46388602371952,0.6272366742288644,0.5108401481387738,21.241158649472435,17.070108264583478,8.50853999589333,9.348955650003909,0.4849262416289754,75.41306761596086,Drowsy
2338,77.93333333333334,0.2875608407089876,0.3743905248463184,0.2566813512295243,18.64049138196357,0.1315113727684863,0.1756280242197448,12.253933009625856,11.606893256893034,3.880226211769002,-0.6186660431848727,0.2724183709892148,34.86537209794576,Slightly Drowsy
2753,91.76666666666668,0.1968048465411945,0.409773376203101,0.4718389549828173,27.073755398957424,0.564730938569123,0.4933050116789584,19.66316594627761,14.722987385045526,10.94446484531779,7.077600351831461,0.5606994774418486,81.39483520673713,Drowsy
441,14.7,0.2998405767720488,0.2826493229001783,0.2005676923889524,13.645878534974685,0.0966548218267701,0.0906195132392818,3.956936798698932,-3.445528299328576,-1.588400890521025,-1.123684198703398,0.0495872190685884,0.9165731355810812,Alert
509,16.966666666666665,0.3496536368510575,0.333911339293696,0.1634046826395818,13.365120734006911,0.0198455154523615,0.0876530710295498,7.152928083505559,4.812331363258102,-5.228315921643123,0.8188770612845045,0.034466564565617,12.40180395150876,Alert
1101,36.7,0.2791177432482112,0.2478484239516938,0.1755036589943349,16.780731124729318,0.0685489223022845,0.0566499835223857,6.2779980923524645,1.6492094298821005,6.053419346379091,0.222446669681716,0.033453488498552,13.722714564771392,Alert
590,19.666666666666668,0.3273679813225575,0.3042626160580546,0.1191696818498745,11.784899382554055,0.036696824806005,0.0940628039447209,8.739793742888999,8.246076209303737,-0.6840171804291536,-2.813954924207977,0.0480453615440259,17.741413624243286,Alert
3946,131.53333333333333,0.1259174116642613,0.3554109982774321,1.0096705084648765,10.510312589026183,0.1697338167927082,1.6872740792363925,34.58230472017454,31.226365222377407,4.809989740835688,14.06107796190464,0.9863267431300038,100.0,Sleep
650,21.666666666666668,0.3538267290041602,0.1672644275405,0.1918679650428882,14.085679535500557,0.0,0.08619453558272,6.436612677981398,3.1893799795788302,1.7689176940722002,-5.303656126089898,0.191037117183726,8.296977367258625,Alert
1547,51.56666666666667,0.260260957348205,0.3723644062813869,0.2541636730695081,25.591049439975546,0.1662578508489895,0.1946142363270082,8.234848799025242,6.941675533457198,2.596189031447648,3.589662664373927,0.22606060583732,34.129616595629685,Slightly Drowsy
3662,122.06666666666666,0.1286979768038384,0.3163417403811583,0.7590909375246202,4.576204345086103,0.2417066980153515,2.344998703862801,36.91178966647754,29.788359824797283,18.07539247181373,12.182529389276304,0.684748256542436,99.05435351283894,Sleep
3945,131.5,0.1325896705325491,0.3212044711586038,0.9916416984069052,7.225119673471656,0.1530709422972664,2.298884335285133,39.65575434750651,34.71524632840995,13.7135478746348,13.392876088342655,0.9903775391684558,100.0,Sleep
2340,78.0,0.2289855360961135,0.3746568053111944,0.3312207454734799,21.43022911387651,0.1854170634856421,0.2033200420821139,12.775180953279117,10.913717009157873,0.4211080022454379,6.627118339330338,0.1968488895774095,41.52334450867015,Slightly Drowsy
3880,129.33333333333334,0.1288740816988661,0.3653490937032622,0.8877841942209959,5.350192501035398,0.1096007669911509,1.7878887645842465,10.659546637155405,29.28352844360737,15.924863655306556,13.995188747677,0.815307224515509,100.0,Sleep
2122,70.73333333333333,0.2425957193878418,0.3651214332039004,0.3010941898700945,17.429845700042602,0.1403091183443276,0.164156612084798,7.75758581489177,7.748517814901323,-0.2674393666492198,0.2628412690828687,0.1957428804461837,40.29616588795505,Slightly Drowsy
2551,85.03333333333333,0.2315345745849195,0.6350315657818645,0.5443107830131482,28.108214961035795,0.6486833126937858,0.5591650077601142,27.19943607185977,25.34795683716863,9.56462760846236,2.410042638556825,0.3000964932322243,86.78681968522068,Drowsy
1456,48.53333333333333,0.2863692875676318,0.335799018840186,0.312191497741096,20.85180242263134,0.2088375004708908,0.2606158699705437,9.848800331769256,9.675024034971516,-0.9651970909638274,1.5688124404710229,0.2302488537776543,41.75929999070454,Slightly Drowsy
2100,70.0,0.2301546057374401,0.3283501483851854,0.317744002111784,27.198901832496475,0.197197448067772,0.0885084429857688,7.914129302058159,6.303327510870408,4.129704471289719,2.418066558267069,0.1934535424666212,37.75392250619573,Slightly Drowsy
661,22.03333333333333,0.3695908413109005,0.2804158152081227,0.1915975868971557,17.398243998412013,0.0441144198074357,0.0668675185840059,4.207532870081348,4.184974377517206,0.2353177382510102,0.3659888992905208,0.0233145731386406,4.476306921237952,Alert
631,21.03333333333333,0.3004411519374502,0.3098607857244617,0.1874244164292031,13.975838946716632,0.085158558922826,0.20907870799801132,5.846847108854409,5.616408228128419,-1.3795777869454209,-0.8592699570550174,0.013977814672173,10.3812708131676,Alert
673,22.433333333333334,0.2873055858713085,0.2679213566113284,0.1813218770221979,9.410578109557274,0.1055465808040992,0.0828475582502093,5.205069487799626,2.9533820864507123,4.096579387578798,-1.2602856602846937,0.0514808386176806,11.66185219850031,Alert
1250,41.66666666666666,0.2732756481043281,0.277469756909993,0.1502641734712633,12.17035197535484,0.0003032130467035,0.0704531028311233,7.2866521515255185,0.5084407650413771,-7.132709489781307,1.4004438225645783,0.0844064371600976,14.77100082180561,Alert
2571,85.7,0.1959259805049678,0.5514126074359101,0.4147509312211106,29.58318815445713,0.5876611638285482,0.7397885837684183,20.4530470505613,16.09374525163149,8.895006893170121,8.955297303748166,0.5075104951020304,68.48303859708284,Drowsy
483,16.1,0.3414474706322836,0.2993749335873727,0.1722809999814663,16.705280782482852,0.0448386353948086,0.0629667565133121,2.988101866186149,0.102573252741638,-2.936222508929298,-0.5448200332073744,0.0646744855667238,8.451916359697961,Alert
1585,52.833333333333336,0.2652919919527116,0.2812560006268632,0.270227318454414,27.279176343202053,0.3133329046638365,0.2340374771110312,15.885342141754498,8.878886393844866,10.618538993608354,7.794620004016664,0.1748368004781259,34.35360605194844,Slightly Drowsy
3033,101.1,0.1996899287100258,0.3469214638970338,0.5548630334772932,28.10816235228837,0.6600598796783302,0.5267797976630892,26.70712277642472,18.95314038063472,16.77323495588048,8.526867292376899,0.4517394426880818,69.24220905637075,Drowsy
3781,126.03333333333332,0.1306413123466362,0.3446207725837766,1.1098632397708508,3.5390320581492007,0.1565871280820747,1.6010020497373387,38.478505988426114,35.47361143522649,7.373235485039752,3.289651897105,0.8535130801633997,100.0,Sleep
3689,122.96666666666668,0.1120132579752335,0.4583131328280829,0.7236560536050913,6.019263845698242,0.1113308096769399,1.5758515836288065,37.17268791737556,28.88074799854483,11.671220951885442,20.285308071099585,0.9562635765954426,100.0,Sleep
1463,48.766666666666666,0.2578096858774867,0.4137560374490878,0.2473354788071605,26.4844437589047,0.2090817197182353,0.2096431590562325,4.777552823368174,1.0519966813736863,-3.2290492382629363,3.3602909069492046,0.2115892849852803,36.449112556346,Slightly Drowsy
2782,92.73333333333332,0.1888757286973,0.587522958150663,0.5130589648485895,33.74167578750488,0.526886270349088,0.5963152963537971,22.220016693606613,7.843510981818261,10.105944671079916,4.73596333916793,0.3739752237558235,80.00446352637174,Drowsy
2414,80.46666666666667,0.2063631443467968,0.5280709694304261,0.3400263456615692,24.648128743891547,0.7922278854859512,0.3991657938119303,21.55318206278078,16.743253601791537,9.901985425878282,9.281907157646218,0.335198034492151,75.48498919231062,Drowsy
2588,86.26666666666667,0.1967710734862931,0.5428020900726791,0.2877752059173907,25.93537490562621,0.5165630989409705,0.5579036444613832,16.858838800509943,7.843510981818261,4.120935210869343,7.745026730663175,0.5545929550024192,74.03905446951336,Drowsy
3209,106.96666666666668,0.1865814168386175,0.4041794252966086,0.3342677765342953,22.340179074711127,0.4386282691064392,0.4738886531091911,21.660982957763007,13.789351389697876,16.122736440505605,4.371423179918565,0.5398329284529942,72.16767907215113,Drowsy
857,28.566666666666663,0.3633510488605654,0.2934473227577312,0.1832328016635762,13.375265660469884,0.0616859536847519,0.0856047189200499,3.254712191053397,2.730422070518315,0.3445352708332589,1.7375966766110986,0.0404620869200146,7.576335956945556,Alert
1226,40.86666666666667,0.3300384658929801,0.2676782620388698,0.1501143226321201,14.874124392868683,0.0580413401486628,0.1222068530419275,4.3993046639798,0.4379719886602768,4.320330360207521,0.704845828768629,0.0267795623691457,14.456662235676973,Alert
1191,39.7,0.3087156192229664,0.2853734960037623,0.1935396847423023,11.158267202697962,0.0994193507801227,0.0927423808082245,6.241292359981541,5.895960029701954,-2.0376658116543007,0.19825158495232,0.0407871150998839,13.260163657604204,Alert
3579,119.3,0.1260597132399303,0.3898749857045646,0.9671818551191488,5.952280341199646,0.1765908342438474,1.3625718755306926,41.32266598973095,30.475661644281317,24.041213185628425,14.17098586568041,0.8895738212453173,100.0,Sleep
3304,110.13333333333334,0.1893606048270931,0.6376440605102376,0.4734422318072542,26.29460104356158,0.4204130276284443,0.5262456489030426,23.450261835251837,16.384282606887663,15.214169659518555,7.07100453760935,0.305491940770086,79.13994347184634,Drowsy
531,17.7,0.3140887790816035,0.275813313147093,0.1469044685630072,16.051383757219742,0.0573723625631241,0.0715994454541167,5.694966663503471,-2.761686733663659,4.333236585165262,-2.4553599289121144,0.0281744398126058,12.555310102146342,Alert
3975,132.5,0.1418230224796292,0.3553190281042194,0.8944525612983406,8.905176549567434,0.1122752804107652,1.8476284719768885,34.61956722821217,25.05862150634435,15.81328334241396,17.90307217220027,0.9846316407353456,100.0,Sleep
50,1.6666666666666667,0.3055777032619213,0.30924922392228,0.1461087943602714,15.324510444788206,0.107662744826316,0.0305671099974542,1.7782238670602364,0.0077618613238079,1.73121638154162,-0.4060907720859854,0.0474229174674261,9.41068910745939,Alert
2926,97.53333333333332,0.1938097449012024,0.6474013645346001,0.3176539431200397,22.04970931092986,0.5303514559272183,0.4436246971146573,19.28696030068199,12.65663616466604,13.249564637038958,6.020418221708317,0.3359292578821413,59.94747382835169,Drowsy
1814,60.46666666666667,0.2559959234314586,0.4470429038507217,0.2669302164023563,21.079911344376185,0.2185125081021932,0.2185984658202439,8.740614057477234,7.797815417219132,-1.1376601078203636,3.781287915488903,0.1650330566078625,37.3814971551546,Slightly Drowsy
859,28.633333333333333,0.3406709657677279,0.2763596770296357,0.1272537337003369,13.372205413393898,0.011113511282267,0.0815915909311312,7.809545202390052,5.585442591300817,-5.218275732696835,-1.6004454707998077,0.02894614092433,10.227911945726891,Alert
1819,60.63333333333333,0.2842705945868056,0.2790040098405783,0.2939314499066727,22.99163257387483,0.1250784123355607,0.20907870799801132,3.0148782845598694,1.7847106354818365,1.3832626969586856,-1.99771953224452,0.2423450606785125,38.58347999916998,Slightly Drowsy
1073,35.766666666666666,0.3593930112593441,0.2806576678957779,0.2196877848100659,12.620812154883303,0.0,0.0647943112275681,7.745540194695975,6.323252165111891,-4.473239770834421,-0.0009574361370109,0.0406828778668042,9.76540126871212,Alert
720,24.0,0.3395789971944253,0.291726902316926,0.1969436731772294,13.469775825198935,0.0716881202763619,0.0732424444905238,2.353169186409205,2.005579055406005,-0.8239312480988923,-0.914437078638392,0.0262177640455641,13.325498495461014,Alert
152,5.066666666666666,0.2446494854373704,0.2057350785346992,0.161765340387167,17.242486366402773,0.0490852775080447,0.0600139553541017,2.846082427414264,0.7380626969294564,2.521860079513659,1.0934671364027586,0.0352213580166061,9.70101130067197,Alert
2182,72.73333333333333,0.2604867457115209,0.4157109035139657,0.2960753865251019,23.089877253773253,0.2931786433690652,0.2267518986346106,10.09828338268271,7.735222645350999,4.822618663718871,4.34557327957604,0.1531450592216046,36.26683661179662,Slightly Drowsy
3751,125.03333333333332,0.2446494854373704,0.3834077923322778,0.796160408548199,5.325338619810006,0.0425958753216198,2.5232712269788857,39.64482511220509,28.2582754385609,12.720306999606166,24.7260149893088,0.7840818516473361,100.0,Sleep
1661,55.36666666666667,0.2546657516311476,0.3519436256656999,0.3609611414551703,21.65083903640007,0.1646647916457215,0.1741660404682392,7.889532413998988,0.9561887905263546,7.286463008948653,-2.870170992752066,0.1797710863638031,38.63655805234168,Slightly Drowsy
1657,55.23333333333333,0.2294713177872823,0.3346154010808306,0.2731762934083973,23.425963121281917,0.251154243375404,0.2357136221727718,10.659546637155405,9.855487285274808,5.011708816852504,4.039806647643977,0.1363698513671101,35.93039286439035,Slightly Drowsy
3427,114.23333333333332,0.1404790727303695,0.3959017469679813,0.6587495052401597,5.193604563213381,0.1391069346919597,1.816972131878572,25.978653633992543,21.41621188241985,8.658891470707053,11.885281306757928,0.80714594266722,100.0,Sleep
2329,77.63333333333334,0.2278843942788059,0.3804258032493884,0.2415404320375414,18.48627293804476,0.2287222217924784,0.2030982325918455,11.623531028224429,11.007505174826946,2.615294201623163,2.6648714095074726,0.1884601704935274,36.14343297581573,Slightly Drowsy
2837,94.56666666666666,0.1858695139963635,0.3297211087805013,0.4748359963423172,24.71147274679827,0.562166773375588,0.5829400789838469,20.392237800903654,18.710580847828886,-0.2539724726718955,8.105123370349633,0.4711221358955085,65.19351403309986,Drowsy
2974,99.13333333333334,0.1635262210143894,0.5393724927535378,0.5486049901517895,31.00071715606288,0.507912686686506,0.480174458625022,25.97223373947729,22.02857642388341,11.836332196313638,7.014270189669038,0.3987678384765701,76.36386965061753,Drowsy
2975,99.16666666666669,0.1945453382482342,0.6184379569916715,0.5368818367185102,21.84737577470778,0.4029016512965393,0.6848056187648732,22.521904173084565,18.829094713319776,3.21009617926695,11.933006426642567,0.4639179569922182,91.7306364537009,Drowsy
2568,85.6,0.2118446730414637,0.4873211128576377,0.5258013756186397,27.31465507016599,0.7125208056390206,0.7711730350396213,27.63594323036412,23.14080869633096,10.567305731335464,10.79723949406544,0.4410549853497548,62.86449035526182,Drowsy
2963,98.76666666666668,0.1898940780784005,0.5335198301518478,0.504499224778369,27.81639288413556,0.4773191607888085,0.5957348684760896,21.56185016348153,19.03631864311253,5.982978640439045,8.169205688337463,0.3873360247754687,69.11526753941936,Drowsy
3622,120.73333333333332,0.132941454103431,0.3756872090998224,1.0242844705165255,7.999945661285867,0.1775795662552763,2.1143282424023364,49.877823776581394,28.246882978339386,37.071331219492855,17.76590296918127,0.9047238905162912,100.0,Sleep
3161,105.36666666666666,0.2224101628786105,0.7259244147838669,0.4135251785931293,28.606933712258375,0.5267913028537833,0.4392692362601124,25.735980143805666,20.82277569402211,14.667022984035134,3.69203509525394,0.4137850462577276,73.01584214586454,Drowsy
3416,113.86666666666666,0.1311032811600132,0.4932328058098899,0.8347410578340853,6.472312813975846,0.2402791110711319,1.5693444530273282,41.98689788063779,7.843510981818261,1.174802293987181,23.79377269705369,0.9295806209205772,100.0,Sleep
1787,59.56666666666667,0.2355926229020669,0.2878573122966332,0.3113810904190255,20.014816971447143,0.2514588334842048,0.2155946063226287,10.392643872636697,8.674051372891412,4.120935210869343,3.959110962424103,0.1752218239497465,36.61232974884401,Slightly Drowsy
3123,104.1,0.1884499841675557,0.7924970396806648,0.428819406672818,24.03437075122533,0.792614498895958,0.6388254798192396,25.60441961838829,21.624127802927045,5.0014342341918,12.765933430746024,0.4971392211762987,78.86831738998467,Drowsy
2851,95.03333333333332,0.1744687221052292,0.4148446860405039,0.5043874351994356,38.87132404187635,0.6551794540182463,0.7364208796072725,19.62764954601892,15.82814193142136,6.177512929973092,9.826132692984206,0.5067554271878921,66.39798580940526,Drowsy
1386,46.2,0.324850525112645,0.3589863365259068,0.1848211365383538,12.622856324178343,0.1568270149945226,0.0882725275542867,4.973556238649815,4.475311967232042,1.7763089496074749,1.2460220585954973,0.0507130810270494,7.992451229617813,Alert
2530,84.33333333333333,0.1867239024651593,0.4101807984946977,0.5068624833802186,26.172269814323965,0.5120174783195579,0.4873059364448929,28.254809209178937,15.63591302222958,18.418200565161197,14.649995063134668,0.5656485045301227,83.658033468519,Drowsy
1400,46.66666666666666,0.3395252238651788,0.257791753679812,0.199355504894427,16.10957193621406,0.0359466025817715,0.0803550509234657,4.975185716478534,0.3786959262383662,4.954916846057638,-0.2405438786515319,0.0215595134964563,8.21291804956703,Alert
1196,39.86666666666667,0.3307684983495463,0.2922439769438031,0.2070232539537167,12.55217790748281,0.0316873212163925,0.0958427479829093,4.597729552246731,2.6305325084071587,-2.718654378578084,2.6131081354690013,0.0060309886319949,14.52557404813832,Alert
3789,126.3,0.1418060253326386,0.3803850285054187,1.4804797482310048,11.855290471737662,0.2613513982989456,1.4831839879728772,45.07766643780722,39.31428460690799,1.760272909814212,21.98373209007567,0.6455102574865872,100.0,Sleep
1476,49.2,0.2718833367123026,0.4510017406383719,0.2791455051023409,20.176188632541795,0.249082890334815,0.1542298073494152,9.621906728974814,4.62453553760936,7.997523785571159,2.68967906295574,0.1316723016656784,31.170300187720112,Slightly Drowsy
2120,70.66666666666667,0.2153668495205469,0.3459780859416929,0.3115688999624189,18.7549995506256,0.0935919693760096,0.2091570961081101,5.95469750362346,1.8770947644136928,5.226770798453655,2.148442371929557,0.1997786595340949,32.13947888177879,Slightly Drowsy
3518,117.26666666666668,0.1382477175351999,0.4850710107807277,0.9441758409148332,4.811308583981036,0.3121591004960039,2.0808962351491758,43.08146220657923,38.92861626699367,5.533214906102623,17.605645520598056,0.7633339791269568,99.87539871901932,Sleep
2341,78.03333333333333,0.2742647767332864,0.3008968963061772,0.3008818214497883,23.50608347577316,0.1251635948484966,0.2184255249181528,10.062395342169904,7.843510981818261,3.2850475212402634,5.157043888075831,0.1571298299056934,41.55274885456491,Slightly Drowsy
298,9.933333333333334,0.3105498025245445,0.288100607288395,0.1993946861317731,13.46083090613092,0.0150815563818519,0.0976281505784714,5.419087076202629,3.802838406363954,-2.748822301691175,2.7108856022109915,0.063403974183932,12.757614187712504,Alert
2093,69.76666666666667,0.2646905843684897,0.4427521110734366,0.2460931220313986,17.11030741898559,0.2016002575861971,0.1988537735585894,11.258390722079508,11.09826475142126,-0.9167798095141286,1.6551120624397564,0.0940918704293258,48.64688287712559,Slightly Drowsy
1265,42.16666666666666,0.2828177551698143,0.2066946865649784,0.1760645953720547,12.922497235417651,0.0229624934078469,0.1064509692566332,5.351291805051374,-0.1485954669882772,4.250502246416408,3.247687488538514,0.0009819906642123,11.38541758740555,Alert
2098,69.93333333333334,0.2443477521998272,0.3574187287945415,0.2628075230867448,23.844249858643728,0.2080647083407498,0.1531492715936554,10.6087860107292,7.888035760864675,-5.834967693086202,4.034647999194464,0.1236257257265391,39.53104194270549,Slightly Drowsy
959,31.966666666666665,0.2745237246174363,0.3453984515825582,0.1381854705637738,14.460298495820425,0.0527634077089708,0.0237874336676383,10.659546637155405,1.3317074420804778,1.3452397484373286,0.7086187630377212,0.05807041367607,10.944712082320311,Alert
1607,53.56666666666667,0.2737856690687928,0.4266719583016482,0.2849911431870965,22.90251566053236,0.1045030516604578,0.2398313404062996,12.68156129478037,8.329417092629798,6.2692225011690415,7.220779528632205,0.1557614806420996,39.82678165537797,Slightly Drowsy
3604,120.13333333333334,0.1248017659343534,0.3713350901145929,0.8982345919107119,8.152582570626011,0.2151058345618828,1.8975166016516647,27.59634794610856,23.16351094116888,11.408364838668978,9.739578663826329,0.9428294257373712,98.5539972410983,Sleep
909,30.3,0.2446494854373704,0.2530215229285069,0.2230087505946283,14.47862678989338,0.0764867501578999,0.0500272900570157,7.487649892532452,4.985536207534979,3.9033061890722784,-3.996689934289252,0.025893665521683,13.891849528077575,Alert
1951,65.03333333333333,0.2241926323484072,0.4201937370896798,0.3012679493595944,22.063257156982825,0.1998025720550259,0.1397514051637396,6.647256241636528,3.578836333965496,5.344612680456099,1.6772183318137357,0.1712914783513003,40.000289654896086,Slightly Drowsy
1610,53.66666666666666,0.2191435570192557,0.3508842649641503,0.2842574166572515,26.439255140236234,0.2749444541706448,0.2487977279693132,10.912065331603488,9.52125124437728,5.330451035799899,-0.0723622661797311,0.1859948879174109,44.64410953626344,Slightly Drowsy
2427,80.9,0.1905007597243787,0.4244354890706952,0.4902672572479826,24.50148509202048,0.6074111441001347,0.4266680263631686,22.708444291864577,22.54609460541269,2.3411048400010497,-1.3661216375642926,0.5266083809614259,70.37760801159577,Drowsy
1375,45.833333333333336,0.2966762882456745,0.2580285754634879,0.1694797981902421,12.780902316253547,0.0236729890345158,0.1219768246070487,1.3887883320632028,-0.5752376912237245,0.4398977629385243,1.185042019521744,0.0526021599116746,11.400802098216529,Alert
1287,42.9,0.2917759183716709,0.3637554303168375,0.2016833032179831,14.47153085493753,0.0427335629125678,0.0750521412010512,5.261571201620435,4.917989958397737,-1.4717872257102949,1.1538408213685851,0.0330314409941681,20.31730973773253,Alert
350,11.666666666666666,0.3122423073653774,0.2584986899566297,0.1587063302329939,16.447223896391947,0.0,0.1121756171146874,10.659546637155405,4.070574225461558,3.2725850118110937,-0.9258790240505166,0.0370011856184178,6.089017011491616,Alert
1369,45.63333333333333,0.3460006679965672,0.2937944278651952,0.1763607398583125,16.320180016651722,0.0116059879113482,0.0755016092088929,4.088704611645203,1.4972801609990798,-3.710859775328536,-0.8397483245687155,0.0,18.74940700210516,Alert
3053,101.76666666666668,0.1967994000446399,0.4002901067169511,0.4138370299410654,29.988213521181912,0.5058220399612997,0.5301318884431602,18.16993996358708,16.00771714838475,6.506187211420243,5.61865090102769,0.3962711843592985,68.96853875914758,Drowsy
644,21.466666666666665,0.3494985532509616,0.3056164324232033,0.2176355610714357,16.00175486886394,0.132393800069496,0.0911744767388897,3.135523391950837,1.6088065596921035,1.0287791319640278,2.486938256691927,0.0244124934947976,8.779544996899986,Alert
1879,62.63333333333333,0.2350044824993638,0.465727173115065,0.3268850523835753,23.40524352691173,0.2448674628781136,0.163311732146599,11.592012612212905,6.071699367213543,9.765596441287038,1.4636766520661664,0.2224452702779519,33.26798150845894,Slightly Drowsy
1682,56.06666666666667,0.2498882573206363,0.3616775798409121,0.2278799231274078,16.84351939487208,0.2389295584102489,0.2348682052424551,11.854775644275827,7.665990184728476,8.603338598737452,2.784037539121253,0.1778259490239919,35.101972176907495,Slightly Drowsy
670,22.33333333333333,0.3685882220280549,0.2534114443786606,0.1999093904109852,16.648913931558493,0.1565871280820747,0.1007602505463192,6.560956026300345,7.843510981818261,5.183891506145296,-0.9386929328534224,0.0142827196544057,9.080272921269588,Alert
3645,121.5,0.1324175109498447,0.3973244711958436,0.955117198051604,5.989818204836971,0.1582344518783038,1.430387685507318,31.34626354865322,28.51197467975794,5.2912675799981095,11.902017716308794,0.9456724007363626,100.0,Sleep
3350,111.66666666666669,0.2074894826823484,0.389539818731656,0.5427530202420626,33.090169201484905,0.5381888920751622,0.4620164134694932,22.538218841418864,21.964490737934536,3.1112832021876238,3.981503736361595,0.4362473356251922,85.722996631161,Drowsy
3283,109.43333333333334,0.1871291396396572,0.5320656252501343,0.4584476725520549,27.333274866931948,0.5234412478574115,0.6260491623505694,20.455637889871404,16.853955375372767,9.009905136197592,7.293758915895576,0.5480301413065889,73.14048958595636,Drowsy
1910,63.66666666666666,0.2052670969355857,0.4855566273845004,0.2792027375337102,20.90601529692536,0.1582112059316708,0.2150546814879643,11.45082788600394,8.353039062098254,7.802511492506049,0.6848445891274673,0.1675002048743495,53.72922665573635,Slightly Drowsy
3138,104.6,0.1859993698131055,0.5525409672713386,0.4451929002152172,30.03695937461459,0.7442973464582623,0.5896768858836976,31.30332587880156,28.16891255882952,12.731811420865252,4.930674829167824,0.6001812095960021,77.4696871082783,Drowsy
1180,39.333333333333336,0.3260269019700824,0.2734524005527048,0.2049720161577168,13.4290980183559,0.0592616427525522,0.102929437549758,5.16305433179087,3.976715525064601,2.358051872442626,-2.2983592044335603,0.0504958515100264,8.397681690731574,Alert
2506,83.53333333333333,0.1870349602858238,0.5981670116279006,0.5060976026648368,34.42926010206965,0.6062944425837705,0.5630364059961827,23.534682519810996,20.87519203373077,8.395523164668715,6.900929622498085,0.3158122781404872,81.24410905745621,Drowsy
2765,92.16666666666669,0.1901520932822428,0.6365225708866664,0.4703236344669146,21.27989265003201,0.5985054297520266,0.4660853420829143,24.69392836116177,15.388938867439272,15.830428075130232,11.062016335123328,0.5165169917977797,76.45352527930761,Drowsy
2224,74.13333333333334,0.2287405920604373,0.346206302209173,0.2727297675687923,19.98455925730696,0.171054880953238,0.1802649629001059,8.619558371557568,3.561621661144066,7.425654024023165,2.543874992814327,0.1880574617566914,41.37050478540082,Slightly Drowsy
3521,117.36666666666666,0.1492347615393263,0.3450933702794898,1.045371954560974,4.835774011037399,0.0623480760860498,2.038097930978066,50.32521258237082,45.25972101932299,17.803965265013364,12.930719065700282,0.8220507232093504,100.0,Sleep
1588,52.93333333333333,0.2105855743630886,0.3713157976449239,0.2998538564428197,19.471949342162425,0.1537079156703636,0.169592307130364,7.849617315762423,3.96576166229448,6.7739832824184,0.0487537825059032,0.169379085542666,35.08024440988691,Slightly Drowsy
3167,105.56666666666666,0.2091064769840101,0.4845067283996826,0.4908692081057761,32.41589390849333,0.6299199456425643,0.5603268504380081,21.018414127450978,18.47801424827028,6.311229481669696,7.7785027031848895,0.3683038378935691,69.03741535836164,Drowsy
2271,75.7,0.2395691364374486,0.3199661128560406,0.3481651851813137,18.00203871127904,0.1716703011458119,0.2122413312945404,7.902063160956243,3.7231802798489313,6.602419814525639,2.233513688394369,0.2065564131026742,43.88706471029536,Slightly Drowsy
3406,113.53333333333332,0.1336324631797266,0.3858516322696987,0.9749226529953436,8.366005979535872,0.0535941150877879,1.6884913405637374,39.05672055500762,32.19813495604867,2.9208486826213385,21.91292241663035,0.8703854300579584,100.0,Sleep
1358,45.266666666666666,0.3351006211737388,0.2219033053123186,0.1826646888683636,20.08996281057311,0.0,0.0782916233433386,7.681761082619105,6.854365305129257,3.3125254696310265,-1.026793361552123,0.044122707592452,11.796928443669836,Alert
787,26.23333333333333,0.264927166169857,0.272280192090644,0.1874071819024983,11.187005430655692,0.0064522635809463,0.0912294525965226,3.770171003224647,3.4071362011428263,-0.4132231811637811,1.56040344237215,0.016515954085597,10.574117123716736,Alert
3609,120.3,0.1331866704253928,0.4351943214812315,1.0842100412179472,5.124434704789659,0.1068672721203512,1.2784462937657026,38.4595503901721,34.2049795148107,11.27153108170595,13.494776014432544,0.9882300143822004,100.0,Sleep
141,4.7,0.3193121273737341,0.3420288058834411,0.2298377764364361,12.85725935853432,0.0259115175855287,0.0893754851215004,1.847485052551633,-0.4959635979707286,0.905375699458398,1.5321605567693806,0.0645386644776861,11.60082098948731,Alert
789,26.3,0.3296241604011908,0.3079498335588707,0.2136280953721873,17.924071467348732,0.0473021376577927,0.1038722351034517,2.9673903293950263,1.1442378913771276,2.706273934764804,0.4149775957043635,0.0489135581416384,13.450346751227071,Alert
324,10.8,0.3827889137896106,0.2155972789422987,0.1790315816685158,15.601357337686936,0.0549231280662472,0.0777374389496852,2.08232561968812,-1.2480409086145603,0.6983602288204909,-1.5135279540318527,0.0,14.919239875588076,Alert
2707,90.23333333333332,0.2238828812258651,0.6401857194053803,0.6296455900966124,27.34091469101028,0.4942239604820688,0.6360363099303359,19.95022830045028,16.736828510028595,10.071566293886937,4.056320136998781,0.4824661620399189,65.86115929985877,Drowsy
715,23.83333333333333,0.2949842656879189,0.2500716583956778,0.1438193288577564,11.785073165255556,0.0,0.0908916480158725,7.689932976782439,7.135484603140174,0.4434622171095809,-2.832537718681215,0.027144472342001,10.28996997010908,Alert
2211,73.7,0.2461228968740543,0.3866118868425758,0.3105004245077066,27.466792580153736,0.2416187916660369,0.2110765278319881,7.799972144521191,5.437967109699883,1.3530383670679726,5.425621286670389,0.2180428140695563,34.47622490579336,Slightly Drowsy
2390,79.66666666666667,0.2473583569692221,0.4140310604477084,0.311149591414382,23.53477154498099,0.2510308845941124,0.2072068942198779,9.888131707041028,8.057395700537487,4.884100924604188,2.999846885931116,0.2101349553532512,43.41607020727339,Slightly Drowsy
3710,123.66666666666669,0.1171047303213212,0.3683696496053342,1.087472365013975,4.363732027506316,0.2112489673548321,1.6321849812407574,44.49431062524811,36.52103569744281,20.83908065991678,14.5495823600424,0.7699621400637684,100.0,Sleep
3201,106.7,0.1743153715369582,0.7228642223743483,0.3971499393229131,29.077644434582123,0.5802134826206605,0.7092931152797357,23.710907436134065,18.62583649971872,12.495048134047185,7.691496490183669,0.3562380427901811,59.664138042390896,Drowsy
3382,112.73333333333332,0.2320667545613333,0.7615520699031174,0.4847823107352893,25.89035176362542,0.582274426525211,0.4275556934752728,14.702896965100924,13.640681962173357,-0.0961348304054023,5.486140069994139,0.3537235824866142,79.4709274575182,Drowsy
2709,90.3,0.1676174729952995,0.3003450517628022,0.4329849914149496,25.54276878956337,0.671580555717695,0.5657983777772835,28.86578837382162,26.253676549999252,6.7107095878272425,9.947089166088643,0.4223406009409059,84.93159720817856,Drowsy
619,20.633333333333333,0.3129468555766522,0.3230746016744565,0.1515314151669396,11.732742813194848,0.0,0.1134573640379706,1.8666654642609115,-0.1599496226901955,-0.3795977392411799,-1.820648683856568,0.0539033049666028,10.382301608286712,Alert
407,13.566666666666666,0.3412519833104388,0.294618826328379,0.1832233312302267,14.968428701582477,0.0629274192983282,0.1056763371970712,5.740918121498392,5.23746396204239,1.6326610570210411,1.6916057451258564,0.0502812510484955,10.174958243709105,Alert
2222,74.06666666666666,0.2276448410336737,0.408085798025661,0.3002648867980699,23.332886435432684,0.2558401270008426,0.20907870799801132,9.047804328473717,7.531716023148831,4.040206288936797,2.968627638459638,0.1531187569341169,33.29843674517874,Slightly Drowsy
1005,33.5,0.3198934265589031,0.3507643175493727,0.2236620401317857,12.529953702407582,0.0425370698777854,0.1234238572212499,7.566617526956485,5.610858529949863,-5.017213577437058,0.7742966321218131,0.0400111998467939,15.508260377009655,Alert
2355,78.5,0.2643082808248809,0.3725981802064033,0.2951262374242785,22.47678106831832,0.1124601738910726,0.2947218236862177,7.890129709569587,5.237617478394703,5.7366449551156204,1.382900807286432,0.088965472399172,33.86486388377035,Slightly Drowsy
2045,68.16666666666667,0.2522302844850776,0.3095494884457569,0.1990849537108364,23.107524891992583,0.1364574522291972,0.2437987827878432,10.358718845971389,7.04911806858648,1.201669214010732,7.494596832726179,0.2030578597041202,18.58487647962338,Slightly Drowsy
3998,133.26666666666668,0.1439007291555429,0.3669951144959415,1.019139895320336,6.009629901023713,0.1387318329564864,1.5711747027005611,38.41740819010646,35.45886660354057,5.220124813802979,13.831714577950644,0.941690347042138,100.0,Sleep
498,16.6,0.326235442192126,0.2685664363371834,0.183742562989918,17.78861202088062,0.0652693667585003,0.0725326314999383,3.396627393717796,0.7495054572600106,-0.509557073033192,3.2734799236612795,0.036333985809476,11.34206166988684,Alert
2270,75.66666666666667,0.2777047475921628,0.3576910393670365,0.2654694584345313,16.94805427943499,0.1885498882022928,0.1305068774974323,14.30172513709442,5.707039900497724,12.2579775593747,4.6595089467659125,0.1716080735858187,44.292343574443976,Slightly Drowsy
343,11.433333333333334,0.2996746406934967,0.3088147970487197,0.2877752059173907,17.429845700042602,0.01098535890887,0.1060701586386951,4.491610907852398,3.661756863332775,-1.658762512101906,2.0036497073638744,0.0300485832322958,8.935324408307714,Alert
2595,86.5,0.2120868148827219,0.5065614244103025,0.4542944135731865,25.405421189742466,0.4185715088905633,0.5002935393371813,19.455217956265454,18.369661750879533,1.149464671184223,6.303948274991365,0.4461481091414917,83.74717924036666,Drowsy
3023,100.76666666666668,0.2177718883311881,0.6517475251584119,0.4617664802787547,32.3528480478164,0.7794819061110402,0.6690347712736293,26.043941511288303,22.610189507021857,5.160656901446296,11.850478481712011,0.4722862734522123,81.30496360293682,Drowsy
783,26.1,0.3846493793920974,0.2946667757163711,0.1983979663398343,16.844441951671655,0.0,0.1150458381824406,4.941173740501226,-4.272392946237689,-2.3062992301155614,-0.9180633463578008,0.0516344672994101,11.61011728638136,Alert
2718,90.6,0.2078068910577745,0.4703380674954233,0.4343489538801472,31.423931564260617,0.7963069039811321,0.3450561508351426,31.45396431594039,27.88288333661809,8.440769413463395,11.85959947610954,0.5212764889994218,87.89176585025479,Drowsy
1324,44.13333333333333,0.3415227526135366,0.2622307530436968,0.1397708389205616,9.794831790755536,0.1026439780740192,0.0608983542372834,5.247495659533949,1.1862164675126587,3.963633378232729,-3.2278029109579838,0.0698452901895011,10.63148447738646,Alert
3571,119.03333333333332,0.1203994400225258,0.375915515597977,0.9696079567567172,3.3927863158606697,0.1761070129051419,1.811809141378492,47.90841561923859,40.83756471866853,21.00203552303995,13.653721063623308,0.8343144410438931,100.0,Sleep
1980,66.0,0.2472468624305464,0.445105396705082,0.2877752059173907,19.247959081188,0.2020196503265306,0.2702033442304615,5.571070531124192,5.240113483725344,-0.7240200337237805,1.7475218256739573,0.1851505494539373,45.00251463194499,Slightly Drowsy
304,10.133333333333333,0.33435178052235,0.3289858125801028,0.1397361675454465,10.585439611461403,0.0440412276093081,0.0900556885379038,6.845021053215034,6.490902057317409,2.1182367414453944,-0.4853625536240666,0.0194726158466821,16.983933473796874,Alert
3274,109.13333333333334,0.2063343631993167,0.4890979374365744,0.4251234086416909,30.700572275580484,0.7674505370369682,0.6706818581309321,14.052811807752684,12.354419719413,3.246509564644536,5.857474604926946,0.4469244936514316,75.08729548886419,Drowsy
2476,82.53333333333333,0.2026788811225694,0.6307457902387628,0.5647594383954483,20.002539440886387,0.5530791818918466,0.5989647662174997,27.386669337855505,19.478345674973816,16.055962630202256,10.622135905966008,0.3710149871493762,68.33674052036929,Drowsy
665,22.166666666666668,0.3314062372132133,0.3507643175493727,0.2106490564148282,17.590920085609383,0.0079925385055332,0.0605540351053033,2.4716327611857065,0.8743665305543213,-2.2680120583698145,0.4478537478932127,0.0010694942728227,6.092356371563441,Alert
1178,39.266666666666666,0.2956458142956945,0.3494180759797901,0.1869458544065255,15.63473152567756,0.0,0.1223546000601712,3.812921007000963,-1.0613923505627243,3.0746592982977914,-1.9895434358633908,0.0276202239430463,14.957003045449378,Alert
1245,41.5,0.3374047428956561,0.3314990121858283,0.2072259690237809,16.725610709145162,0.0232361295944914,0.09607972991781,8.07009267788035,6.921128223400726,-2.065949725910301,3.599476583454196,0.0290129981759733,8.782614941663802,Alert
2453,81.76666666666667,0.1928034110980404,0.5774309066189857,0.4424400523932043,18.77260948495163,0.706731845531889,0.7570458315354072,22.603373624605496,17.116229090325934,4.612287688800375,3.289651897105,0.5723268032007229,75.84805030422045,Drowsy
2322,77.4,0.2720699500254465,0.4033576564520299,0.2838773450292296,23.061916347090392,0.2264860712792392,0.1412115054130497,9.152516805384932,6.452685829257635,4.993892871988368,4.146377146962767,0.1430254623974336,32.55296441378333,Slightly Drowsy
3026,100.86666666666666,0.2041442140472752,0.6912498267508874,0.5344714637017723,32.148097351988056,0.6447022882915481,0.7801517677070419,25.524969878149367,23.38308794333216,4.904097972252927,8.983602205873282,0.4214698262240917,91.07743669553602,Drowsy
3587,119.56666666666666,0.1101964687611604,0.3273125253084091,0.9855487641097196,5.694405091955009,0.2274115566164005,1.3314573668822025,33.58639440459168,29.56485095038421,12.690917802369386,9.6387801466709,0.920292809650633,100.0,Sleep
2608,86.93333333333334,0.2039959927033276,0.4965811544284445,0.2877752059173907,22.612791606885907,0.4666591779435189,0.20907870799801132,17.971931349241768,12.225078999086668,11.017118546419654,7.22224749105742,0.4121891111919758,82.57606715082548,Drowsy
2457,81.9,0.2138456836800049,0.378944679875396,0.4251213766093669,32.81762201354094,0.5298139873476091,0.5772816732277841,28.702341145949244,23.433844822685973,15.35397792038302,6.239764907840312,0.4308724513457314,81.41941423776598,Drowsy
85,2.833333333333333,0.3498761657231211,0.2266884583325679,0.1632323445818523,14.9430296876613,0.1126209611693736,0.0786849947785402,6.372620320611581,0.612001183267004,5.64347120832177,-2.896027800832488,0.0,12.405690884417902,Alert
3519,117.3,0.1387282009500944,0.4191108439351009,0.8776982122811047,8.864074457115011,0.1204784174128475,1.7055066451335503,38.66069436314808,29.765747962536647,12.299400563433863,21.386310636753077,0.7666637331612757,100.0,Sleep
1801,60.03333333333333,0.2881755254675547,0.3946912706428009,0.3051525531333104,21.826733738772266,0.2699803741367685,0.1870956890879341,9.760622984023042,7.988322129198303,0.3348278119817589,5.598603480576479,0.1916241878904716,52.52820462348537,Slightly Drowsy
942,31.4,0.2818753764963985,0.2753177219617566,0.154186845957995,15.735815952873248,0.1529100955697789,0.0899964327194761,3.178363449635105,-2.9778503723866665,-1.083690578743119,0.2449818507489093,0.0417471485052052,8.568019543215968,Alert
962,32.06666666666667,0.3069558335675232,0.2377031228505823,0.1923625039461438,11.217339747032057,0.0673225578696527,0.0762712716835689,1.5134851443260735,0.8016151433597891,1.1659417380999315,-0.5372432478761282,0.0182273031388192,22.450795449976813,Alert
842,28.066666666666663,0.3619300127491524,0.2647701438213288,0.1405536400678676,14.54767890634417,0.0309843103114183,0.0632825948876338,8.353159122221323,-0.7396770269967936,8.30512081687783,-0.5031038003682727,0.0014886527933424,16.594168478369305,Alert
2668,88.93333333333334,0.2287275543226866,0.5190031093741836,0.5260239565885603,28.455452253549986,0.4766343974831566,0.4723188470995766,18.51350914287012,12.51508278183498,5.549836006665316,12.462826487040337,0.4894696721250226,66.47291852012948,Drowsy
2703,90.1,0.1766163973713415,0.5487268338796809,0.4221453892434803,17.429845700042602,0.5531058114632856,0.5028545786841799,23.61349414465607,19.23228313474434,9.48066710589422,9.8910738735463,0.4029927784219606,68.079420817584,Drowsy
3847,128.23333333333332,0.1311202705197966,0.4818844019765553,1.1309237640102494,6.850717070392174,0.1486996821555575,2.0578247218278536,42.76940347566092,32.40106036019654,23.958380182398017,14.331405382392004,0.9300881355676353,100.0,Sleep
867,28.9,0.2902764720486663,0.2954616227377318,0.1852681064941311,13.620122191320036,0.0823703451249319,0.1046465721042932,3.0313502858242223,-1.8141560232171048,-1.7909160837033464,1.64028718824612,0.0306452263228283,8.337308692773286,Alert
2343,78.1,0.2891333691443068,0.3689837009230223,0.3102253393072826,22.99685675368933,0.1814768461506015,0.1992364499905623,16.68488540793018,12.104899679811693,8.352421170401719,7.879966079221502,0.1888656837189153,35.61937596242649,Slightly Drowsy
3077,102.56666666666666,0.2105062759981291,0.7046502985014508,0.6274769508177411,32.20954615555579,0.7249018254332875,0.5961459704038936,23.490698836836792,19.51004692795106,10.666006142749168,7.576761423916543,0.4824953588800394,73.22097999656467,Drowsy
291,9.7,0.3097578351842626,0.3049312755853057,0.2484495550961653,12.455895807665758,0.0,0.0423997993218447,6.839052476612398,3.781780072153328,-5.649450624175751,-0.7446381058758457,0.0487462637407792,12.90293648839521,Alert
2365,78.83333333333333,0.2603766909056198,0.3638579012815835,0.2877752059173907,29.042105096501466,0.2663301417297278,0.2221087897859947,13.1918835179209,10.516909399538276,4.978436687241908,6.215752213804887,0.1822748780114305,40.8712004608762,Slightly Drowsy
3391,113.03333333333332,0.2020735882045934,0.4826402576353524,0.5256235653778348,34.8640978764619,0.3953902821945698,0.566426915594992,10.659546637155405,15.659290337377538,4.120935210869343,7.949623195165969,0.4437224563532195,78.51454094355009,Drowsy
2777,92.56666666666666,0.1534582419533393,0.5753820074602412,0.5046226513211991,28.62055952249396,0.5396396278480298,0.5633383508486585,17.07202122936164,13.733870096212115,7.002668635778012,7.334667887071367,0.4887673602335427,85.81231332669691,Drowsy
3366,112.2,0.1766211971827926,0.5564143664547322,0.4332585876403557,34.06190901912991,0.373162338306167,0.5925634758135924,25.90676817492641,16.778841840526447,19.17484569811594,3.289651897105,0.4690722783746106,70.12036843954512,Drowsy
3638,121.26666666666668,0.1456088125683032,0.455295729794903,0.6753325862599335,3.913417588676924,0.3119103693988408,0.20907870799801132,33.461560342361494,30.02308327625737,11.015316150653009,9.846486745716827,0.8344465886154893,100.0,Sleep
605,20.166666666666668,0.2955423012544375,0.3429468030498341,0.1965871568579844,11.658519984390894,0.0942492623543987,0.0840139738857775,3.209459953013987,2.643133552778754,-1.0334316262573582,-1.4988319739139466,0.046755321981092,10.151913260320104,Alert
2715,90.5,0.1838773171892258,0.6066258540250307,0.4356918174880382,23.401074092435536,0.5472679994536925,0.5207945969750111,35.23025055261772,29.615346636104583,12.61236549087947,14.318869869792888,0.5191900974451109,78.2300105692554,Drowsy
917,30.566666666666663,0.3035791132826392,0.242258972667977,0.1907675275122198,11.400516938679411,0.123946522758662,0.0538471483781311,5.543969700738122,2.6841502980312546,4.700564121641358,1.198179518527618,0.0435134742498355,7.86227714153267,Alert
2606,86.86666666666666,0.2311615442295085,0.4456619314704229,0.4627994058483157,32.942720482287925,0.4875741968926296,0.6176248177234616,24.900737262911004,17.831051522099198,17.142411930552093,2.8701970413255067,0.3626796359862643,75.99569299818828,Drowsy
2459,81.96666666666667,0.1957004409587665,0.6653442823077613,0.4100510930628241,25.791022190526583,0.607774492697577,0.7068146705571757,17.859121980814248,16.941114353660613,-5.376607171167187,1.743266390644452,0.4608573089315119,65.99023022107748,Drowsy
1100,36.66666666666666,0.2694985896369193,0.3507643175493727,0.1406806264708688,13.981860753835846,0.0375316963013114,0.0932347322419389,4.933608167299441,7.843510981818261,4.035351520835365,-1.2037943218652272,0.0541822877926656,13.044697992151836,Alert
1089,36.3,0.3296263791984458,0.1852352007214762,0.1878792596361507,10.374959109581168,0.0113611630155385,0.0637566105654734,4.159527610577053,0.3416541912192454,-4.125448176120909,0.4069640069045753,0.0117839542981808,12.117840361122935,Alert
3820,127.33333333333331,0.1141253653117886,0.373963806294483,1.0427255152206432,8.241160190385926,0.038468184615193,2.362241327761386,34.98193817604653,31.90414567837436,4.120935210869343,12.981510832722211,0.6998091385692065,96.90828844836707,Sleep
2801,93.36666666666666,0.2141843597309101,0.6153768930697557,0.4922004068451212,27.84536932738609,0.7566678772717861,0.6199871243999887,24.20266569411997,19.11052684621145,13.39952863438216,6.403859987377588,0.4359929479275532,61.310713474537245,Drowsy
1625,54.16666666666666,0.2258006994266564,0.3542605589182724,0.2198879315477972,21.29952906020152,0.1001134648720188,0.2082726544716561,8.974842842671535,4.6220315366998825,5.16232139149815,5.703951820911955,0.2435778774441883,25.94485159316704,Slightly Drowsy
2531,84.36666666666666,0.2083928826759183,0.3967714408066887,0.4368732707969755,37.70539519880659,0.4977254105496815,0.7014144474772276,21.962872941606516,18.27517909515273,-6.068854315118877,10.561942254675852,0.5286378287324818,75.33763855898239,Drowsy
822,27.4,0.3140111035265725,0.2971212422723228,0.1446066975187647,13.926620744710764,0.0658122901059732,0.0806604661438606,5.848136845198768,5.3673531109724895,2.3220683222131573,-0.0149615934814932,0.0443337819499534,13.386252719673816,Alert
3871,129.03333333333333,0.115189751027339,0.3261958371020494,0.7461728972617514,1.7411987377500333,0.0,2.6613811961426377,41.02865007940883,29.58889585762928,24.671797124129306,14.112044356887054,0.8384578753242855,100.0,Sleep
2495,83.16666666666667,0.2107618343713379,0.6365831646858131,0.4479681515687589,23.485563910613564,0.4877427661390144,0.575438047962636,23.10276971627049,14.810423307954943,14.027151950363198,10.845659876818551,0.4403486912757712,62.851904782892575,Drowsy
3798,126.6,0.1265107149256221,0.4579681729516616,0.9935687404095916,9.70421403642549,0.0075920559775749,1.9687592138203895,27.35714973115924,12.62618371650925,13.59351371053161,20.104962351907343,0.9656493502960444,100.0,Sleep
3245,108.16666666666669,0.2079146924129792,0.3726004012637949,0.4706155364088315,15.99508704575304,0.4425732086017616,0.5963076846562249,18.299452640755277,17.946784498703124,-0.6073526357692476,3.523352932105809,0.2573760820723445,63.420180938298905,Drowsy
3392,113.06666666666666,0.1946442987464554,0.7077481077398,0.4856817809821585,32.192233727386736,0.5235333284843042,0.5377144338414064,26.44130842433616,22.058124297820022,14.267093609557511,3.005325870669492,0.4489342817537973,80.24360701501232,Drowsy
1303,43.43333333333333,0.3640824700074892,0.2709939224793756,0.0955462893028245,13.492579142130287,0.0553975812065299,0.0276577376513757,5.7859132755547575,5.33483909971987,-2.141137391596806,0.657126230375031,0.0354803690931187,6.427191776423974,Alert
1001,33.36666666666667,0.290545507816643,0.2951497640881991,0.2133225951724392,15.88796243450986,0.0933791009942915,0.0757622093760351,2.365238526784501,0.8334525795608863,-2.210704056695397,-0.111792933227191,0.0384281840806236,12.695722370826642,Alert
3308,110.26666666666668,0.17180982049604,0.553764164045636,0.3803658980446699,27.635325083331846,0.5729444131046962,0.5147146528597182,14.174803848958652,9.797445685646723,2.871886999302898,9.8329744867202,0.4009790464307179,78.55982555862248,Drowsy
3711,123.7,0.1297777556130925,0.433296272701702,0.9980870116417144,7.07581508399573,0.1779463127582796,2.096176655263245,35.81150284475078,28.69732861361238,15.154229724017906,15.141875310331583,0.8149635491562198,100.0,Sleep
1506,50.2,0.2572920360740966,0.43390919678195,0.2106493163996701,25.00893267954218,0.1122699964682145,0.2342294128344336,5.587537058425797,5.337651534175179,0.7441128164379536,1.4752432326269944,0.191037117183726,40.35930440742467,Slightly Drowsy
1478,49.266666666666666,0.2333953073266543,0.3831126164646524,0.3218751612929315,22.039228536185647,0.0173375633978215,0.2098915999829701,10.659546637155405,9.665007184213126,0.2103084199261644,2.3646136728140323,0.1337801583148494,25.18181763379772,Slightly Drowsy
19,0.6333333333333333,0.32145521796115,0.2399960395759282,0.1907336208104484,15.401961315920586,0.093322049727011,0.101076041040698,3.3260072793103825,-1.4441734198927278,-2.813475119745368,1.0300705344173195,0.0502757190182441,13.2968690476078,Alert
1638,54.6,0.2303516751903812,0.3384792645656357,0.3347275609499431,25.15400270685229,0.3299089129857714,0.2661454086411943,6.381618483699572,5.1283721839317975,3.2460525609646824,1.971800189173654,0.1531395757879569,29.09484764155913,Slightly Drowsy
1668,55.6,0.2866093694999755,0.4685996604747146,0.2658517983097767,22.32101632411928,0.1849725743948967,0.2442999696047262,12.691803834658058,11.569759466440164,-3.1090551947585867,4.190027000164064,0.127727146353554,51.28400370380499,Slightly Drowsy
494,16.466666666666665,0.3177231034911743,0.2737841401834441,0.1996767641336274,16.409767335189656,0.0491960499292139,0.0645759940090141,3.418864918907475,-2.434924040280324,-2.05814927110554,-1.2344244932959232,0.0421411490598459,9.874467435006144,Alert
1126,37.53333333333333,0.3215433669115074,0.2860619174948062,0.1252315446430606,15.137865952373796,0.0809091351167757,0.0784542952506741,8.228114312608858,7.93616570820998,-2.0488053189455586,-0.722174326773739,0.0320986618774558,11.91781539661346,Alert
1405,46.833333333333336,0.2371455681223457,0.3835285729700148,0.2682962100036956,15.038380313400465,0.2748778527412494,0.2437973622256771,14.78024747721398,13.432797104972964,5.68857476878105,2.3781914397936688,0.2133995770951434,46.84667599323348,Slightly Drowsy
3115,103.83333333333331,0.2167606406103602,0.605579966718774,0.4194763035889591,22.001139950554748,0.5161238063804623,0.5406645628713955,12.4455574745475,12.342241666263606,1.182062121708281,1.07874957438427,0.4860175231280691,67.20070590019694,Drowsy
2781,92.7,0.1924044164463384,0.5805294110493092,0.4815977166691225,29.805946181770203,0.6781591653404188,0.6795271233833347,29.03306341046627,28.027965318091983,4.120935210869343,5.70631394493113,0.4652827516929146,71.61539976124969,Drowsy
2464,82.13333333333334,0.2186470305256674,0.6248439646454067,0.4261227530458306,37.896355667776106,0.5664291988904074,0.2444291050855799,21.2558028680854,16.588268138113502,7.1849724580040295,11.180996669469112,0.4084170279361309,83.06083064292831,Drowsy
2440,81.33333333333333,0.1558359997102923,0.4285010497602986,0.4533213971445343,26.90065267631193,0.5107269815272965,0.4517243307159166,25.9266261777317,10.972079584612802,22.04669030687812,8.108443812555647,0.4849485252207192,75.1362686768743,Drowsy
2286,76.2,0.2755338839867929,0.4324654561434338,0.2786864659737621,25.632324295344866,0.1960928487099144,0.1646777951356656,15.19089850116172,10.934618747893236,10.53548111311282,0.4484950680467006,0.1384227614839732,40.92563730383263,Slightly Drowsy
3856,128.53333333333333,0.1370425428669711,0.4313495993466149,0.74734111255813,6.555543036326005,0.2223477819893143,1.9786370058932496,50.17869143972448,29.475796655674397,32.26961617126581,24.65259333773209,0.8507516595741047,100.0,Sleep
585,19.5,0.3062353233249823,0.297839123092863,0.1555680543766102,17.752107575700947,0.104112021395869,0.0706685185759444,8.405675530375468,7.843510981818261,-7.854399596076839,-2.963161543102736,0.0132106045008448,12.005012876064734,Alert
2349,78.3,0.2328806309607229,0.3157125969062041,0.2038478453007493,27.294786240851543,0.2168813624177825,0.1725488637752759,8.627094212610277,7.776152112516862,0.6580784254317531,-3.677654913424389,0.2982676653290619,42.8634090614499,Slightly Drowsy
688,22.933333333333334,0.3196132089818315,0.2496208602115084,0.2877752059173907,10.168290072690665,0.0048563730761186,0.0994488799583602,5.524784264318327,4.181968536174025,1.0890128544182307,-3.442155041920939,0.0328319284897422,6.7877152130775125,Alert
2466,82.2,0.1651802044228905,0.6415826144734348,0.5205569131261406,19.094769217914283,0.465892045455032,0.5935810556846524,24.28592541661257,20.62101630608533,9.971657419283677,8.071301515733138,0.3742988488841771,59.14262056224455,Drowsy
3560,118.66666666666669,0.1319261934266485,0.3874110477419498,0.5684298049077501,7.513029206302958,0.1999179985970052,1.7981042519116206,41.35949530135531,35.303010534016394,18.211913926293946,11.516574575767752,0.8324170999249713,100.0,Sleep
1968,65.6,0.2427697605509906,0.3966420903498816,0.3038003520843312,25.96087487950426,0.1565871280820747,0.2089538675911862,15.685557986420942,11.990686163124764,9.331206921904396,3.897274953531715,0.273920740346155,45.88503908561066,Slightly Drowsy
1609,53.63333333333333,0.2083943476551509,0.3202412493793083,0.3218870662001199,21.80369995802464,0.2930384704313473,0.1752051571750179,9.55999858569352,9.47487156037297,1.1300055916623135,0.5860624844754025,0.1757149113131729,36.89888866690438,Slightly Drowsy
2690,89.66666666666667,0.2146391742083042,0.5172270992465859,0.5923009450927937,29.52819373861967,0.4978807575166896,0.6005978015040374,26.944356217453684,22.8619795086393,10.568566455171975,9.5725455340889,0.4461856957472556,71.24654687919848,Drowsy
2248,74.93333333333334,0.2129728258402016,0.3522082754996499,0.3780650148734522,16.410653735052897,0.1851179469435028,0.25247706301325,10.540971947861465,9.621807504050334,3.4050371408034468,2.634128324579507,0.1337636087030168,39.00114098817852,Slightly Drowsy
1010,33.666666666666664,0.3150332716544274,0.2929803727364859,0.1502599682329725,11.58543307276009,0.0594686848410557,0.093570993092421,3.2944912323429345,-2.687164138754277,1.5660619053322995,-1.0864030007526742,0.0361438782538517,5.929286364849951,Alert
3221,107.36666666666666,0.2208945135774861,0.5773512579718446,0.4293392217416112,30.515422736010365,0.4699175694187971,0.5200747744116619,23.8011137492044,14.287387787014554,15.45019856298454,11.120023843966546,0.4375722418667804,87.29282754364255,Drowsy
2324,77.46666666666667,0.2590715970429066,0.4066720204084273,0.2670883919473845,21.758032522891813,0.2534910856408864,0.1931005246330426,6.126133130882492,5.952355593464405,0.9786367210910968,1.0682884415649223,0.2867553103289302,40.49636602786014,Slightly Drowsy
361,12.033333333333331,0.3017092065272868,0.3461654239804524,0.1814792499456066,15.922099189922244,0.0256709397022096,0.0872623125548904,7.489882437999809,2.777774977857988,-5.668947876288459,4.03055022092128,0.0658128892184509,10.914278593070325,Alert
3419,113.96666666666668,0.1212352117026129,0.3711526106900982,0.8180971841458067,8.647847348323062,0.1639670622020807,1.566309101014839,33.32632305803772,22.484040690863683,5.13178841840722,24.05777359626165,0.8361190524643907,100.0,Sleep
3666,122.2,0.1175267018779879,0.359644882246443,1.0657293265322072,8.511508550081638,0.1636770363951753,1.6014174459346715,35.2009298545405,27.644500489052444,14.696738015820312,16.090150621712706,0.884796734893928,100.0,Sleep
3892,129.73333333333332,0.1355535794049374,0.3686366706548041,0.8427247603796498,7.039810031087059,0.1838530126083675,1.9985168978165864,29.025788657409716,19.83117909859915,16.374947000796954,13.456665763293271,0.7797122234983792,100.0,Sleep
1678,55.93333333333333,0.2613670429708528,0.3996612858905049,0.250175181313113,19.831316858587485,0.2601948960653983,0.1692908342892555,13.07134857432076,12.059722663303305,2.7056357148758736,4.254735974651555,0.2639699807702036,37.76570203530961,Slightly Drowsy
1311,43.7,0.3277354046285513,0.2602493968966281,0.1542457232648207,12.711515504711448,0.0322208188048918,0.0630807393474149,4.583496407246712,-2.3544102809582554,3.4200398592023564,1.9412673452228864,0.0145348909638628,11.384516811252205,Alert
1171,39.03333333333333,0.3249343151359915,0.2839815189218097,0.1869501805258518,14.180863043297954,0.0,0.0536440049578205,4.610455240191426,-3.5356704647113784,2.452603529535893,1.6553150194703974,0.0568710058244424,12.512735935140208,Alert
2893,96.43333333333334,0.1996282907911462,0.5533742429981232,0.4622296754041475,29.49815226071337,0.1565871280820747,0.4775207680636198,20.69630188233297,17.815609703526235,9.87194229596246,3.6722905388148055,0.5157091566709135,81.432102168579,Drowsy
801,26.7,0.2996022616212861,0.2396202786729372,0.1948990384493968,15.587750028994812,0.0660067842080198,0.0397187345152447,0.9926826120303984,-0.1672114622086664,-0.0890663708579353,0.9744363892608544,0.0553461472520497,12.165037715822187,Alert
2417,80.56666666666666,0.1794041308075449,0.5166517097425386,0.5718890439353385,25.26471007108082,0.6833627421007712,0.6515646732999716,25.57551035167131,23.37370625110419,2.3979881432723635,10.10080386406272,0.4290381003858196,83.64525513392475,Drowsy
345,11.5,0.3316092465886643,0.260730682390203,0.1894907496460843,11.786878284689443,0.0572425097108433,0.1060655607463212,3.715436626041104,3.465414500981958,-1.2372414546494412,0.5143979407118547,0.0351866965093957,11.630708593212765,Alert
2712,90.4,0.1849784662983462,0.6086314805044231,0.4341405007025447,23.17069275682165,0.1565871280820747,0.6233203672240365,24.888344176291408,21.258011274744277,11.459924148515368,6.016375236856334,0.3620836980659137,75.18909700099199,Drowsy
987,32.9,0.3517522006313724,0.3253252502478446,0.1715362517058679,12.422841223291478,0.0154227874530584,0.0938555153941647,2.4914732793921406,1.4882319161942807,-1.1594846709683706,-1.6273291502751055,0.0246066718197722,12.737731321978371,Alert
2555,85.16666666666667,0.2142679712031215,0.5702322747431273,0.4530815912921976,24.65612122516178,0.5363713909478042,0.4420467296220045,20.74577958558401,17.799304970065226,10.533468147789396,-1.6180735384252554,0.4238762322629647,67.17454899149469,Drowsy
1905,63.5,0.268610215310722,0.3755704175594665,0.3344649383323527,21.321782879245056,0.1664614896880868,0.2555235294656121,14.318218799912447,13.691629575741054,4.03738870546292,1.1181062578572347,0.2124212305115819,39.94822223097743,Slightly Drowsy
744,24.8,0.3003959035410042,0.2635235715306326,0.2136356442770971,18.000244617051194,0.1111332625394498,0.0951406413010795,9.838320249223472,1.368437827993408,-9.724541475987362,0.5943200476164432,0.0399634248231179,12.260857045641066,Alert
2966,98.86666666666666,0.2013613466721947,0.4781271955194703,0.3582869632457888,27.48779817629759,0.4468287237165851,0.4698558151346754,17.13224141159548,10.916216801127284,11.49797831158663,6.492025976708424,0.4774550102378109,78.09560854229414,Drowsy
1672,55.73333333333333,0.2450689278484802,0.3889790623992402,0.2451640471812826,22.48795305771242,0.1040442993635712,0.2033036206750165,7.423163101118236,6.545572859527089,0.7829283142023309,3.412601591344348,0.1863419861263857,47.80504511045972,Slightly Drowsy
2463,82.1,0.2090076892236,0.6893241559472105,0.4159592372646817,31.11693092627652,0.4512616881370734,0.5829848990265503,23.709660899145693,22.85302088309185,2.25483636071322,5.899421111927129,0.50683481676865,81.69133813554649,Drowsy
2046,68.2,0.2402721646241826,0.2907955503993788,0.2480080824911876,21.493436603785124,0.2283238806870037,0.2104546296845429,13.363720193218914,10.772555767976808,6.546393510034667,4.436867322813763,0.1880596929253309,48.46044605740983,Slightly Drowsy
114,3.8,0.2446494854373704,0.2572752859226898,0.1432817919971323,14.085208670648065,0.0192010707576543,0.0846757182358149,2.708418652402365,-1.889739115509068,0.9926406966433712,1.6670579232178493,0.0001252871485708,12.487833015077117,Alert
1438,47.93333333333333,0.2378667211849886,0.4043654481229873,0.281389649341561,15.709997163298134,0.3397647315642811,0.1787995696488013,8.792159632358402,5.59034948532754,5.0231370093054615,4.562691992510182,0.2584441716516586,31.55196123975019,Slightly Drowsy
3155,105.16666666666669,0.2186266813102994,0.5829141519661607,0.3437791744774939,32.48093101175258,0.4460747902813321,0.6259688250018178,23.020734153551874,9.920136056278508,19.594115992601253,6.900414484791523,0.3623464567445176,69.21149885092602,Drowsy
1242,41.4,0.3638343799681079,0.327003471607093,0.1730786708254553,15.182383911783177,0.037335862283877,0.1210961963727729,4.915423057447204,4.872536740130999,0.5090552725732538,0.4007895697527028,0.0688970057451961,14.468877438211052,Alert
1143,38.1,0.3095683658669401,0.2770806242838703,0.1469167087853904,12.912948467834717,0.0713330012245739,0.0730005983929742,3.368085272096302,-2.17993117948138,-1.418076833170715,-2.140316927013721,0.0453427259292346,12.669639949349738,Alert
2426,80.86666666666666,0.1799535527284111,0.7144996267727934,0.4449527788160756,26.06196192177234,0.6871551684301936,0.547770487874627,16.63747612822911,12.171649571840586,10.24181559699149,4.874604793716944,0.2293461200121778,67.7215245242916,Drowsy
1217,40.56666666666667,0.3092541794213037,0.2629695015604771,0.221403698687562,15.39838852428859,0.0830778424377119,0.1045220917066813,5.359363230187204,3.314860451562,2.785166037408513,-3.1586903241405206,0.0440830774399205,11.132257044730052,Alert
1826,60.86666666666667,0.2667566735504889,0.4263595611400893,0.2669385358649468,21.12614461267108,0.1870648713579951,0.2109957203564389,10.856066135933258,4.966264449789916,-7.576740230286335,5.981922504117742,0.251787557886502,37.58784728350627,Slightly Drowsy
1199,39.96666666666667,0.3052665858853705,0.2881977144759846,0.1873583079665282,11.19507970012646,0.0385651098008351,0.0832302699847681,7.568486652107074,0.9196973921764506,7.322771896369605,-1.6772473471990614,0.0635884893628085,15.402549770737837,Alert
86,2.8666666666666667,0.3074486443911847,0.244256851400425,0.2012506934189805,14.609501784427998,0.0274368547705308,0.0543939120265821,4.618025229731023,4.181143320700362,1.9506035338759828,-0.1983517275587658,0.0769327399209533,7.918797767847606,Alert
1519,50.63333333333333,0.2713632206975196,0.4080680179909406,0.3433574576385393,15.85319417932148,0.2724095346535511,0.2240632018160872,8.48218301335966,3.9002166078635714,5.006351671995379,5.627804369394996,0.146833643100584,42.63316699030359,Slightly Drowsy
2749,91.63333333333334,0.200659250578725,0.640291013471759,0.4182240916944931,26.482244637108497,0.6764842819034302,0.3035325515330728,23.76560858457012,18.06491914451458,7.60023190266481,13.442444819409136,0.4030227593514126,79.29899535768523,Drowsy
1382,46.06666666666667,0.265470619058358,0.2839606003987474,0.2038392361072097,13.729165291888528,0.0286058270885319,0.0892900433042842,5.904587841666538,1.7916694984391326,5.057232575921884,2.465456684136569,0.0591901611404665,15.348043067615068,Alert
1376,45.86666666666667,0.3139824357038173,0.2958041621933827,0.187995649499346,13.352602913081215,0.0,0.070641525553335,2.1819574403039943,-0.8663754092686444,-2.00147865019898,0.0664464770339189,0.0471747228799323,18.72408201837846,Alert
669,22.3,0.2974887884655493,0.3296809488279244,0.1525356891272912,14.316148047651724,0.0298852498531617,0.1035773187407387,10.659546637155405,5.277905741509041,2.592209946416841,0.6122691062055107,0.035378809263182,7.632574286432952,Alert
2285,76.16666666666667,0.2762987409068059,0.3163654032042995,0.280261915668735,27.373647066818144,0.1454880069840312,0.2421594193350829,14.774842567132623,13.911283267776334,4.6841762756966006,1.6824575315417327,0.149090447881999,48.33108611444863,Slightly Drowsy
1015,33.833333333333336,0.2940364785741061,0.3189479368464517,0.1679149971457558,13.57667785721238,0.0762221743315381,0.1161133775623253,7.199029089676163,5.312511637364096,-2.9170050114485644,-3.885141142874813,0.087192285182002,21.971588317833653,Alert
129,4.3,0.3119330040289466,0.2712208444240733,0.2198458242554717,15.39057502350165,0.0682355108832643,0.1233000468980216,2.8131883364855605,0.3912044240496426,2.783520384243712,0.114026249794169,0.0453718455772651,17.71735279371654,Alert
1365,45.5,0.3013195672878314,0.2503778552970569,0.2170985922642892,12.843388145296757,0.0,0.0702974011580026,5.153902507010232,1.174868161889998,4.664888183177295,1.8496524247534745,0.0629504123326448,15.118218247085226,Alert
3166,105.53333333333332,0.1952055729452814,0.5320771222723192,0.4086775983248734,31.239061398244715,0.3109129583371744,0.663657670414413,25.45566902666404,7.843510981818261,17.809882808772556,-2.988928568457085,0.2694639475572224,71.79359152711513,Drowsy
2058,68.6,0.2314135082351674,0.3211047137912717,0.2829813600088898,22.752625342480304,0.0860815732943226,0.2158552689003735,10.19489094203105,5.663231479040108,6.8810460942104354,4.95124380171965,0.158218352761798,43.8376083428234,Slightly Drowsy
892,29.73333333333333,0.3325808096133124,0.3606972893078516,0.1495325586104836,16.056432303001202,0.0,0.0831469313534615,7.650917109170129,4.441266472657912,-6.216405348289461,-0.4098649484832157,0.0287358053191475,9.316495476909536,Alert
2581,86.03333333333333,0.1910115770212147,0.629424087131993,0.5019681447490938,37.20375962949723,0.6232677158067104,0.5001585678192537,21.2399602374628,13.476743454449052,15.7176715642697,3.289651897105,0.4966815680565449,70.8641198882523,Drowsy
1360,45.333333333333336,0.3160420096851155,0.3453811523735688,0.1798826247211476,15.751242657895409,0.019815824704269,0.0900617850667332,2.873968038050534,2.687733692359385,-0.1695183739776241,-1.0035155223394403,0.0272393966869525,13.119147676410996,Alert
308,10.266666666666667,0.2958865551272452,0.2977087943709553,0.1581518339278016,19.412640169516507,0.0976219437737438,0.0842514806126443,5.756824763203725,4.56746565829933,3.317701273071927,-1.1278949761164865,0.0236756551091607,12.377526899636946,Alert
2988,99.6,0.1922619074833308,0.4880465603635442,0.3423991161837678,32.62193141357819,0.5189722442524773,0.5586980770337758,15.4803979909681,14.322549546537228,0.0965496402000738,5.873497647290986,0.41399210635591,76.7736337065678,Drowsy
3738,124.6,0.1250217666441315,0.4148061647961011,0.99727933771328,6.322793827156893,0.280948040903237,1.8944053344806115,31.80865243407925,27.2840544552708,11.93366711994492,11.178476247871115,0.7685090969068746,98.17998342348268,Sleep
384,12.8,0.2735165807084985,0.2815922016715763,0.1967500926963511,18.641618591404885,0.0307293611562609,0.0864891720870503,7.787556965980601,-2.5096569814059126,-7.175868612939071,1.6895487515633998,0.0398887941270385,16.33180136501338,Alert
151,5.033333333333333,0.3344908293303394,0.2914028710803759,0.1858315290473201,13.11708426797328,0.0635393537384676,0.0740919717972194,5.053618532934816,2.421152440674036,3.952792606823879,-2.0130851305592823,0.0627975712225809,17.16963894641184,Alert
2190,73.0,0.280268899507783,0.3392810117146222,0.2116092877068135,14.448806597844172,0.2191432091824285,0.2262382248887519,8.180728094168492,7.22049224952491,3.716367571676966,0.9886434632647938,0.2061991917565535,50.55740727842233,Slightly Drowsy
1318,43.93333333333333,0.3581783096038782,0.2459078945078622,0.1214477217296865,15.137688939300926,0.0455839534439364,0.0657994982636979,6.246840256607385,3.63020059338727,2.51767543400637,-4.416556039760185,0.0269480418133702,20.516678397968136,Alert
1452,48.4,0.2616274611867785,0.281332652519713,0.2860806311135112,20.434642133244424,0.2974932168631137,0.1842862443693117,12.341035704670936,10.875455402013316,1.9431622225478955,5.499977512649028,0.2624136617534732,34.86704290064296,Slightly Drowsy
2347,78.23333333333333,0.2659080894648186,0.4005999466108365,0.2731202005827243,20.5083983235201,0.293379767475656,0.1856020534074701,10.21923116885738,9.610762785833234,3.4526273005676056,0.3811680474074999,0.2444924856009481,42.252119526317294,Slightly Drowsy
2616,87.2,0.1929461054668229,0.6147534971845477,0.4749687268090439,32.508409634298566,0.5226024562336902,0.7102557190681644,22.57666679849162,19.74039941849246,7.066495459951656,8.371807238761477,0.3526346833187128,73.13728946349015,Drowsy
427,14.233333333333333,0.3000965799203376,0.2467477775886855,0.136691872134907,12.792725401348706,0.0466913990441402,0.0848618345532139,4.670495837994432,4.378265610748708,1.5806937709973812,-0.3817444391063596,0.0360360864724056,13.921783550040388,Alert
495,16.5,0.3371983243012857,0.2585455855055258,0.1782887649944117,16.959968607992224,0.0636730085581986,0.0787992491662287,2.5977244207118444,0.4951388951620574,-1.8996941901449311,-1.7012265059038956,0.029179862684342,14.209117204454229,Alert
1208,40.266666666666666,0.3139671274063818,0.2509799780094808,0.1806499623511069,12.927044274430864,0.0531998342097432,0.0824300601963786,1.267373857868355,-0.3893858945566109,-1.1961053474495682,0.1547485655216671,0.0636859886231345,12.617960858754998,Alert
2882,96.06666666666666,0.2139480313607318,0.4969412428884304,0.3897479336746009,23.24494393791766,0.5336048076728127,0.5636551171719333,29.463323538791627,25.36595756487879,10.739984545713249,10.455063975228551,0.3853672408467047,75.7052971630151,Drowsy
2488,82.93333333333334,0.1621451086963404,0.4126510983765343,0.4265438190543659,28.10675631984614,0.5429666294078148,0.6389294785435711,24.952240360200985,20.386056228276985,14.179809043426356,2.44049706878254,0.4501376698359566,73.40607937883361,Drowsy
1209,40.3,0.3034516205020643,0.2939651665735349,0.2312264666796528,16.291766181472546,0.0719010612174248,0.0945118035096464,6.561732964065191,5.599885103571577,3.22688038205298,1.1335207622353156,0.0613728443918017,8.13932543807009,Alert
1821,60.7,0.294265558360226,0.3702494573654454,0.2859577118496516,20.822878698596675,0.1252411721352398,0.2550071623042897,13.848766818271018,13.557517378639975,0.4263236566428579,2.792904053938496,0.1620053479715932,38.20149358833549,Slightly Drowsy
3054,101.8,0.1816886972415655,0.5020287682282172,0.4052050503370388,23.17735616267938,0.6419217586428344,0.6732635971916716,21.4351943031342,17.999486126983,10.398837927585037,5.22974413652161,0.5146921949753698,88.42077263119495,Drowsy
3239,107.96666666666668,0.2026250446242066,0.6145469992388883,0.4858644696937779,23.11889335845206,0.6409165467420999,0.543934091820081,24.41068219503824,20.506020911920608,5.190690996512201,12.183646357546609,0.4527900868385375,84.60200079774583,Drowsy
3291,109.7,0.2275510712811035,0.5967957432766584,0.3075752533391612,34.23412077274817,0.7477468770039164,0.7054376088256348,22.974217512804486,21.34094621505565,3.3897414404139283,7.803097970607232,0.3386088288331872,68.87164066745741,Drowsy
3858,128.6,0.1108417833005006,0.4123478658777798,0.9843506828435972,5.692341774771483,0.1520875841170682,2.217983849117501,29.72958897587746,23.22525093890295,0.4885889007066168,18.552559402565144,0.8187229036431785,99.86101841985354,Sleep
1988,66.26666666666667,0.2855169378958239,0.3011809072742243,0.2538311895468896,24.606583944003617,0.2824253356378937,0.1438600393200604,10.71113310035074,3.1755434786351997,5.111371237887392,8.86104846940949,0.2298505112399472,38.59924619567666,Slightly Drowsy
1240,41.333333333333336,0.2752738711438419,0.2538196679689813,0.1264518440138368,16.90820533198552,0.0490105831679039,0.0354331512010044,4.476997635304128,2.939367204299146,-1.61149278716496,-2.9676117100666466,0.0735593167393739,12.77558072290414,Alert
3598,119.93333333333334,0.1287972764285463,0.3603140317995425,0.9191062940967698,9.24290501630407,0.1580284356869407,1.9337908657919112,38.893201518778845,16.942790278790575,19.222032565630077,29.25980939779201,0.9576523309028098,100.0,Sleep
2195,73.16666666666667,0.2797720388390399,0.3689790444659568,0.3035010116025598,25.04692751020179,0.2514345065938115,0.1948732331893402,11.05972491414414,6.881406550151281,7.110561751903768,4.940007149836815,0.2267293039607784,44.11873450609941,Slightly Drowsy
276,9.2,0.3102869806204247,0.286664836147377,0.193476561638551,12.725483267022794,0.0513776404682336,0.0302334529317402,2.415827416017408,0.3543789691653791,1.360526137663402,-1.964588068509359,0.0411796844317919,13.435753080218737,Alert
490,16.333333333333332,0.3060717356856942,0.2594754697888929,0.1614068361523836,11.728075822980069,0.117380993384138,0.096845946540278,5.460173090126443,2.057989946393437,4.053047257461001,-3.025057930597751,0.0133858973733814,2.726590503053319,Alert
2541,84.7,0.182354979164671,0.5389637757958999,0.4574180594781698,27.63086469725616,0.7036786673058714,0.630530198072404,22.25519740504669,10.845295056891452,19.20620208518972,-2.9656682433166903,0.5905717060996748,74.4650870174499,Drowsy
1230,41.0,0.3057659701977283,0.2647682333730772,0.1537567132723689,17.19469130260493,0.0350889682214098,0.06550171692469,5.736255710730624,3.767387524801357,-4.141058806239555,1.2502210924978947,0.0756279943320171,14.527163432424226,Alert
691,23.03333333333333,0.2446494854373704,0.3012781648452014,0.1573350335059815,13.745033363515804,0.1078777658554792,0.066783315283797,4.202341418093045,-1.932473142682152,-3.157641575610331,1.9885976533752463,0.0450946227476041,11.107879783252605,Alert
3402,113.4,0.1435900623175831,0.2747272111795777,1.0150226419968456,6.515894665620396,0.2274675011267944,1.8899671454956748,35.002457706282634,27.53754438967013,8.292831921920945,19.952058369547256,0.8897558467404234,100.0,Sleep
2669,88.96666666666667,0.1685649634361311,0.4287706844203589,0.3956284654226996,26.635304302403465,0.6907436227610457,0.4952283141100334,27.2163704761422,26.402499800886368,-0.0811993539282056,6.605469916950775,0.4949884068395481,82.5659045296619,Drowsy
837,27.9,0.3584349182671072,0.3294938636712374,0.1053762972388161,12.854442426858748,0.1165676821913559,0.0704787488444426,2.5186247388804373,0.7734694149333683,-0.8482779828881051,-2.2417939475363187,0.0059044851154391,15.376571007806051,Alert
2097,69.9,0.271599663392684,0.3003871295503105,0.2635137377923273,19.368897523594843,0.1969106293161028,0.1726127642994938,7.144078620940209,0.8117156516468498,-0.2205501877294491,7.09438754634528,0.1898691284514509,40.83317351313774,Slightly Drowsy
1781,59.36666666666667,0.2312769910785024,0.3195177770148177,0.2927955187141765,25.299673038033085,0.4228729531195244,0.2392728777775441,9.215328321355424,2.9034748487587434,0.9309097105600704,8.696293289889997,0.1714244427209288,40.28705267709896,Slightly Drowsy
3286,109.53333333333332,0.175531161965786,0.5615530341944424,0.3641694325737927,24.246628156033136,0.4884385349279899,0.7020605454730975,30.013175640277133,24.540123330511637,15.245492575343178,8.133143000867463,0.453164126455994,85.50452360567652,Drowsy
2773,92.43333333333334,0.2098182242512909,0.5329140833359554,0.5034215004909595,32.22969657017131,0.2005407970425083,0.5066107181834042,15.90118645673249,8.713065470559366,11.433667327851966,6.797166488583999,0.5349079929410624,76.90712373174215,Drowsy
1059,35.3,0.3147590001645209,0.3012972077037328,0.1910159939632616,13.92132157449079,0.1103809597079541,0.0206649386251853,4.54116876014524,3.2747181198029875,2.153216119976938,2.293925736510339,0.0387025711789327,12.784591830507956,Alert
119,3.966666666666667,0.3266848078517976,0.2912594232168605,0.1599572863907085,16.480105873841307,0.0430016097321836,0.0648850968101431,4.293308182684915,3.3412746089260086,-2.695403945373112,0.0563623147382564,0.0398176200671159,16.168704578159993,Alert
1025,34.166666666666664,0.3279068445064928,0.3278175174822026,0.1884278549084347,16.02247152307252,0.0937824981845518,0.1047297902436835,6.99056182696429,6.675346732053264,-1.4976059948277909,-1.436967970322233,0.0556693129664946,15.323125512858944,Alert
3036,101.2,0.1749820984027014,0.5601264412593365,0.511903681847226,26.745780173277616,0.4704572042800343,0.516469814619471,35.85558894664544,29.531566574882437,17.15156859954129,10.923988690918645,0.462404752690787,77.13878935113786,Drowsy
282,9.4,0.3389928073871042,0.2766939449945299,0.1925882991607235,11.840292598525584,0.10117859726631,0.100834493281177,3.6687365782152015,3.458860757529719,-0.3885517405903222,1.1597145705902645,0.191037117183726,14.948257464114167,Alert
2359,78.63333333333334,0.2869527941605139,0.3733984399605369,0.2729879273427222,21.76601499856969,0.1405609677862329,0.169376648290525,9.942001716748702,8.54842367338996,3.3442007114028613,3.818922942128164,0.1204025540058971,39.3245248027937,Slightly Drowsy
1317,43.9,0.3393349954016903,0.2430305357288163,0.1588258783465305,15.891606162767344,0.0156462288680416,0.0583568372834401,1.54725183160412,-0.9467278294906368,4.120935210869343,0.6183154390349284,0.0263190793924191,10.939332310918624,Alert
3897,129.9,0.1528170144210952,0.4600303354487198,0.2877752059173907,5.26452059283549,0.1220531202669402,1.847199225159068,23.10751515818876,22.372227493213124,4.491402548004761,3.642526174184379,0.8483077621429957,100.0,Sleep
969,32.3,0.3109286093156598,0.2265388525358453,0.1734176303708378,14.587320312720289,0.0344967643497772,0.04669230723518,5.223270535685772,-0.1264134737585847,4.363615382663273,2.868002007460922,0.022267216615908,13.796323355734858,Alert
1666,55.53333333333333,0.2349553092694511,0.41132096885673,0.3727240904185521,19.22986325120501,0.1054484820502408,0.2070216897534059,10.706695322811656,10.064267674455436,3.6344413117989545,0.366984009893343,0.1756566335287843,44.77850910952616,Slightly Drowsy
2816,93.86666666666666,0.2446494854373704,0.704601883936862,0.4447784490391382,25.27386141630538,0.4570080954189961,0.4304981653011145,37.50821243470846,32.167902147282994,18.52574719276354,5.374826735798889,0.5612278148705342,82.81859384185155,Drowsy
1906,63.53333333333333,0.2619852565080159,0.3470362012810623,0.3425605607284726,19.55178673232255,0.2384423730017568,0.180451921190715,8.074438424279917,6.014727035027308,2.351777380957693,4.846520165233539,0.2167345245973548,44.00454987741169,Slightly Drowsy
2999,99.96666666666668,0.2291928644278325,0.6667360181571551,0.4243019160523433,31.067470563795293,0.6197281820138333,0.6970213510550394,19.088013925494653,17.24446113920058,5.52260417379993,6.040006521354625,0.5027757188354707,63.06324760664154,Drowsy
2084,69.46666666666667,0.2014903420289462,0.392222557895669,0.3269088471929245,23.396038434459,0.1950623031454861,0.1930829366799437,6.360633210116676,6.190371853078622,-0.7039192150684368,1.2811904202375817,0.1633362381739136,41.53255569764822,Slightly Drowsy
2326,77.53333333333333,0.2890185799413625,0.3361804301932227,0.3564880168243574,23.772485739315712,0.2450633516616958,0.179529441730654,14.293919087352918,9.019210131412912,10.770853732325005,2.637931264849656,0.1664241273853352,38.70434056526933,Slightly Drowsy
620,20.666666666666668,0.2873795777391763,0.2954581897465121,0.1369880992556931,11.906485686711273,0.0,0.0515208377560478,7.035217344565021,2.4463229243011946,-5.893608114308774,-2.962291449243432,0.0399526216773438,9.897985251650498,Alert
3473,115.76666666666668,0.1333193567027627,0.3787733540787357,0.8956766250718846,7.451683340267134,0.1546406142862632,2.7060810914335773,33.15494173615543,31.350175221564676,-5.225519968833115,9.43984195632428,0.8925695423415763,100.0,Sleep
1743,58.1,0.2553365234216077,0.3260354840186197,0.1908880177065367,27.171925055612533,0.1771388227170915,0.1553483931879544,9.561336861338402,7.9622577337453055,4.817780682092696,2.193308837500087,0.1859412406256602,33.562944369903256,Slightly Drowsy
3294,109.8,0.1989467462449014,0.4692068360272302,0.481205149418218,20.202163168625425,0.4880678273233839,0.5462901030202205,21.783702823135645,19.06745915848468,9.145411979235345,5.227155025084414,0.5044463501963077,64.39409467859463,Drowsy
156,5.2,0.3139685586345364,0.3035400795420956,0.2369964580468564,13.668415634043566,0.0110188278131743,0.1021416133857394,6.945767892439318,1.6990470901160044,-6.518008638042108,1.6948433543008432,0.0292934362809215,11.35665787123836,Alert
1848,61.6,0.2739037080480619,0.3003551903181607,0.3390764918524108,18.264040549389588,0.2679505261902088,0.185081659591475,5.660089126930849,2.992821098263581,2.012403811389607,4.362322970447485,0.1797258402039403,46.36790326773213,Slightly Drowsy
3924,130.8,0.1296807525229558,0.3259146973701798,1.352608672305142,5.414730574609092,0.1764837208776583,1.9540487079293745,36.458194965164,26.53582202145772,11.02017724916382,22.44116358748899,0.7908817992310432,100.0,Sleep
1656,55.2,0.2446494854373704,0.3634890351107609,0.2923184620832118,21.080028268438696,0.3178990062460935,0.1005533372911457,13.701751371240055,10.92019823264924,7.164614601456903,4.141926944251148,0.0465639380212361,47.548340958408566,Slightly Drowsy
2477,82.56666666666666,0.205624187410731,0.3507643175493727,0.4600392287066887,20.899301186942747,0.4243394301620473,0.6191515855865332,23.006240466329608,16.256774545414338,10.707743819219727,12.26167215660703,0.3558453666666031,72.08469174281919,Drowsy
305,10.166666666666666,0.2958823643562321,0.3369963994170313,0.1714684605118047,17.976455181544626,0.0771572516023711,0.0772600902111508,1.507282110057927,0.7015090704346834,-1.0227236320382391,0.856633384750475,0.0415431299243543,9.678259656247487,Alert
2600,86.66666666666667,0.2013894566040807,0.5860027501103603,0.42645130914943,23.65887561719329,0.451255471223243,0.4716115797739703,18.247388934380016,17.98514843838922,0.6631889171563419,3.010285539911629,0.4494867008270441,74.96855463893111,Drowsy
3411,113.7,0.1273289570904277,0.2968399245949307,0.98211950655334,6.450912754742916,0.120786793486764,1.7536897792147443,31.175553718621032,9.330843442340123,22.45884234533894,19.505150879303,0.7429735055613986,98.376518385989,Sleep
2247,74.9,0.2219599875314377,0.3404679842390271,0.3244122870299249,22.454866550491904,0.075757045639004,0.1550108944232023,12.847997965833184,11.38602990298298,5.951651008511543,-0.0850003018498197,0.1093667401530162,36.65867760517169,Slightly Drowsy
1957,65.23333333333333,0.2770722421909353,0.3600152482131145,0.2824294450232522,19.313587245694464,0.1565871280820747,0.1836665327741726,12.612912636021465,12.050290237432758,3.712516856756904,-0.305432391600021,0.1902141736844801,45.89840981185983,Slightly Drowsy
3468,115.6,0.1455257905558598,0.3725000800336426,1.0970538242662382,3.941598278166547,0.1846364731693026,2.093762824499884,31.14509560454999,24.60585800988618,12.751412853435165,14.2116220768471,0.8667711373719765,100.0,Sleep
1308,43.6,0.3686832121726071,0.2893693689025532,0.2055933079334921,13.736187653072614,0.0392786965068955,0.1132608451919223,5.516979116776157,3.3493091993457678,4.354126383211145,0.5106563434900888,0.0230326692715381,8.979267028267916,Alert
2004,66.8,0.2527394617919734,0.4337156469645862,0.2858968976569045,22.76849974649377,0.2105380230452121,0.2225453730177247,7.935837902953763,5.276455156275581,3.1428507705466706,5.025836571143615,0.1910949180623152,40.14979375212511,Slightly Drowsy
2251,75.03333333333333,0.2694017197235463,0.3149431304634191,0.2848913784944881,22.190063661642164,0.2756533958307929,0.2435747315583348,10.88420540369188,9.435894801484649,5.41171337316052,0.3783846347648554,0.1372451964904696,34.91139842099219,Slightly Drowsy
576,19.2,0.2846818560274861,0.261910359088916,0.1985709883976559,17.48009687896773,0.0544451750118604,0.1063639413446805,2.012135719747577,-1.395437303693984,-1.3297903944537088,-0.5771502343082023,0.0377088114505496,11.856018884361571,Alert
3549,118.3,0.115107453742433,0.3156169911275706,0.7344651965186277,4.4508528696151295,0.0900089803246496,1.3508582392140986,33.412719730211194,28.373155713753384,-2.561868034124039,17.458828906558473,0.8054564817186095,100.0,Sleep
3443,114.76666666666668,0.1429229529476327,0.3530212558288351,0.7183358865769175,6.340330135541159,0.1985193686505092,1.4662055483665477,36.17980680995639,7.843510981818261,7.683231607518288,21.22023696059391,0.8154913490502455,100.0,Sleep
3728,124.26666666666668,0.1077581490573424,0.4558451837674039,0.8532800821264046,4.856416803655009,0.1714998038853767,1.6820494909739274,38.59662116297044,32.35186782814748,17.83174796204798,11.184121684152585,0.8353019158281279,100.0,Sleep
1707,56.9,0.240101762534003,0.4081975625527356,0.2380034581852189,22.9423229651019,0.2034325860934153,0.1998925709654703,5.459484512539142,5.185475288428736,1.6805792741466865,0.3040895905128367,0.1993066010416522,36.87289210265063,Slightly Drowsy
2472,82.4,0.1929922449862643,0.4577923305038329,0.3368144493840945,34.31712129778158,0.4909931842891301,0.5371887904882531,28.679170904444227,17.328863080330297,16.57362602337249,15.73277688607056,0.191037117183726,74.14078451517574,Drowsy
1300,43.333333333333336,0.3519621301862918,0.3507643175493727,0.1620968257089715,11.874979363099037,0.0388482008091378,0.0813494005051444,3.690306283794965,3.075033809528387,-1.040920359315352,-1.7547114703097877,0.0737201389954088,21.283393168246597,Alert
133,4.433333333333334,0.3260188294872142,0.3710589089963139,0.1969652893689463,9.598093102110456,0.0801336648441813,0.0876231676976555,5.607976863875252,5.224381885206864,2.019544053809875,-0.2769119679675476,0.0155140352742126,11.338629421202567,Alert
2973,99.1,0.187606705493863,0.5042864371223478,0.4603319422909044,28.677854531432992,0.6712899919483672,0.6462082932741297,21.395707621075463,20.60283390105541,4.005122930804268,4.154338715272789,0.377847597080079,76.75797992701379,Drowsy
3214,107.13333333333334,0.2135100641367336,0.484008215585484,0.441641329489857,17.429845700042602,0.5207063469582127,0.6763374815596719,14.082957281616975,11.24251794036359,0.2600984659450933,8.477489306655857,0.4052884193382476,76.65646400166001,Drowsy
862,28.73333333333333,0.2446494854373704,0.2149597979121212,0.1647691761483087,8.682916280501836,0.0512648789564099,0.0854336716900006,6.34155583026376,5.976989355428131,0.3619042826803623,2.08805025888476,0.0516767416307811,9.823038047842282,Alert
844,28.133333333333333,0.3458297466090787,0.2571995107547712,0.1239989823958817,12.938504584944644,0.0659055000710511,0.0707452670400732,3.651549250253854,1.2323791476872463,3.430698134785839,0.2129879605801836,0.0231340337743009,13.932059128082267,Alert
1802,60.06666666666667,0.2978459676733951,0.3981659725716573,0.2827370124483161,18.68877420756051,0.272379984260706,0.2084113825558091,14.107419817347552,8.883121937040617,10.919149549824972,0.9389417783416332,0.1430278332607465,38.75809701755856,Slightly Drowsy
1629,54.3,0.2446494854373704,0.4039106999077497,0.2103313352053558,19.00991622354973,0.1814899234007969,0.1990928989805063,11.973298363590542,4.654682991636882,7.648094683953223,7.949870920726497,0.1874464782232693,41.00283859794079,Slightly Drowsy
1994,66.46666666666667,0.257697011293644,0.4274736552630812,0.2417413142504156,23.574681110909296,0.133642581233577,0.2408559073536159,13.800615499417418,10.5416695431242,2.582710639003605,8.524071630477156,0.2242650123654913,45.86418317475061,Slightly Drowsy
2921,97.36666666666666,0.2159404982158418,0.5604381342070278,0.4546467295017993,17.429845700042602,0.5322825784075502,0.3325657273372324,26.90424351170987,23.6774242240991,12.38513699136206,3.134690216691756,0.5399471633490707,72.96202166371963,Drowsy
270,9.0,0.2923426621897091,0.2511420043465314,0.1617423083028089,12.677555729839964,0.0077376942895898,0.1044616613419065,2.0614998178803488,1.3528639990754208,1.0575149050706387,-1.1407027328273611,0.0035879339890296,12.41836389757851,Alert
630,21.0,0.3192120371667974,0.2890080587246073,0.1610746079115843,15.08088178550085,0.0213127239711011,0.0393529247140323,2.611777984685264,-1.3038894662776277,0.0632782435517617,-2.2621344710051754,0.0386544507017293,7.098855398946735,Alert
1731,57.7,0.2938354066410162,0.4880648888385552,0.2544313543685311,13.886149568766252,0.2476396240577579,0.2074500983960506,12.292178574739651,10.713646507142531,5.139543598861269,3.146509848814298,0.2251562638350889,49.27525201061284,Slightly Drowsy
1034,34.46666666666667,0.3224372234755924,0.27206682286966,0.1994744316321126,12.866851185132392,0.1187375846241085,0.0542064780407788,6.672973931156444,5.134336965549336,-2.2945476849243094,-3.5919654691680467,0.0447575031269773,10.973413110312732,Alert
2331,77.7,0.2769242553222524,0.3549210205638582,0.2446637535865853,23.60114040130803,0.1405776023413394,0.1620365588685951,5.885381030187866,5.685845857291465,1.338408942727702,0.7193943700385641,0.2122564704904703,39.81739346410073,Slightly Drowsy
287,9.566666666666666,0.3023093526294493,0.2550739147538385,0.1766800389432801,11.75839443171198,0.083679347818085,0.072615855991051,5.772777772933558,-5.267470548304104,-1.1244661698654184,-2.0770876416879447,0.007374483690781,5.704185981920708,Alert
1327,44.23333333333333,0.3493174394296267,0.263339378834037,0.1516555652927484,14.41256315609678,0.0,0.0667923725892892,6.302981138349886,5.056005404126256,0.1865376894368628,-3.7589339278923326,0.0040601670544119,11.966702360277022,Alert
2949,98.3,0.1919879383042833,0.5096574371515357,0.4391657028244259,27.50056509578013,0.6732494725553776,0.5223654354937868,31.54445249028374,27.86190858071748,13.49365065835421,6.0570558080479024,0.388112802051353,83.21580791176788,Drowsy
301,10.033333333333331,0.3284638219071478,0.247172604821226,0.1864987492621385,11.435618290899306,0.0940328559369042,0.1012274192974626,4.967225197665373,3.3300154970548577,1.0849831837410495,3.5223762497347475,0.0399937265477645,6.863594762348874,Alert
3187,106.23333333333332,0.1657915349787801,0.3906522840380245,0.4330099788085863,30.83738867346464,0.6281639841271391,0.7087915432539091,22.844864864464377,18.5083255878543,11.417203073972969,6.998371851886622,0.4258721473984794,89.55030049429658,Drowsy
3050,101.66666666666669,0.1712481438705908,0.4504497547878661,0.5400414985126162,26.03958175390517,0.2925001593794938,0.6952641276613886,28.645093444273236,23.384680356798988,14.265816439664396,8.37762402780681,0.5562522912711088,85.8435835748031,Drowsy
3611,120.36666666666666,0.1330143459682926,0.3830785171794316,1.0336129101686042,1.078220849656243,0.1860210976846374,1.7037178979372407,37.28259304605622,32.64461552689551,5.743827545831596,17.068370351699034,0.953880948777937,100.0,Sleep
1448,48.266666666666666,0.249652639849818,0.3306692132220123,0.2540634076416475,22.46439616696577,0.155963850184863,0.255285519793867,14.27511786024725,11.15821656687871,8.727313175768158,3.289651897105,0.1415000466032271,40.92912664636035,Slightly Drowsy
1473,49.1,0.2228435358586911,0.3415141657620353,0.353145010497673,19.01942858624439,0.1833421832309797,0.1785461589217391,9.492070173954184,5.06084465569172,4.712958975620222,6.501943190489128,0.1982387359952235,35.8421085988995,Slightly Drowsy
2836,94.53333333333332,0.2143553620074808,0.5171021330806195,0.4281741551625002,28.09252069232118,0.6920402649037972,0.3752636851329016,28.69411290153607,13.453153416445916,23.65462028971265,3.289651897105,0.4115074767126108,80.14502072653195,Drowsy
3600,120.0,0.1339574016580449,0.4521836305667349,1.0107220030542523,5.6930057263104885,0.1401203916893861,1.8702077526772136,34.394440837156544,24.591023065208493,15.45501790893143,18.422854462369678,0.8570012876888609,100.0,Sleep
1187,39.56666666666667,0.349919080624511,0.2951242085394319,0.1786286773606251,12.903688735987544,0.061277954952362,0.111596139148031,7.226893102937155,2.59641531535519,6.500877801740897,-1.7958839712804608,0.0396063849134346,10.089739107715276,Alert
66,2.2,0.347582547050413,0.2839979677031714,0.1845090528438563,13.09096946946536,0.0477221750511573,0.0861560353778411,4.87296030036707,-2.275420981641564,-4.044556266317139,1.48652818804543,0.0434173087625588,10.360027106163267,Alert
2532,84.4,0.2221949180807374,0.3732172485582913,0.3530105015270441,28.921889386385597,0.6072537673381039,0.6856578868592279,23.143653005943744,21.194622333742803,2.838225463809742,8.852182488297544,0.4820509211701704,62.158860352341634,Drowsy
1881,62.7,0.2398303285196292,0.3685368555310348,0.2906956520318963,26.503694147313382,0.2603572663148095,0.1397279342065883,7.66228818587321,6.25229392030115,0.284866520066334,4.420218551529183,0.2169261340202017,41.57786829539174,Slightly Drowsy
891,29.7,0.2446494854373704,0.2917361039739058,0.185409151540125,11.609660742603651,0.0263672660763428,0.1049008201644651,2.1960460062850253,1.87122701561518,1.12607908843342,-0.230376657552958,0.0163382896950046,15.069891337366254,Alert
3096,103.2,0.2083126016935171,0.6721642801250061,0.2616160170758552,29.970835056883708,0.6369525974132026,0.3791558634115557,22.2724546936974,19.40910043008292,5.237764117842167,9.587225126364944,0.4333500492512474,69.5944339384056,Drowsy
3489,116.3,0.1073152418818631,0.3568857384449269,0.8619486171037948,8.733109726668548,0.2424299775029342,2.289059541336426,39.88974118389533,35.211212511028606,15.440480380367529,10.62795986277815,0.9560892502121704,100.0,Sleep
1767,58.9,0.2621618524793414,0.3648718143489329,0.1997078440129879,15.882403918683504,0.3542359344193666,0.2000028746823545,11.028306972873755,10.32584578100984,2.6171843774916965,2.854962264015174,0.1618654138291662,55.42386695707077,Slightly Drowsy
2527,84.23333333333333,0.2096819679726307,0.4985192372829128,0.4580394620657342,35.46953695417322,0.8817338797342464,0.596309636574236,26.441378546925076,20.67777069405653,14.3542502019845,8.095171383277451,0.5214697731639837,83.40393229280895,Drowsy
2009,66.96666666666667,0.2636924999262378,0.3478048525699578,0.2686791357784429,21.968303077319565,0.130385882389968,0.2621298874675501,16.28184957788769,11.543678690938137,10.472427132190752,4.708543078097229,0.1788208753991225,50.51043670456623,Slightly Drowsy
504,16.8,0.3252624074730376,0.2743853216308629,0.2550270149380284,11.360901275503508,0.0358525696173197,0.05535137521672,7.485273552393088,4.381154926340424,5.067566800955037,3.339845562809278,0.0644789750629201,11.312250720449391,Alert
2111,70.36666666666666,0.2523375393983713,0.3497285335253397,0.3588540259600516,27.8330627018144,0.2692299976477251,0.1765322367514936,11.243909456201044,9.372182981632813,5.060025436273216,3.6033080082484767,0.1176708060572851,46.46464074189774,Slightly Drowsy
2766,92.2,0.2158944420415914,0.4813863736236943,0.4319703845776295,26.53168049017844,0.5528638021869393,0.4213508913687922,25.45590063486978,16.874975484383192,18.70994380911243,3.629887352754264,0.3469475102659477,65.34593068924794,Drowsy
381,12.7,0.3269587158661167,0.2621775323090303,0.1546092084033908,12.537730866455576,0.0308496571391324,0.0871895159509425,8.202926907191502,7.872689466751893,-2.148130308827521,-0.833250611230925,0.038737539737775,13.703057673508146,Alert
2803,93.43333333333334,0.2167093030166074,0.4889759378228672,0.3922707263605818,27.492256052598343,0.5938470182955656,0.4292668003160159,22.98473106090312,15.393667013382068,10.630973834160418,13.35347419814611,0.2629898964994357,77.4366133570967,Drowsy
1526,50.86666666666667,0.250324131989681,0.3850624543403601,0.3014595090848532,22.19664371437312,0.1940174962678953,0.2417810571927256,13.008727500703175,7.51098570009424,9.596389917053656,4.552074863224666,0.1552881490607588,37.49389513318175,Slightly Drowsy
2131,71.03333333333333,0.2737983943209533,0.4068449597152053,0.3015233914524656,16.544550681121322,0.1609489820753259,0.2327768482882108,13.22723523863386,7.87639544047757,7.304514535291807,7.71791515417812,0.132921471797627,47.03815295485993,Slightly Drowsy
375,12.5,0.3607410532778199,0.2669563545616809,0.1727190375652415,9.274974572042645,0.0318082113048922,0.0592038693794623,2.017522582711893,0.4808841365663183,-0.4119328973666388,1.9155832289458112,0.0441520670280125,12.41916904412706,Alert
2150,71.66666666666667,0.225323268274916,0.3738039502774077,0.3275756551445172,23.04702840535106,0.2254513851757098,0.1983129557401343,10.295209174821778,9.586915284706205,3.256258335448251,1.8652530471828457,0.2242119301149946,38.33401452505218,Slightly Drowsy
2956,98.53333333333332,0.1639336859894573,0.5738703859940371,0.3568176241830065,24.093857001206743,0.3806718870798885,0.5746106415782303,28.26444785054065,23.581807259171487,12.08810514287611,9.831332195688988,0.4517571227308417,81.46248897137457,Drowsy
940,31.33333333333333,0.3466356180899395,0.2528819237652565,0.1640217972997951,18.738768364978387,0.0439868650494516,0.0840006757462465,4.469651782930581,1.8324748956869477,-2.465042478915067,3.2470584217836125,0.0294459717615878,6.70988978646362,Alert
2762,92.06666666666666,0.2142384146964869,0.689938262249753,0.3956866929718767,30.83606289426422,0.6399038579834423,0.5187869587474556,26.17181728824133,18.60931591784634,8.280648659823557,16.4343615334287,0.4473396883308774,79.48064822975005,Drowsy
3408,113.6,0.1502726757625736,0.3818698039620669,1.0627308241964424,6.106527862459436,0.2304458344300539,1.0865838344626289,42.792158890057216,35.77296098528124,18.68134912653952,14.229241709584896,0.8172668892268166,100.0,Sleep
530,17.666666666666668,0.3133690614882449,0.2811801669215369,0.1880578074313289,11.212944531618964,0.097876437950454,0.0680621043053605,2.2115733845604386,-2.186173651133113,-0.3270702598903914,0.0687506180529201,0.191037117183726,16.810978478963083,Alert
2465,82.16666666666667,0.2100457887033207,0.439990953852994,0.4401738665072002,24.510099500760692,0.5721710376224404,0.4718509132764879,21.49786138346905,18.372176152545308,8.366165494057533,7.391106981280704,0.583565826585867,73.91906775380119,Drowsy
637,21.23333333333333,0.3392257913860569,0.2615413828426133,0.1798468010391832,14.996909411062036,0.081407403292415,0.0444463807525959,4.102921881625732,3.7868641247223622,-0.7011721735551764,1.414915421728762,0.0555386338470965,18.209633578544448,Alert
1270,42.333333333333336,0.3209949863529004,0.2566415580973955,0.1908039285383268,15.043647578407915,0.0532457532739848,0.083574302486719,3.680507218429685,1.5654628738265726,2.9878647846792177,1.472454890330254,0.020337937057117,7.2828111449832225,Alert
186,6.2,0.3889915009727769,0.2937345588512569,0.164731091228775,13.936064219520016,0.0,0.0661057373782188,1.8758977051186,0.97679390471724,-1.5722651938037775,0.304709744067444,0.0235516013523559,15.42405885976724,Alert
2523,84.1,0.1972097582793577,0.5236342889430128,0.3405610569080851,23.10504119966094,0.5418379014513062,0.6614355778190462,22.648082792387346,15.047377150802884,7.600367637374395,15.124367981144832,0.4192224327582514,74.08592875416792,Drowsy
3369,112.3,0.1757416552305209,0.7049181716526639,0.3789176161774499,36.44263093456819,0.4219217700334729,0.4326134944722656,29.123279220902315,22.399762405316316,15.553139865414618,10.223300694534476,0.4873277205654151,71.8705586350966,Drowsy
2283,76.1,0.247999179245388,0.413517591768188,0.1671893398628306,19.90717729243766,0.0606104618999,0.1521673425238371,17.534472961576473,15.416185722253644,6.392672535811025,5.3789123126452605,0.1767788140085427,46.19528418618009,Slightly Drowsy
1798,59.93333333333333,0.2948979682829745,0.4079353922480914,0.2861419190569566,17.8906346686834,0.1535266258244705,0.1425618008788793,10.359987605576515,6.247282873786979,7.704270372931381,2.9908222787987118,0.2208690107504028,42.78935401049347,Slightly Drowsy
1442,48.06666666666667,0.2204182142380495,0.3045080255365046,0.2398484873814545,18.69620774833647,0.2258761891408312,0.1773278619161673,18.63000809788273,14.254094892668814,11.618719528326553,2.9838460148024004,0.2582130486459916,50.94554215294614,Slightly Drowsy
1536,51.2,0.2879114954645712,0.2641849617001146,0.2786075074096819,20.895513076129173,0.2757238822173426,0.2141927247271357,10.563817956534429,9.066267728402307,5.380344744060331,0.6700221867911509,0.2284506198597205,45.24979524391546,Slightly Drowsy
1274,42.46666666666667,0.3402327725982825,0.366822782112925,0.1650911060123849,13.787583507779631,0.0,0.0638086639582085,7.925549361242588,6.754782871656253,-1.566102869525269,3.838562600288919,0.0151327547864021,7.975181428514905,Alert
608,20.266666666666666,0.2975686748459686,0.2571467445458772,0.163506319210859,13.21183416520936,0.0607220171035901,0.0943034878025611,1.8946324028603168,1.872203267461556,0.0483743637014173,0.2866126100000074,0.0296818937373532,7.937654557509498,Alert
1713,57.1,0.2449918401286398,0.3350838513528793,0.2786297272358397,21.711843074939782,0.0499352725721894,0.2608111195553133,4.176515468607212,3.558181469679621,0.1904064594781078,2.178616870524256,0.1756666061052282,48.83184764474655,Slightly Drowsy
3996,133.2,0.1536140658023458,0.3710901679863221,0.8852856929209985,8.297858138446362,0.0711403142755285,2.460943286606593,46.197102174418745,38.46239797550386,14.61330515133972,21.006368173519885,0.9029866662595122,100.0,Sleep
3575,119.16666666666669,0.1455852596050688,0.3431215109454647,0.7106578206452976,7.8780230248853425,0.2559129481450794,1.5123659231741933,49.48639379864808,42.745350562743496,18.081366231851103,17.169809889824464,0.8086651120959251,100.0,Sleep
2233,74.43333333333334,0.268306366005443,0.3574219840838675,0.3093792662391175,22.450699614235887,0.1973271263921659,0.2139891872830546,12.98323762025556,11.247591468057871,4.944389176860303,4.196327077270993,0.1652606034569319,50.093343017721054,Slightly Drowsy
3653,121.76666666666668,0.1470297282286607,0.4411904767595784,0.9151410447513774,7.790042151087128,0.1718137298635429,1.2421001637506586,34.36710185249164,28.81176163757174,10.629429735542468,15.427096440239472,0.9316901030186646,98.91242640979024,Sleep
2072,69.06666666666666,0.2513971959396352,0.4169319474843567,0.1731932826651381,27.4329901828185,0.1419293070623357,0.20907870799801132,9.83118563473057,8.543865695284573,3.386230530737945,3.491133448920336,0.2435077187290457,39.307625654647794,Slightly Drowsy
3678,122.6,0.1290741677981849,0.3338602929345489,1.117921316080713,7.1180988926837205,0.3182375741274978,1.9841767423975305,37.96811997004637,33.964459790092235,3.743118292221002,16.552421897640304,0.8246777397340432,100.0,Sleep
1978,65.93333333333334,0.2276230696373725,0.4245080011882997,0.3331079145172667,21.31472904600981,0.1685792062332645,0.1273807234672275,14.271199444894863,9.435864393562616,10.613760435303371,1.4070132068511083,0.175328618968944,43.8541768457826,Slightly Drowsy
159,5.3,0.3437576897993394,0.3398714680403674,0.1768665234438758,13.577945692024974,0.0528020865245272,0.1032375660521638,2.1016153896061094,-0.3183828354764353,0.7151069482043554,1.9503952595648597,0.0500218833987969,12.42600283864242,Alert
1749,58.3,0.2643433994922658,0.3317819787657983,0.2200856530088213,20.11311268754423,0.1360880881525495,0.2411391603676044,12.222292069137357,7.536175991953272,9.52953098275976,1.3336094219173853,0.2149667948758599,57.735185734692266,Slightly Drowsy
2754,91.8,0.2098100766704184,0.5222519198498586,0.3081783586066443,24.365822825720446,0.4723247856898819,0.5225015613710087,24.39103926064205,17.83320250305023,13.936449792912972,9.09258224428026,0.5211442234028933,73.99422765558516,Drowsy
903,30.1,0.2770267396761538,0.3166434087049873,0.1813991209969789,12.697767740240591,0.0166250555081951,0.0753084194076162,4.305174575041439,3.720649276931034,1.6432169362126818,-1.411075894556922,0.0230792065474473,14.847454944561871,Alert
353,11.766666666666667,0.2925657920257233,0.2283076275363834,0.1578188577762289,16.979748336033932,0.0880006331467858,0.084860094441088,2.0164671132608505,-1.8317513997248271,-0.5888419541638104,0.6034000178034711,0.0435107245915719,3.927769573496384,Alert
1231,41.03333333333333,0.3359474579064981,0.3104521075917619,0.2312912408602655,17.02473490004776,0.0675867888909209,0.09807782801272,3.0845440452996185,-0.2148373136627768,2.328880772241966,-2.0111119423674952,0.0326595516273674,0.0,Alert
3502,116.73333333333332,0.1329696987006229,0.5445922202127426,1.1150667086390058,5.645051823175368,0.0865541746244083,0.880693596420117,10.659546637155405,34.385393544220896,21.05914130593528,18.72730222199979,0.6617268442104631,98.93296734922758,Sleep
445,14.833333333333334,0.3358113554160575,0.2634037638713613,0.1568468412782137,18.023801664439933,0.1565871280820747,0.0927193550142347,3.8314526768265287,-0.0551900295698186,-3.657853399566581,-1.1388995489842209,0.0375195722522,6.993324668323969,Alert
3941,131.36666666666667,0.1317055027507379,0.4218225814313407,0.9408657017111208,6.1005231330317775,0.087016640336086,2.826691047623868,41.13656854657732,26.92281630493018,19.10471115327835,24.54361924712901,0.7425744108923562,100.0,Sleep
755,25.166666666666668,0.3420599272447495,0.3159617770173442,0.2392223606323507,14.943158148355566,0.0425109071397247,0.1006531503324402,5.992050244038017,5.634600592804712,-1.4398939281366268,-1.4431381646800585,0.0427771206486176,15.410556200622022,Alert
1738,57.93333333333333,0.2640500603812671,0.4577331271731245,0.2302225580900522,21.6801655885022,0.1565871280820747,0.201256698938662,8.19031895701616,7.57784843022629,2.436002233905445,1.929619367280213,0.1765322338565848,41.199400867240094,Slightly Drowsy
3985,132.83333333333334,0.1363050754907721,0.428255944472146,1.2244814403805526,7.588664274213468,0.1565871280820747,2.028649204297088,27.36440340253096,20.226490190436703,13.559240668136084,12.483856001099188,0.8508120432289215,97.79343988261542,Sleep
312,10.4,0.3180694738694238,0.294904528052044,0.1925461726766391,9.559970614878996,0.0925576395024342,0.0850513769199324,6.0376804389752206,5.461330118984765,1.3325949818720155,2.2026459154715243,0.0493309062290025,17.60431194830432,Alert
549,18.3,0.2708611027130874,0.2594509655282949,0.1309823112282213,12.937921631185905,0.0700999878451716,0.0621850227289547,2.3398485128010607,-1.5670664419533562,0.2080114851460439,1.7250869692303406,0.0061005312296677,14.565594267262052,Alert
2664,88.8,0.2161734858754666,0.5509948538333279,0.5217197714790067,20.678177281395435,0.4025849465738761,0.5974554762357963,24.626844572864,21.677682779039444,11.676445277534508,0.4692212996867253,0.3656365832963576,78.0158635585596,Drowsy
2904,96.8,0.2112108142621125,0.4700017094007899,0.3082122468208174,25.448503745453287,0.2935061552320248,0.5263137133180752,25.75516959873292,25.34323507269527,4.568289867540095,-0.4241754303767528,0.5450179893708769,73.56734209061558,Drowsy
307,10.233333333333333,0.3068530081026199,0.2862212537193811,0.1920144415951898,14.327662965539622,0.0469022615709602,0.0560941247280151,8.507979558927321,5.62731887069803,5.421589930913656,-3.3653173882453715,0.0195194281822724,10.86496700316045,Alert
695,23.166666666666668,0.3663010011203417,0.2653775945620233,0.1470716705317282,13.095929726568636,0.1074228397265449,0.0434318823831607,3.303077465518414,-3.17093928857758,0.2681858367948398,-0.8851785855483123,0.0401545578635136,14.512178698568222,Alert
1928,64.26666666666667,0.254809254896034,0.4040131602800358,0.2768173180405545,28.702165767424415,0.1134047164975651,0.151665922020176,6.47295947975512,4.675016589339877,1.190811147235057,4.315714671704948,0.1631315259262598,31.043365912756524,Slightly Drowsy
3306,110.2,0.2263733325806983,0.5774916834351328,0.5212652149105977,26.41688886009392,0.5616763395234216,0.427356223535047,19.785485800092367,17.515570357308423,5.524179342060744,7.358918806494913,0.4239691549167421,73.11664119533023,Drowsy
750,25.0,0.2958776674953404,0.2874488539534489,0.1796894313027679,13.565315449213534,0.1035436855318242,0.0658977895966807,1.5908979074510663,-1.3740131392798205,0.0599864586192578,-0.799653468573053,0.1075476583816529,14.964328105452967,Alert
1267,42.23333333333333,0.2700003359922427,0.2065634387855079,0.219656429764794,13.882353648064033,0.0573296764183487,0.0441869801408657,0.9860339059260672,0.1170277180288341,-0.8864424417023469,0.4156767667281412,0.0320281592217248,7.305494076804361,Alert
2169,72.3,0.2594983974758761,0.4390687984585716,0.1987270577471143,21.403333478564065,0.237062427343231,0.2312085588880096,14.04738885124152,8.116945700741635,11.04561019974446,3.0722664833144853,0.2324797116156839,37.62764247664104,Slightly Drowsy
3593,119.76666666666668,0.1102444945942866,0.3985970587306653,0.9817131842810064,5.990280774432166,0.0902881592188684,0.8713173149361423,33.7673403904086,23.45701379601408,17.899479264065537,16.419817992006287,0.9272211200468848,100.0,Sleep
971,32.36666666666667,0.3394924045544873,0.2778945925208205,0.1538164513941707,11.699619421355786,0.0,0.0697941768087387,4.902418547680544,4.756730115185945,4.120935210869343,-1.0595354118460814,0.0560971187636016,8.630271438429258,Alert
14,0.4666666666666667,0.3246158464633076,0.2890958977986948,0.2034546861533193,10.907623222804794,0.0,0.0904388313123379,2.9267595636304846,2.742461683082965,0.7514785510376296,0.6928964189939514,0.0263995055684301,12.565808729923626,Alert
874,29.133333333333333,0.3105093875830791,0.3100005435948151,0.2257391578944826,6.995221076280271,0.0673705459968828,0.051467015783793,3.508836255529518,3.247776266997353,0.3837816071237377,1.2714530528811,0.0300150477101068,4.447895273833639,Alert
809,26.966666666666665,0.3182928448058927,0.2707801727708174,0.1709319182375242,15.327167905167872,0.0125667508083773,0.0584821234255148,6.280144993150165,-0.8079876271884441,6.136963643031463,1.06068580334116,0.0460898440336028,7.207599101850403,Alert
515,17.166666666666668,0.2981039398376222,0.2517970120790528,0.2103082376050804,13.889096361221096,0.1051386942181523,0.066569755860389,3.335985438241618,1.8630540991529367,-2.76723895453186,0.0147253628471342,0.010429061260024,9.46421588038997,Alert
3215,107.16666666666669,0.2128983903153437,0.4293656743434815,0.4922372190285369,23.40125430886222,0.558949022912575,0.4263086276406195,21.415149098884157,18.66071878595664,9.874736314468596,3.5882820455754194,0.3449112061056578,79.26329527752581,Drowsy
410,13.666666666666666,0.2901452649726928,0.2464427540334629,0.1394247393167783,10.04102902553105,0.0665199564855119,0.0757186460454427,3.642350085472593,2.9485134940127744,2.071418058364539,0.5312339863450669,0.0531552635230074,11.709326490048046,Alert
2250,75.0,0.2702210003130567,0.3519343638613231,0.2192194664703566,21.23069053037293,0.2366778055359105,0.209760242525712,5.492256958143302,5.208713952218069,1.6589064405154152,0.5312390044592088,0.191037117183726,34.87680156473503,Slightly Drowsy
3015,100.5,0.2209754335933231,0.4870472458546346,0.3614855315469428,31.770859788898463,0.4715930998296008,0.5164323262096249,19.7155539921569,12.70086154968182,14.074071584720995,5.414027534249968,0.4375470818188048,74.42646827243557,Drowsy
208,6.933333333333334,0.2912801491210336,0.3033209375318224,0.1938777387856185,9.685483178023508,0.0228974139065737,0.1038821880609474,1.7321010020804557,-0.452913827849204,-1.393212786928163,0.924121786503793,0.0556678101856519,10.94159466958446,Alert
2959,98.63333333333334,0.2198374928342467,0.684886037631449,0.4523189685169653,7.904782614120052,0.4607765005721503,0.583549365214939,23.42985122977506,13.502935067111334,11.110756941626294,15.594221795487908,0.5398292973716501,82.32656244350189,Drowsy
459,15.3,0.3605971248202788,0.2934108866415615,0.1949728744841324,9.769322920891678,0.0431845693844721,0.0637435281932687,6.641158960000791,4.070147037233273,3.2132415012084152,-4.148972702032623,0.0395593027199145,16.12233118474506,Alert
2294,76.46666666666667,0.2912386991200723,0.3077058086241132,0.2846929398733709,26.629863942026475,0.1797105216842437,0.1773204834462929,9.038947228703472,0.4689381425942818,8.530489831086996,2.951848109816588,0.1508263256414775,40.71692025980735,Slightly Drowsy
2423,80.76666666666667,0.2381979702302039,0.6535867516395525,0.4841325157292785,23.78356356921182,0.5323734275317611,0.5978874970052453,22.91479116989884,13.885692921209309,17.760561249777698,4.103370632887838,0.3953942011367868,71.01876700558077,Drowsy
2919,97.3,0.2004244369910171,0.6730257779156228,0.6066692344298984,39.38736110104123,0.4074116696187999,0.431693699358133,23.8915878519465,15.777850016371444,10.772291207559045,14.346607999374324,0.4839068854763668,68.00557734234329,Drowsy
2475,82.5,0.2014451291336261,0.4993146927736774,0.5339474298889629,28.898172653874354,0.641312149289635,0.5853958139978882,24.823094079000477,16.897953083919976,15.57681136779755,9.381264778301524,0.3727314657406936,67.62764270993264,Drowsy
2659,88.63333333333334,0.2181777657282343,0.5805873925702585,0.472867494881679,29.13998842047978,0.4747543399295247,0.4470055276279386,17.47492656946849,14.5520132694005,8.043824100655186,5.376696221028896,0.4689682216938741,76.96566489335396,Drowsy
1884,62.8,0.2611420489387228,0.3520884931744557,0.3055547549471553,13.076612293421617,0.1328721421943161,0.2222398820628577,9.581779493401411,5.918973792993957,7.381842131897469,-1.5115072734730584,0.2092444335875789,36.770812482827445,Slightly Drowsy
1714,57.13333333333333,0.255388469041098,0.3883232742054767,0.2909814475033312,22.810115538745706,0.2247783602469607,0.1226906342972424,16.661254190874057,6.125285303061649,8.64904444228463,12.855827527016714,0.1318276426984196,42.61779333793508,Slightly Drowsy
2607,86.9,0.2017317097982078,0.534367610350667,0.4903083912143138,23.812076959490188,0.3856677266054286,0.4999891891971275,22.309509410833037,16.058607206509507,8.297516913652533,13.076182845415506,0.4939292072759446,79.58581625086607,Drowsy
2245,74.83333333333333,0.271786427132563,0.4192740259520816,0.3042597050463496,22.244567342587693,0.0,0.2169716453061785,6.62042292351229,5.630343581698975,3.014902354329841,-1.743443326307041,0.1997435394349677,32.041062184257754,Slightly Drowsy
553,18.433333333333334,0.3246242643768289,0.2958464723226843,0.2312198942867766,12.072952993178276,0.0,0.0620914407814991,5.241414090195029,-1.3414212507872998,4.009972073276949,3.0972785900480733,0.0464043315589765,16.347319219850423,Alert
3731,124.36666666666666,0.106304102243004,0.3365087189863949,1.0263155549997154,4.733635083533446,0.2418791416038674,1.6730341179316557,43.02622199830287,32.1204180939234,17.48235777430033,22.669399806129853,0.7927112043935727,100.0,Sleep
3660,122.0,0.107966059950753,0.2834243214498053,1.1753973832505138,4.3562205893607615,0.1078076659993156,2.021583083313508,32.058807490490096,22.40019334874837,12.13905410839712,19.45872146376529,0.7363118226125983,100.0,Sleep
1926,64.2,0.2544021964758732,0.4218159089853203,0.2931283587371506,17.631038353895956,0.1635166660571222,0.2483711815555597,9.425984535978827,8.136601621228834,4.476248312972305,1.61496116688325,0.2275439672213773,51.38743739438981,Slightly Drowsy
635,21.166666666666668,0.3537294762222176,0.2808551144062312,0.1896299269105807,16.505590416757315,0.1124102211812372,0.0409679417423422,4.171206532284008,-1.2886032676246142,3.928332304207944,-0.5537787115376072,0.0265655842148384,5.944591329656923,Alert
3698,123.26666666666668,0.1521037260303714,0.3310652940516396,1.2010201411404495,6.937303376081848,0.2516972041629624,1.929789844192912,44.31510648268152,34.270266678303145,18.97092768605465,20.72393271316697,0.8473737759874055,100.0,Sleep
317,10.566666666666666,0.344445388742155,0.2063023570355886,0.2146077102995077,17.46587349315711,0.0379127765206951,0.027937258243454,2.307620885575919,1.0967235950817735,-0.1925524838664578,-2.021196439857827,0.0296956321238351,17.05335815144064,Alert
2824,94.13333333333334,0.1985091876411899,0.7374326387552704,0.5608372967398898,19.07065697549226,0.4263859091880183,0.3244708180357761,17.266972793797617,16.37642502637623,2.7326908101996192,4.742726405041301,0.516339770274801,64.8663264798869,Drowsy
3546,118.2,0.118620082716581,0.3078749944699802,1.075960200198372,6.155622693186015,0.1325031632219853,1.9308931950627672,35.34338423662986,31.069887322704837,14.615340651651511,8.379064905385578,0.7678859877338198,100.0,Sleep
1329,44.3,0.3136198466390094,0.3329085694964901,0.2462413814263064,14.31352169868961,0.0899233669041462,0.08086408097371,4.6398851304587785,-0.5944886825454598,4.430231012364873,-1.244254960712778,0.0707106154674376,17.247406679866543,Alert
428,14.266666666666667,0.3518142540732142,0.284420996981912,0.1659260743736877,11.517834997286135,0.0,0.0933253934408704,3.8644541459601855,3.444946309098893,1.732090575319985,-0.2573188927041118,0.068138694917835,9.946998554072817,Alert
2230,74.33333333333333,0.2159233732966756,0.2936394862796748,0.2129162176611134,22.87623412957869,0.1061040951397013,0.1460667397887785,10.137522392113288,7.709686605681832,5.807101543498762,3.0996232603758145,0.191037117183726,51.47034924060761,Slightly Drowsy
106,3.533333333333333,0.3452454272335659,0.2559147379187796,0.2475730741603292,16.454413717478985,0.0370067446596551,0.0300118857025285,9.376544690264272,7.727356431476855,-4.168717400290788,-3.290797493913784,0.0604514086401928,21.90386962663208,Alert
143,4.766666666666667,0.2593939934931765,0.3109415888726368,0.202105316912773,13.296681107204469,0.0526796286889948,0.0903187843540819,2.945627656873369,-1.9063646422163565,-1.5871580320388845,1.5885293592436542,0.014914211536615,12.862293376228804,Alert
3652,121.73333333333332,0.1217543840025632,0.2779307020637623,1.2951183110136242,5.288904263878024,0.1331176405351986,1.785043196213144,36.07275609197775,22.640200846880703,21.38667113562543,18.20097072743171,0.9234350690137424,99.29214168497865,Sleep
3162,105.4,0.1728483553419469,0.5363622669834878,0.3698330826493001,28.71547161064897,0.5822945829951749,0.5893022783304727,28.268449817423463,20.2066108886494,19.185644299585213,3.289651897105,0.3869062728787934,80.02489559006774,Drowsy
2252,75.06666666666666,0.2650384199925583,0.3636664964125318,0.2877752059173907,25.50980957012029,0.1419238479760601,0.2012829731022875,7.639404486037608,6.9545221246074345,2.6888492415031395,1.6628928636882212,0.2273902201364422,41.22920989624036,Slightly Drowsy
1950,65.0,0.2387439133740421,0.3286261257809423,0.274713529905787,22.10301445146997,0.3510041080204678,0.2626328237637645,13.662517144989712,9.173063955673616,9.797655075987471,2.55445246858036,0.1919665826875391,39.01106967712296,Slightly Drowsy
3573,119.1,0.1590044905378358,0.3117392680861931,1.0607083118109508,4.376800770284224,0.2406519629415122,1.8230379379841817,41.53549660798652,29.87608791395189,22.45101818032655,18.12646220575113,0.7856248769180403,100.0,Sleep
3747,124.9,0.1273971141425032,0.352481903812962,0.8456839243289825,6.315572743831493,0.0528706531767608,2.12522906929654,27.252317060652565,22.970004938765616,5.130380110924996,13.738517321925366,0.8201998116786411,100.0,Sleep
2167,72.23333333333333,0.2720383566128276,0.3857555977215889,0.2877752059173907,22.62506009591777,0.2177448918664769,0.2128688548806319,10.479521649229527,6.501289018957047,7.392348635203698,3.592603059657565,0.2115272003658057,46.43487116300405,Slightly Drowsy
3955,131.83333333333334,0.124033862649615,0.2943653628845444,1.029173982912136,6.722765455602975,0.0749976353601483,1.487344086623518,40.31318094353643,36.10718396530001,2.2152899791870717,17.79090537860296,0.824841936228226,100.0,Sleep
1952,65.06666666666666,0.2363506246196577,0.3116040839987974,0.2155056947629851,21.487186023459607,0.2494886838088227,0.134254634311202,8.623613906162086,6.915832612150608,5.124573010766243,0.5260489906771384,0.2368856724619235,38.66336319464057,Slightly Drowsy
2697,89.9,0.2089790179090093,0.6175414363493875,0.3255205329121453,28.009040185655763,0.5866250850501421,0.5916148180519292,20.98592902707381,17.145568691080232,10.964508998782913,5.12037438127693,0.3157608685011589,81.42000030173408,Drowsy
2937,97.9,0.195075415659578,0.2836710213103433,0.4559289745699032,20.2034739578288,0.5838904624679653,0.5685459438116945,23.427406116282608,17.660188069175913,12.618452005228551,8.816789874456349,0.419489957766811,86.8857190292007,Drowsy
3665,122.16666666666669,0.1342083549016082,0.4053645533005156,0.7770972746522269,11.143392372509926,0.1922500576504915,2.019770142394252,32.86551666738272,29.81349947770997,-2.0829767257911698,13.673282073679704,0.8560757708849052,100.0,Sleep
1110,37.0,0.3204357238239526,0.2915802235873419,0.2303635142216056,10.72567006408092,0.0692603052396522,0.1096247318324719,4.776323263647625,3.897119414596991,2.4988363284751243,1.1753898037356243,0.0659666897955083,7.8438814943104,Alert
2397,79.9,0.2741489208792587,0.3821930615365206,0.2473002423514083,24.851590090365114,0.1731906345764834,0.2285861592192115,8.049902469569473,5.709214472863437,5.413225759309479,1.7037566584391333,0.1602779001411866,30.743882186772307,Slightly Drowsy
592,19.73333333333333,0.2897459874254778,0.2953502751822352,0.1388992011790671,16.663440680649007,0.0396781793755535,0.1053716647129493,5.657568775684054,3.228531890888817,-3.6696606901857898,2.8492554641544867,0.0710249053285545,15.971031689278645,Alert
3733,124.43333333333334,0.1131771767507599,0.3146408210754776,1.0281304949119945,9.599360545685846,0.2424103268407956,1.8818658003639523,35.86634477251873,30.06228882189654,9.755463979308317,16.95536495267719,0.8332956941400385,100.0,Sleep
1577,52.56666666666667,0.2764480864962346,0.2700321659391763,0.3130633586054899,26.81179289519173,0.1551554123924505,0.2677670303276422,7.695811209085419,4.583820281430791,5.764330647441615,2.233068288340924,0.1677201457134958,35.82036520445577,Slightly Drowsy
3808,126.93333333333334,0.1365591364436738,0.3003259199638188,0.9232689937485568,8.496874543962118,0.0742453521984092,2.062275097246285,28.47088743010225,22.975019880796424,7.686622781126273,14.95512362888498,0.9277312089851146,100.0,Sleep
214,7.133333333333334,0.3068491289333105,0.2046329978045064,0.2129145813526108,12.802906359978987,0.0154889694382751,0.0938695782382798,3.560099317251642,1.019968400202176,3.1798091521398657,1.234011899153395,0.0536713864640095,5.993259817414224,Alert
779,25.966666666666665,0.3176524107821738,0.3207050339396857,0.1679637238036596,15.773998698458916,0.0871206263660674,0.0841698394115116,4.600188400321309,-3.8862073067415057,0.0547573825683388,2.460920095519951,0.0505496166605546,13.21253682028942,Alert
3656,121.86666666666666,0.142590688808976,0.398580389484418,0.9683886167480004,6.467712820967541,0.2037593609104978,2.4855291779249966,28.860786353756318,16.887046998611797,17.780020642468386,15.219838980003734,0.8358314746236316,93.69608299053763,Sleep
2482,82.73333333333333,0.2005244280275613,0.649439478494621,0.511010355160871,24.571659051953084,0.4960262072768608,0.4387044749940662,19.67378097253472,10.677739724375924,13.471555209492337,9.568737240166726,0.4932580448065761,84.86459447922758,Drowsy
2044,68.13333333333334,0.2597732307452095,0.3338428126779236,0.2491585474343591,21.97278769441459,0.0710105505527612,0.2057369275013834,9.715467371911227,0.4836325916739765,8.483274595323184,4.710674889151937,0.1429525649430394,43.28574520605395,Slightly Drowsy
3310,110.33333333333331,0.2130646266037734,0.4971275918919417,0.2834155244827406,31.128078571954,0.4736597462376573,0.5395098577080234,23.678330430523285,21.38411289927929,7.811760489867313,6.508413442373652,0.6125291389025516,62.2186033886385,Drowsy
2315,77.16666666666667,0.2373362611890159,0.37329160849277,0.2561811444535353,19.950955580903173,0.1855287636059132,0.1903103936375397,14.115762192495428,12.206072859114832,6.743644478675872,2.1885581505383898,0.2638804764485445,45.0271470524847,Slightly Drowsy
2518,83.93333333333334,0.2226951166976238,0.5349546510782683,0.3510022818779951,30.167932190831404,0.4472996597672167,0.6062140622970783,28.56625351431604,22.408282302562306,16.11781894401591,7.3563330933807185,0.4110355590387038,71.11562762060093,Drowsy
1568,52.266666666666666,0.2606519297522813,0.3326390779867013,0.351591630812336,23.036645938959623,0.2128207429313332,0.1852302443353697,13.834698594509153,12.5679236687444,5.434217839559284,1.978751204609484,0.1482366517357821,40.126300508762206,Slightly Drowsy
3044,101.46666666666668,0.1704892182513744,0.5756447067526845,0.4380972010692878,30.496605436986275,0.6558514290248479,0.5466310328295537,27.48467082424672,20.18155215321149,10.865427593422185,15.167549776298848,0.4140606772992634,71.11358038999717,Drowsy
3566,118.86666666666666,0.1485979180142155,0.4122704644196469,0.8073098467681079,1.8404213276787316,0.166882698343276,1.8789121040594967,47.60734498766995,42.51854379821868,13.189115681483363,16.872461515571228,0.9121741124612538,100.0,Sleep
2370,79.0,0.2370750352418529,0.3092669656452705,0.271694834538965,18.27413302873401,0.2508104831184186,0.1222478061242861,9.907909344492785,7.316487247878978,6.078039552433211,2.773646900629059,0.2237289158828349,32.64530502468296,Slightly Drowsy
3631,121.03333333333332,0.1096018037340127,0.2544180741435917,1.272144172817222,4.028127552658399,0.0951009026144451,2.229827273036813,37.22430355098236,7.843510981818261,17.719870016768358,24.1098841602438,1.0,100.0,Sleep
1344,44.8,0.2983498322754343,0.3149284012749893,0.1679005569803487,17.029099064122917,0.0086942920751176,0.0775337680186767,3.424905683443217,0.7745817115585993,3.168091114697141,-1.045562433132342,0.0391510294197648,13.934057404177176,Alert
2014,67.13333333333334,0.2725495571746386,0.3655053792878164,0.2345792781924402,27.09486200110425,0.1438937519889469,0.2100228995629948,5.802028354226017,4.111553091813294,-4.073040613316112,-0.4111013971281516,0.1620603827653427,45.318670803113015,Slightly Drowsy
274,9.133333333333333,0.3671921914335048,0.2994793593586816,0.1399355529270032,15.215090723544092,0.0,0.1016538210777414,2.790313663662701,0.8221883704553035,-0.2809085662175125,2.65159329508438,0.014256728628315,5.446172648202085,Alert
72,2.4,0.2866163910322474,0.2933069247852087,0.1983175723585147,15.3994761198276,0.0932312290221848,0.096678443090978,4.5813823660311925,3.147950198071092,-0.2104971343759411,-3.321921867031983,0.0485923643826517,13.055072907954136,Alert
1088,36.266666666666666,0.3299156984805364,0.2508400466834862,0.2119789115919547,14.044580636324394,0.05150267434829,0.0559465698445601,2.5221740940514765,-0.4750342847578483,-2.475291899836573,0.0929225463083791,0.0415577145396134,17.409319016589674,Alert
395,13.166666666666666,0.3318259570540054,0.2574049774787612,0.1301674975329848,15.258130161873762,0.0,0.0736529901551493,5.870587129070723,4.352954666049924,0.5756932076191082,3.896685289579626,0.0605021830516354,9.307140974780804,Alert
584,19.466666666666665,0.3282867724082723,0.292759651707441,0.1595947957095614,10.789032409818716,0.1090351660201586,0.089828910217888,4.046515831912051,1.4272974226957258,-3.4110986494424624,-1.6436296568426918,0.0660518079357246,12.44139966437003,Alert
3965,132.16666666666666,0.1549190501838279,0.3926299823796143,0.7341771053710013,2.5757565353350262,0.1589953327488464,1.8470558794357448,24.826178119211853,24.03969000680544,3.398942254041472,5.184555519735879,0.7892535943056925,100.0,Sleep
2692,89.73333333333333,0.2218299655106642,0.5251122451933163,0.4200935580628694,33.05075473999267,0.6094417294220447,0.3759021742023451,19.57207199651935,14.916881804160486,11.931772522803676,4.264439463951868,0.5820688351894792,77.20344937976019,Drowsy
2708,90.26666666666668,0.1982641120191313,0.5384644262484244,0.4194772810306118,20.09253358602325,0.338244268747066,0.47538275933282,25.07831883649551,20.69525164381032,11.733549168651663,7.934258564675434,0.3780788059787766,77.59444800808562,Drowsy
3671,122.36666666666666,0.141748585559618,0.3678585052125093,0.8907583653936373,4.6348970574455866,0.1362626748892525,1.5809861856972496,37.2865535758837,31.103402949681964,12.789397872915972,16.102692463225313,0.8942617230390454,100.0,Sleep
2629,87.63333333333334,0.2127018025862885,0.5531228123129532,0.3818134511860306,33.13732678042126,0.6195411178764415,0.7524878609329446,21.99501975417344,12.227880248800467,15.17539900748428,10.196426019499192,0.4160580959826361,84.2442127870026,Drowsy
2335,77.83333333333333,0.2271543498254711,0.4521693582035929,0.2428945939644996,21.060573315737635,0.2565521824501537,0.2302616314874962,9.434177090750437,9.002828544305954,2.398846074683641,1.4826709316113131,0.2813813027442454,42.17182424328825,Slightly Drowsy
1764,58.8,0.2860823818392881,0.3184868924639974,0.2056971421933233,24.299031221583256,0.1801910770846839,0.1450330619051383,9.994967463643432,6.726405223524724,6.910189495162481,2.6275708380891003,0.1485268947705985,38.37064251588508,Slightly Drowsy
3717,123.9,0.0934143011537258,0.4778047659256109,0.958570514087514,6.21901752570971,0.1901036630910761,1.7345991113640271,47.98185629513775,42.83851782836685,17.44280102336296,12.761998912996123,0.8213453915969539,100.0,Sleep
1260,42.0,0.348426471501138,0.2481051980083964,0.1738412243511445,17.71108509610057,0.0229464113694581,0.0769740192046058,4.058256175217383,2.6417130772286965,-2.96746355397896,-0.8276202372437942,0.0422527336365128,11.576539798768724,Alert
527,17.566666666666666,0.317325713253538,0.3479785958164705,0.1275833499910423,14.236552611673394,0.0,0.0298685685892656,2.833250523389916,2.743655132794541,0.4184933884423766,-0.5696738754844027,0.0378761181992049,24.497611704610588,Alert
378,12.6,0.3176293942179782,0.261982606377984,0.1873059061255903,13.848990677007729,0.0951112100253559,0.0817222173651795,3.005004717504719,0.1326917873245809,2.970498716877867,-0.4342621498924049,0.0505307336734461,9.62781156884181,Alert
1560,52.0,0.2682092220490368,0.3244864550844046,0.3467753383819059,17.15391181345428,0.3551753154182707,0.2400530453919837,7.308369398211075,6.685960482852775,2.389327155053074,1.732429343022441,0.1745681743897194,39.850061121919246,Slightly Drowsy
2655,88.5,0.1696664984454576,0.5506419322744712,0.4598019475558121,30.372038162010345,0.4808572351472564,0.4159445705459335,21.651276878654933,13.173377651263255,16.33380254103895,5.333554751169714,0.4090543309937366,72.86686380205458,Drowsy
1964,65.46666666666667,0.2521968618626762,0.4196991136589422,0.3372249758799358,21.17208697125673,0.2124573855624353,0.2393744987832811,6.16001528015352,2.346772497324784,5.618990021262015,0.9302678315854775,0.1731269982129312,37.5427284022892,Slightly Drowsy
349,11.633333333333333,0.349547277323999,0.2968317832462113,0.1739242731880551,12.679257383342552,0.0914435060418502,0.0515405014947665,2.780378757628169,-0.4253106509491089,-1.192673296475164,2.4753075150239963,0.0475953527208179,7.499020125711352,Alert
2865,95.5,0.2005458296932995,0.571727494026409,0.5369335271458308,31.539567895255,0.4682788392671236,0.4354977762242443,27.253942321538418,26.53690552377224,0.5040419681539312,6.189988609235796,0.4851671374225482,88.4809614878386,Drowsy
1710,57.0,0.2768559063084341,0.3458353520291143,0.3316532291625984,17.6897514797244,0.2866099936801768,0.1802047736728272,12.246411323019109,2.504707070917891,10.50847220863903,5.768279173351935,0.1884716968074313,40.10314449565398,Slightly Drowsy
1051,35.03333333333333,0.3513264552560978,0.2768414991495888,0.2152803295559311,16.836921537166912,0.0672057189726148,0.0901707063525426,6.774809894106007,3.056571542981415,-6.041474268843233,0.2366604377964043,0.0176787164785621,11.990788747765578,Alert
591,19.7,0.3227003530244875,0.2482673009195997,0.2087398182444005,15.658864046246087,0.008956766232175,0.0876285123506868,5.725203972253175,4.4931639191471815,3.545670127676681,-0.1328979506189119,0.0328384110764136,16.596529471406004,Alert
520,17.333333333333332,0.367468374533881,0.2830455768137335,0.1489156928407441,16.141843553676146,0.0659219286603705,0.0878915997096843,1.72509568019839,0.9356109883710236,1.351487171334104,3.289651897105,0.0511188290329168,3.710452460921336,Alert
3241,108.03333333333332,0.2011626804839127,0.339148207623008,0.5067553898128283,26.476210592541836,0.4053541504837525,0.5832546809956812,24.271941664345448,16.150653784972516,17.568766184657342,4.429671457815141,0.5956068640042654,81.8894624135271,Drowsy
2717,90.56666666666666,0.2241836237649523,0.7080086649339467,0.4147550650399428,31.5096865507519,0.7215747784006499,0.5901381390780379,28.00118425106045,24.425387944984053,9.784830079970195,9.577256575083188,0.3964873541476458,75.25178556680868,Drowsy
1084,36.13333333333333,0.3020590215597365,0.2413684503089189,0.1877878694009686,15.934692933607057,0.0836416510784647,0.0914877270226775,2.355779771968126,0.756576167149343,2.1436492843905173,0.6181088762085758,0.0426788376590402,9.096043585564848,Alert
2373,79.1,0.2583059096250784,0.3257368345764776,0.324547827135401,25.896410226107488,0.2096724732068844,0.2092282462583077,4.301132647710468,3.504210937480146,-1.4081457082713174,2.058488140146173,0.1765039316123528,46.30346229008124,Slightly Drowsy
1810,60.333333333333336,0.261916637290211,0.3660621865910189,0.2578133250164773,15.516801239115434,0.2197668524549924,0.2212195919411949,4.033699548315089,1.487963356338715,-0.9347766573141972,3.6308249334291895,0.1935656674483148,34.12554698419807,Slightly Drowsy
3903,130.1,0.1222849178482493,0.3957584582127726,1.0691472563677318,8.995515357462818,0.2482070983791594,1.4082564439095988,47.0961772636398,37.48704044306921,25.802001713694004,12.125527585816917,0.7784426416209298,100.0,Sleep
793,26.433333333333334,0.2908033673177072,0.2685068659204119,0.2132316328794734,15.416505370981811,0.075772420004328,0.0829295122330663,4.134803623679199,3.308309456821472,-2.401771027044316,-0.6190197718544586,0.0438400847393735,13.145402619663844,Alert
2808,93.6,0.1891106884312164,0.7805679674439449,0.419269229000797,24.78785375219448,0.6348091116346418,0.5695228132940332,29.532798632011463,13.908078453794111,23.175082972531484,11.902397992771352,0.4402803710887557,93.2413368036198,Drowsy
1981,66.03333333333333,0.2701376715736449,0.3077141363018835,0.2419661866216372,20.868582092143782,0.2547594419757517,0.1495996840939097,7.421749679994341,4.87435581353806,1.629025082352208,5.354372138410927,0.2011304304265775,45.54851936083936,Slightly Drowsy
3816,127.2,0.138121878202645,0.3971549559082409,0.863692111504863,7.762119032171806,0.0537691960210581,2.2627435484392,33.219768354766366,24.17629762303593,17.835229594286826,14.176185245184952,0.8118897759888271,100.0,Sleep
2237,74.56666666666666,0.2707055313236051,0.4626197746060603,0.3071350879857851,17.679522397767823,0.1723674438533972,0.2238385323532436,12.096811486717291,8.691516737501582,7.949302941812298,2.7566225142735106,0.1654599902253797,51.43575022194165,Slightly Drowsy
1531,51.03333333333333,0.2906949831630518,0.4010782062312307,0.3073061002917036,19.188174524917983,0.2501918788497073,0.2086716511041797,9.507768625235473,8.819401509348594,1.2616575234346774,3.3202472108974668,0.1473255399914016,27.402234116904427,Slightly Drowsy
1411,47.03333333333333,0.2700561950391028,0.4442935076110761,0.2668223558110066,17.2258839230624,0.2286587675211562,0.2753524412473921,9.818551332894923,5.330584490160793,6.747387908254877,4.739364481181607,0.1876576818937843,40.76220157195877,Slightly Drowsy
2935,97.83333333333331,0.217990353524613,0.6919665439205211,0.4576830324195355,24.53624270388626,0.4602546367061985,0.5237909799637126,23.5801589593802,23.404353890340168,2.8007451238009136,0.6449358703488981,0.4653438493398512,81.03107303265179,Drowsy
3983,132.76666666666668,0.1236888970772204,0.4281697347151515,1.2622862103016876,6.626223785723945,0.2636287567546613,2.0980560858789628,36.55512095324024,28.08615970484328,15.381085787998837,17.631412334872152,0.7904024205062309,93.67698305112783,Sleep
84,2.8,0.3594363319940868,0.2766646563664567,0.1883706457731101,15.519741274291349,0.0574643649262543,0.0710713277089894,4.556911680166843,2.485224982245769,3.220895249579316,-2.0530305988221205,0.0426593934829375,8.63246579917685,Alert
3423,114.1,0.1412153708497402,0.4799877514091267,1.082327246302631,9.07292583057972,0.0,2.008498171919833,39.278989781227565,31.71763325440334,21.18959288056496,9.371869212107988,0.8095087126582625,100.0,Sleep
21,0.7,0.3778664641668377,0.2146457182592888,0.2005878057112354,9.968210322025872,0.0311227253684226,0.1017790119393473,4.1435572325487575,2.160700047738657,-3.2332343337879186,-1.4306074185199364,0.0535919549786935,8.130819905653999,Alert
2261,75.36666666666666,0.2286825179903031,0.3736822993734895,0.2132453299922367,22.465572583317087,0.2483443423761268,0.1474512262082735,7.737892271628954,5.542380425887087,4.038105508879209,3.584787290933474,0.1688558518710066,33.49801899981576,Slightly Drowsy
1563,52.1,0.260420077932098,0.3802024583266484,0.3519365991665928,19.015312481005243,0.2037376096211978,0.1720172288568631,8.760209524343086,1.6023248703447202,7.542109489223819,4.158173922868801,0.1913471379879541,42.702096694642336,Slightly Drowsy
974,32.46666666666667,0.3518049638562524,0.3005855042552553,0.1588057349770261,14.080662026928133,0.0142466711744363,0.0763483024317511,5.541391401936539,0.6135168989186206,3.5242854006991147,4.23202411366199,0.0113762333352849,3.42073668883196,Alert
1711,57.03333333333333,0.2587902003763823,0.3697314288958705,0.2483089618331411,20.55781705575277,0.3568574265630962,0.3068862697051205,13.96758748317336,12.46933976830739,5.9128957606504935,2.1556274182451625,0.1480725642441213,36.36230069815903,Slightly Drowsy
3282,109.4,0.2220821376600562,0.5508120170428339,0.3909602312394376,25.85741793398467,0.7147904643140474,0.7582845263569113,21.99884758350061,19.599083793766013,6.600777029901887,7.500330129304213,0.3866289072642755,70.73625678349032,Drowsy
1099,36.63333333333333,0.3619105854461018,0.3054112599730267,0.2177665861722846,14.236703473676824,0.0177113729006224,0.0788426768157131,4.934932815097358,-0.0118795342978446,4.674884870317344,1.5807821530709392,0.0504102499325655,16.328458971104602,Alert
2758,91.93333333333334,0.1974159648437328,0.4965300140538742,0.4153389646338452,19.061444145199943,0.6415844343130788,0.4493369927201207,31.441350935048064,27.292047028296388,8.274324701110043,13.23775918978383,0.3133678277122123,80.13658647986146,Drowsy
887,29.566666666666663,0.3170504726348155,0.2395051240517473,0.1595377560592865,16.880871597404813,0.0306148574159967,0.0828683526136295,1.5272160561806476,-0.6891262089372185,1.009749136377105,-0.9153691233581556,0.0609342542755152,14.545782585868896,Alert
3740,124.66666666666669,0.1438361998120861,0.3656899139933626,0.7405934276878396,7.013295977382496,0.1702255123953585,1.8976531105061627,25.27140721742913,21.01866633149285,9.518484736360188,3.289651897105,0.8819493314472157,100.0,Sleep
3107,103.56666666666666,0.198945883090189,0.4427003235477304,0.4466271951115126,22.73562502150501,0.5471538684955717,0.6272781466459658,27.71290337737833,26.588900330959987,3.472905304334269,6.998165584016289,0.4032632241042303,77.47963246970787,Drowsy
3385,112.83333333333331,0.1930511165188679,0.542901873472587,0.446762793937675,31.350384657925588,0.5691018185419916,0.3590880348886725,15.186838909381844,11.039530987483884,3.4950027808064377,9.826178667114323,0.4789796695065928,87.00635052230575,Drowsy
738,24.6,0.3404691492712204,0.3187371081518515,0.1924435338623772,11.591509147003578,0.0,0.0448626260119699,2.9304225815780574,-1.1724564431362463,-2.666579094107024,-0.3194969959831732,0.0197167156374606,12.555757433323524,Alert
1454,48.46666666666667,0.2428691514271443,0.3253151753767798,0.3151705562066624,19.02109824607965,0.1022219424326437,0.2109805594997313,7.904849565757094,7.843510981818261,-0.974692456755368,4.592381349987175,0.1985795042230893,38.39686445361944,Slightly Drowsy
2611,87.03333333333333,0.2261367847135853,0.516928910585823,0.4212604274513333,26.36936219846193,0.4356704084837283,0.7233974448467163,22.70089345637862,12.967937484705612,15.209825892564638,10.762172523635318,0.4186593815243504,87.17925356458565,Drowsy
3981,132.7,0.1118636880449291,0.4380808678699357,0.9236406056262976,7.654902168098865,0.1525513265709067,1.8030366146389492,42.57159800983862,31.065642196623497,24.360170000597808,15.932637872136407,0.9387335879824078,100.0,Sleep
2127,70.9,0.2336278819118422,0.3050637911609266,0.3069747114259355,21.948755261688387,0.3271012178583856,0.1494769739789631,6.261392020802418,4.97642731928348,3.6311153674903465,1.1203581400751652,0.1802447465656721,42.12339069658808,Slightly Drowsy
907,30.23333333333333,0.3078342202952683,0.2796428039863173,0.1819015017791315,12.179024216895725,0.0134964720728949,0.0940277978761899,5.420701122730232,4.113183242605239,1.811344408658876,3.030636188647604,0.0291645352797679,18.585586998912163,Alert
2416,80.53333333333333,0.2002963092038848,0.5021875419630406,0.3695524636566802,30.72965887694288,0.4393330574399338,0.6017806586977144,34.64277817529754,27.639153864835663,15.87986224215597,13.565737300602596,0.3896696655942477,81.15831060153413,Drowsy
2952,98.4,0.2079160050392268,0.6465751128997044,0.4925796671248967,18.86141678740274,0.6099833932567441,0.4489121857718962,21.97415294928036,16.45115410791861,14.135975121024025,3.520956366339842,0.5209163605239535,74.20012524335748,Drowsy
948,31.6,0.3254351463181751,0.3099216372922741,0.1802818606372754,16.640721209365307,0.0659011102629261,0.0802684097077692,3.618660508354925,1.9667922776024511,-2.86331587887289,1.0138314402726214,0.0391959053092724,9.776797456044122,Alert
2515,83.83333333333333,0.1802129374974592,0.4104977274041425,0.420725054145643,20.88929985898852,0.1565871280820747,0.3115255382831015,19.626523320203468,15.74690425106755,10.641441575747528,4.898483983453782,0.4548492216105181,69.38675675362985,Drowsy
2678,89.26666666666667,0.1877302857697529,0.6104108542966443,0.4957896863165916,31.25492910500059,0.5010649147587288,0.6279922164828575,28.85055972220155,20.60001140337597,13.841107868539364,14.711154252354106,0.4629441932947788,72.2409194906283,Drowsy
716,23.866666666666667,0.2945603805696656,0.3101063923438305,0.20430780133126,11.111370515455851,0.0790032417779003,0.1105362532715453,11.080983833704051,6.756395513073899,8.595636069257887,-1.803985298886395,0.096484408527904,11.667706999713104,Alert
2667,88.9,0.1900889907250318,0.6522848095049362,0.449097575150912,26.31756664169296,0.6154102907693453,0.4704947910190529,28.56431166580373,25.964891824409285,10.04370983344884,6.392823028160403,0.4810794464356928,83.97299888999962,Drowsy
687,22.9,0.3202965669795196,0.2456724197055254,0.2021983215413794,18.199368455553824,0.0636842415860167,0.1183451829685224,4.266691451397471,-1.8139292701527092,-3.4624901543386244,1.710403015496525,0.045285804203065,16.44258338399408,Alert
3433,114.43333333333334,0.1065330099333538,0.3661987773111926,0.9284511185527456,6.933053757932743,0.198970028171908,1.8346207432858137,23.4451612791752,19.40504753684285,5.452674281965848,11.974475382002904,0.9021833158907911,100.0,Sleep
3322,110.73333333333332,0.1878724634016969,0.4220948107224178,0.3314992873059326,25.050184123836036,0.5058626849956439,0.5213563913882329,27.85223034370203,17.7639823962423,20.397931295260587,6.641691307073705,0.4365858118387228,62.27660783176295,Drowsy
3991,133.03333333333333,0.1310325753943592,0.4103538564679435,0.8762819558673994,4.616116942756994,0.2265327545777454,1.9911341321137352,38.35171276237089,32.05323157877004,-1.0203127441350013,21.033382492345275,0.8647175312788791,100.0,Sleep
886,29.53333333333333,0.3164104602821966,0.2946480095704969,0.1651004684361526,16.307612068066906,0.0662437607539466,0.0637169348680479,4.490792290418608,-0.9130049999132216,-4.380907305627668,0.3758835528655129,0.0514494282355947,14.219012863077303,Alert
918,30.6,0.2854557702858074,0.3069517538121155,0.2251844172232484,12.90287502380457,0.0044375396953459,0.0308366113890196,3.247963363795922,-0.451912109156344,-0.3409705274971206,3.1982464816734684,0.0534626738446593,13.21088975313209,Alert
2479,82.63333333333334,0.2250692141375904,0.5044170872596487,0.393496569517486,29.47720170455717,0.4249227720775301,0.4362755471118706,33.45755750862957,25.551645849068635,20.851978169960795,5.631745310870072,0.5147148296941325,79.16612771296231,Drowsy
3331,111.03333333333332,0.2054166398661358,0.6165835713748041,0.4392250905173265,17.807148181424942,0.4813941945613897,0.640572207186793,18.87951749420513,10.808757437315954,14.17530413262232,6.2183354865209095,0.4386857394527541,70.35602130071696,Drowsy
2537,84.56666666666666,0.191355350824565,0.4181619397259175,0.4751570254124352,25.851115661505837,0.6440418338843641,0.5507538630457601,23.268255646568463,21.27406602182411,3.914097719615273,8.573545052919284,0.3910515754831258,66.30527367751318,Drowsy
1266,42.2,0.3100075877291002,0.1780868619348957,0.1366607624079475,15.937340267771186,0.1307679701084506,0.0980535628539849,4.384113440014755,2.809081181282444,-0.0639971448932625,3.365325829296228,0.0829647840391528,9.423558848264706,Alert
484,16.133333333333333,0.3247118940254526,0.2570158729030405,0.1721907287618568,10.22489697003687,0.0411784708337385,0.0761258924039007,4.173797745147952,3.3507198600892383,0.6698427397661116,-2.3967842499040906,0.0616839648808708,12.730508008017196,Alert
3540,118.0,0.1320635720375328,0.434090990856898,0.8361091775593261,3.317592614195349,0.1435411743166498,1.2783357088328713,33.19878321732584,25.459167578929115,15.664279529486452,14.443695514691246,0.8767615508396097,100.0,Sleep
3477,115.9,0.1034274421146786,0.4027428469784124,0.8527988022225232,4.248737677748456,0.2567534886857383,1.7107482578087174,32.48383363947019,27.71495580133354,16.40503119583219,4.237407734768494,0.9583892751906936,100.0,Sleep
278,9.266666666666667,0.3115936315329732,0.2948921476634081,0.2159174077093568,10.570815756923835,0.0216223599028981,0.0742290260824859,5.47977441671668,0.0406161971889291,5.204809727510425,-1.7135441876535855,0.0288890644102626,12.34222007628668,Alert
989,32.96666666666667,0.3022170022363358,0.3008295915069819,0.2189607987298027,14.704795051877625,0.0775485097821907,0.0921947544667341,8.171008748472365,5.547661033393803,-5.848770518178098,1.3344378786090565,0.0596747208780712,7.133030427222023,Alert
2085,69.5,0.2388637048468586,0.3165435378751035,0.3103908343650338,23.297148901817494,0.1568616370568346,0.2202511388595035,8.772693215797384,5.413947372099227,4.25226011795248,5.437610136807168,0.1558503562733494,32.987236703541605,Slightly Drowsy
1246,41.53333333333333,0.3274050110838709,0.3050568645645083,0.2073525037191679,11.595593948066997,0.0673816038901716,0.0662889085703299,3.6034292626134095,-1.7223056401764416,-2.786208946598354,-1.5018007319116364,0.0504319032070501,16.096987354479104,Alert
572,19.066666666666663,0.3246459407225688,0.3121955030584051,0.2105676972026969,12.514472819045832,0.0253542616780422,0.0591960257808905,5.773138351566855,3.7470391757011914,4.346460325013147,-0.6301638558178468,0.0351713887055001,17.8073580217325,Alert
1436,47.86666666666667,0.2442739719421162,0.2881674103910376,0.3020424049686373,17.780461771416856,0.1077391861859793,0.2477042481990926,7.51052494972132,2.8128103527642585,-5.265779427709962,4.557153712403739,0.1678454628207547,38.390450213073535,Slightly Drowsy
994,33.13333333333333,0.3135069707230867,0.2812379995981024,0.1473986756584581,12.071826458306298,0.0298836139984792,0.0590861005824417,4.168468922329111,1.4777051065728206,-1.2210476754203134,3.701562284871467,0.0166805162863907,11.873471972721358,Alert
2995,99.83333333333331,0.1667918641119556,0.3507643175493727,0.4636636719877528,29.269845597254097,0.6420508470527901,0.6763643590368662,26.74143028837426,17.884900079248986,17.059309799968418,10.20854505656714,0.39410923260844,74.3109113350762,Drowsy
2277,75.9,0.2156070571981929,0.32483965599359,0.3155221141618103,20.050254322321884,0.2320388420193158,0.1758776068240817,9.593450879742434,9.236033436100971,2.592996792765324,-0.0797106138762409,0.1692418772840222,51.76936644851517,Slightly Drowsy
586,19.53333333333333,0.311844157388966,0.2329132579404665,0.1715650787260632,15.263342869118372,0.0711135739966234,0.0420065943828223,4.826523709451768,1.679341298790423,-4.150022330914831,1.803457394280548,0.0556829283270699,8.052467538442512,Alert
1350,45.0,0.3401474444250267,0.2789292427519236,0.1867379843012477,17.45856019638994,0.068927863329009,0.0840164857934894,2.15514754533224,-0.3951984491034017,2.013078034166546,0.6602998987838771,0.0656747886740281,11.728208873402592,Alert
1008,33.6,0.2935463392176397,0.2388038928991425,0.2268706352811969,16.222469372959107,0.1192207180731183,0.090799018015102,4.076900719995843,0.9250214784629024,3.970022767469814,-0.0661360027235357,0.044416835405807,11.461021736356878,Alert
675,22.5,0.3772197665220072,0.218286715538378,0.2034608216272238,11.720956744615243,0.0492032641480107,0.0750423976184267,2.4514859069038826,0.9292043555056108,-0.031395387158188,-2.268342290555581,0.191037117183726,3.8458579234975865,Alert
448,14.933333333333334,0.3106091583558616,0.3272889931495351,0.2187823586855461,18.159332080358684,0.0622097250612541,0.0917478339961202,5.783407556223006,5.535468220827725,1.3421818112069268,-1.0024682155804254,0.0310291432694427,13.219629768772938,Alert
3428,114.26666666666668,0.1280105063362827,0.398578196906625,1.2161338586771868,7.741777507093133,0.2553490711607802,1.631735510241711,34.03201804045673,23.47449952342096,19.609976928831323,14.918945300576198,0.9084254240103627,100.0,Sleep
3014,100.46666666666668,0.1867928625494749,0.6686319012973804,0.3851282462364502,24.999740593410465,0.5703938223637356,0.4701048789846939,24.848028842917824,22.375122509967795,5.255187266456923,9.442533390826725,0.4599137724097554,88.58268308804475,Drowsy
2065,68.83333333333333,0.2768491977881342,0.4185498246602133,0.2315884354307848,24.207328934606856,0.1965568054210728,0.1757367192352374,4.7863780909725255,0.3898328359879812,-0.0432546844692671,4.770280350461473,0.2125536507704222,39.02821244884199,Slightly Drowsy
3182,106.06666666666666,0.1904442680699785,0.6303954112871135,0.5950594103461349,33.89518542995562,0.7042342254854054,0.465043964632526,15.024775160536146,13.89305313225496,2.0571421764027527,5.338081055498277,0.5039868448387816,87.67900698203354,Drowsy
2727,90.9,0.1929071488628513,0.5657995796791646,0.5231004258564964,35.21333956114749,0.5237754095197342,0.7324889151923237,22.727890650083523,22.383534173806236,2.6079492761609417,2.9551669775453,0.3995898504578131,85.88222051296987,Drowsy
1691,56.36666666666667,0.2941669652867974,0.2644517032203897,0.2743593712604123,23.666927560397944,0.2026919966828425,0.2152768668001204,5.441234680819144,4.48688421239704,1.601112616274476,2.6289433821020003,0.1348044764838899,38.74753757124503,Slightly Drowsy
3320,110.66666666666669,0.1955979164215458,0.5234437258949919,0.63852742907203,28.371882015917187,0.6216490830337065,0.347883824003448,19.14436538508517,13.863215509226594,13.112608267786747,1.5419099059144363,0.4784579183567076,70.39745855166818,Drowsy
1248,41.6,0.3405227130292277,0.280191024549846,0.1341725717593272,17.023422945836906,0.0233494645455683,0.0709329309979882,8.196923479399176,7.780110140898827,-2.110909332327689,1.4844199248530008,0.0512418452416523,13.777891656542156,Alert
1986,66.2,0.2335599495977018,0.340605308753289,0.2947757944407977,24.386934092629264,0.2873410792733315,0.2209681029218871,2.619750605090074,0.1604741588490572,-0.2292183501252536,2.604764907852022,0.1858911942306991,45.12801646443428,Slightly Drowsy
295,9.833333333333334,0.2879886107249383,0.2866317937427378,0.2102233191958559,10.862693329994269,0.0573884189912433,0.0987583107502131,9.450528473602146,2.031248304768126,8.605209167000305,-3.3371985177563905,0.0611745705976775,11.502913669781917,Alert
1548,51.6,0.2597704027694801,0.368607933480322,0.2861505531817883,25.05145599455932,0.2039437940173727,0.2192091704762281,10.408298810865622,9.505526203499016,1.982539198477573,3.747958652034496,0.1699684957115747,39.86902334439205,Slightly Drowsy
2013,67.1,0.2684859386461622,0.2949644099704008,0.305543386642342,19.73104256039568,0.2381267317586714,0.2362937178424407,7.616968824325638,7.536974184263715,-0.7984838065627198,0.75806188873212,0.1508536343586487,28.469126941108925,Slightly Drowsy
589,19.633333333333333,0.3332670780752512,0.2567797344973179,0.1811272457800759,13.213272928029768,0.0551747202681527,0.03238521788953,3.787380130024597,-2.574204538020207,1.8479010181405149,2.0743628112981005,0.0217902659293695,9.852130844691718,Alert
2130,71.0,0.2392759143891967,0.4598922386813572,0.3403880727675059,19.32390745305605,0.211121054484718,0.2131471296939233,14.021471098629862,7.712811479541624,11.25869379085115,3.218074731048551,0.1894893950252406,45.43340274737828,Slightly Drowsy
3082,102.73333333333332,0.1712314575290169,0.4484760571362235,0.3805645148247816,34.483284214119855,0.7007537483036388,0.4874963022214385,19.80833549491607,14.767098900963353,10.268150695973702,8.29867618437384,0.3726371849473902,72.58169564072944,Drowsy
426,14.2,0.2959337247020256,0.3042469161147101,0.2131749919888413,16.153591314082014,0.0600526659295241,0.075373981141406,4.66316288510011,0.5589510591628903,4.413104072451311,-1.3989904403352864,0.0192586785286,14.313722414290954,Alert
1055,35.166666666666664,0.3203143942400078,0.3103588072549292,0.1308959440706762,20.308433328498893,0.0263914155119804,0.0775900517220128,10.659546637155405,-2.6398332179710917,1.4588619142226842,-2.2126883141542177,0.0420331152313205,9.218528981172527,Alert
3917,130.56666666666666,0.1530100131727113,0.4714922582755672,0.9416228880781136,5.043564262121796,0.1473041980636238,2.193862760355981,40.66965433318064,36.92486237195303,-4.16645374862717,16.529246369791842,0.6605590040378382,100.0,Sleep
557,18.566666666666663,0.3405587617723938,0.2507056875946145,0.1965589277799548,13.139754929344168,0.0454211051280454,0.0829551181480025,3.1265144955132,0.0954383208528781,0.6311013406226608,3.060669128708822,0.0244381042833457,15.720223791808047,Alert
3037,101.23333333333332,0.1836806210462832,0.4338309575691969,0.4102462526440752,23.707990540890847,0.4770624445576186,0.5398104373880422,21.412345088376615,17.87349205718521,6.277712347693154,9.98083821856082,0.4267695539496131,76.50764498293763,Drowsy
2593,86.43333333333334,0.1997963014990555,0.5500261960862199,0.4604021450783364,41.56206977223098,0.4742657951447881,0.6320664226956694,24.209869719147875,20.616162261046885,5.928166043994483,11.22267761272372,0.4284975344148438,81.8750546617288,Drowsy
3564,118.8,0.1288287685342639,0.3253362489257416,1.0919066705546707,5.572484846001656,0.1827446584803573,1.7967053931738726,33.074912183093595,30.820164537877567,7.79192900901204,9.129792773991312,0.8376985063712891,100.0,Sleep
3561,118.7,0.1519335847986273,0.4386308287148656,0.8279123991726933,7.237751032989781,0.1722873867869612,1.5599164760752564,41.68408015297423,30.808125556085056,20.008692882041625,19.699597637317783,1.0,100.0,Sleep
3145,104.83333333333331,0.184260658032357,0.482432564789615,0.4084232536918984,25.148373528811497,0.5130451518232199,0.5435226667938928,25.20740935212206,21.81929817590484,8.5302842080774,9.304083226510375,0.4405271918433976,79.5593446891644,Drowsy
1194,39.8,0.3193825589228752,0.2922411735336794,0.1058801015136179,17.429845700042602,0.0302200810474009,0.0533650503120364,4.986678420620917,4.352666378629827,-0.0708539382553689,2.4323315535645085,0.0487590452595951,12.072944474952145,Alert
1717,57.23333333333333,0.2393429691827963,0.3033496717109301,0.307768441717809,16.93014170288205,0.0955590049933622,0.157491988978884,5.998214713707882,5.545923309364377,-1.34532755686178,-1.8469997734539447,0.134582232226515,43.60726593772958,Slightly Drowsy
2721,90.7,0.1951324959176827,0.4382685111012896,0.4124805088042725,27.516318770549677,0.4894403951002231,0.8101834187838162,33.199669410259965,20.56137670788865,22.006136433156016,13.97060471533602,0.395252770658473,75.15187123747727,Drowsy
3627,120.9,0.1466061919108456,0.3384751261329213,1.128003121584195,5.393396355601253,0.264449564338195,1.6106818487107557,38.75433859833176,34.78040761073456,14.29896873940124,9.368110781525283,0.7367228437893476,100.0,Sleep
3948,131.6,0.0973844883182933,0.3746895079687796,0.767608631246322,5.342957364999574,0.2738678892254034,2.427130774735118,34.63538498556956,33.33403794912339,2.83766270586494,8.966575571128706,0.8628043969706622,100.0,Sleep
2474,82.46666666666667,0.1651917209545686,0.6174353695020213,0.3932761099583508,28.070630259741208,0.6703091680689613,0.6870850755499421,22.12290844411134,17.854268242547146,12.305424617628136,4.384599015825357,0.5578361340105273,76.21637732213799,Drowsy
1286,42.86666666666667,0.3340954139846626,0.2954798573415608,0.1540410217459544,8.020045276109649,0.0638784118753792,0.0769500064338016,2.366611513217636,0.5833235175963993,2.2918360911463984,-0.0898390763088662,0.013616098944644,3.523320159651697,Alert
2508,83.6,0.1982049437416562,0.482163661301258,0.6086542758487185,34.61476490285878,0.6775656980779396,0.4009688977845842,28.075905498260408,22.320785561420266,11.126000050851625,12.893840558064582,0.4625676566588858,75.8859102170358,Drowsy
3824,127.46666666666668,0.1450333252181251,0.4155908829285084,0.958895575533033,7.130582089773011,0.1321404055903176,2.1654613253628945,44.15739187243882,38.75667377318381,4.92672213098075,20.579672107670632,1.0,100.0,Sleep
3210,107.0,0.2079055758755165,0.5871143081398869,0.3871509605445042,26.523592457465348,0.4896467395671576,0.5872440712810828,20.085451183290388,17.355777552910784,5.509610356318115,8.47623315463724,0.4637731258190972,88.84594869697546,Drowsy
2088,69.6,0.2356415609810283,0.3391922601443524,0.199602829421257,24.504174511240617,0.1901691166418469,0.1891070156002095,8.639640666941695,6.059659842568355,4.056319193858337,4.633593426680166,0.191037117183726,32.2761500915718,Slightly Drowsy
1890,63.0,0.2781419857832222,0.4091219415364454,0.2596362139770597,20.483255955902766,0.2453793365445523,0.2374107502097679,6.184612436813247,5.13401956291084,3.0625359131222494,1.5849756786999416,0.1267460223449914,38.532873513026566,Slightly Drowsy
1592,53.06666666666667,0.2563964612522813,0.4369423645234672,0.316450491321513,20.1679164955794,0.3034518460017017,0.2105546408361178,9.54646886714489,5.618621019688238,5.113542781283531,5.780817060975657,0.191037117183726,51.86177726757318,Slightly Drowsy
3547,118.23333333333332,0.1383872715051735,0.4029271955467189,0.862023100573312,7.530379857529295,0.1203404150730258,2.255536711378796,30.687520140856808,25.14565056886927,10.322986545525731,14.242756005938991,0.9177840384459386,100.0,Sleep
2163,72.1,0.2498522226023935,0.4006920285325344,0.2472525982715521,15.805380324382975,0.1221314064452722,0.2427567366095213,7.8060707786124865,6.459044130392911,4.36824918218625,0.3659084648840323,0.1826221490060111,34.58989240050676,Slightly Drowsy
2412,80.4,0.2034394478593805,0.7777224292510768,0.4722984028359359,28.62791861087368,0.5424361091157649,0.4157909095234983,21.665181134744127,18.42912920006504,10.617296056820637,4.125566018185131,0.3569278069900145,72.55229277391285,Drowsy
2272,75.73333333333333,0.2451397573874834,0.4455329336295492,0.2533865678626624,26.72104664692058,0.2939946594102433,0.2708352883064176,11.212659185776776,7.609196137700573,0.8456571522880405,8.191991463323866,0.1666119412809454,36.06233019939418,Slightly Drowsy
3238,107.93333333333334,0.1972557369762389,0.557598818952546,0.3934052520559723,31.34049820086358,0.6576822042785988,0.5763565524899857,24.193311538541412,20.069910757702004,1.2830269697875425,13.44874890737411,0.4336072508360472,69.25621722720558,Drowsy
1138,37.93333333333333,0.3089195326893076,0.2266034774484164,0.1965637375418952,12.04898848517843,0.0547007047663238,0.0729156276816671,4.124203265531879,4.095443048998594,-0.4717091760856565,-0.1178527090461032,0.0497149429491091,20.246115589171318,Alert
2895,96.5,0.2458168901914733,0.5439807503147885,0.3918946310550479,25.050920942731427,0.6436907202865725,0.4071518873353223,21.03574150858928,20.25291490732115,5.6570948341033445,0.5649217741919692,0.3713949448160483,74.93534623668536,Drowsy
3784,126.13333333333334,0.1260458189977929,0.3832539437509627,0.8895275142042192,1.4018093015690205,0.137654583410355,1.7834549322844282,48.792232895575474,42.334021017132685,14.187731041263069,19.677930362663304,0.8159440233315141,100.0,Sleep
3804,126.8,0.1283827751954682,0.4224886433074388,0.9512742526065008,5.087258418415924,0.0914718816658571,1.3510218359646398,42.986548652365975,36.017475270274915,19.11524096481404,13.608541547662528,0.6880587669434527,100.0,Sleep
1712,57.06666666666667,0.2389346468262647,0.4675582020712884,0.3522512918553039,24.61197436477388,0.1231509458869739,0.2357222370684414,8.549726681054256,6.164840400212881,-4.612037754576486,3.7177515935031487,0.1463234783666377,35.90771208489377,Slightly Drowsy
3321,110.7,0.1813906764208014,0.4671163746371773,0.5569277200701053,29.50038064670625,0.440747634669889,0.6275339852308108,26.270690146350223,22.14869172045936,7.712151395184156,11.836694500381295,0.5104724744918765,82.41337415021131,Drowsy
454,15.133333333333333,0.31631986803286,0.2997694825510043,0.2290739341840744,13.447393841157371,0.0527747921063227,0.0838519383746261,10.257564028506168,7.980274088184982,-6.298068793257077,1.366446029577616,0.0377039550248187,14.660442332295544,Alert
914,30.466666666666665,0.3231096191726929,0.251009718387806,0.1836059567623816,15.1270308408295,0.0583874425429795,0.0891508386800956,6.276329129352172,3.0843690233713383,-5.315690046739331,1.2737403167908063,0.0265797030867509,7.111048919746299,Alert
2687,89.56666666666666,0.1542052168322839,0.6437264389275686,0.4070772510118719,32.72553039619617,0.4586815851627184,0.5621779127460539,29.079263437507432,22.274159737443476,16.422105706431232,8.931954669925696,0.45282673670593,81.328617062037,Drowsy
1200,40.0,0.3196534466373932,0.2497176831151714,0.1569523403882469,12.705081751958726,0.0,0.0599306914840141,4.554501877642047,-1.7061912884091064,4.03762500953315,1.236924784776437,0.0557194819773092,13.683264339576686,Alert
1275,42.5,0.3114692194744144,0.2777687527412288,0.2076926187735038,15.126926042965664,0.0333473897062388,0.0773336838696378,3.482651831084771,1.20234270053825,-2.7439612059771896,-1.7759258732032432,0.0605576778286681,4.560241344542775,Alert
38,1.2666666666666666,0.3164405128744676,0.2842103471099165,0.1954331650217624,15.779037195222225,0.0050143163264852,0.0493177165852875,5.496767496105029,5.1941920547462725,0.996942035938775,-1.4969730731131072,0.0710230395104504,12.831875770304409,Alert
975,32.5,0.3138706894537154,0.2268554505409961,0.1813863481101275,15.872340284514816,0.109765675890673,0.0840278911743056,6.12620871202676,1.5171119378760525,-5.935154749719253,0.0523702983715968,0.0414257452109892,13.995107639823738,Alert
984,32.8,0.3253731491194176,0.2639090511727937,0.1698273511641951,14.240023169992623,0.0580829802464525,0.0799159616921768,6.934030476390556,6.26340589128271,-2.972210756223853,-0.1284075899054271,0.0085274195576603,13.166500762283048,Alert
2680,89.33333333333333,0.1794371235492901,0.5564921437925071,0.4994280031476329,28.80104736666658,0.6829408360032327,0.5209961456110818,15.652861819474964,6.728211634477628,11.12030536460942,8.722503077620319,0.4617830547693048,82.63646912748294,Drowsy
1419,47.3,0.2711208321291711,0.2845224188765022,0.2892213466884536,19.288605798176544,0.3714168827571349,0.2575839170972054,6.679738693922964,4.403627754043846,3.490569327515553,3.611495174123044,0.2145365628624644,40.26428531532825,Slightly Drowsy
1561,52.03333333333333,0.2751045249326916,0.4584327050192291,0.2879751968261603,19.040300292037085,0.1563419167491045,0.1926763686155486,8.94312545185091,3.3945726314612856,-0.715765608429515,8.242818030932568,0.1921045410378501,35.603031197077165,Slightly Drowsy
40,1.3333333333333333,0.2760315128394222,0.2385859520566979,0.1188230346671969,13.326482913888606,0.0787016902318385,0.1100471410419205,6.022082532611755,2.185236951049438,4.885846636713875,-2.7602029164297828,0.0059323512128969,11.29033406921555,Alert
1487,49.56666666666667,0.250033117112439,0.377601241439464,0.2802861302438995,24.24568831354423,0.0,0.1432069874616972,9.58082619104852,8.459781743030256,-4.174153415584943,1.6735491108819769,0.177826366358534,35.7931422825088,Slightly Drowsy
3514,117.13333333333334,0.1307683163822183,0.410525677767696,1.1732421785809268,7.537560451576798,0.149980065966546,1.564942762718842,51.12113506890786,47.605286729435264,8.47688675362705,16.590645469901357,0.8907991509894103,100.0,Sleep
170,5.666666666666667,0.3265080459692805,0.2752991940485308,0.2043242481947934,15.983721801380533,0.0,0.106086804857563,4.395742317541911,-2.1562299700891856,3.097638613024972,2.2534102736551667,0.018180671395696,9.337358167618111,Alert
1356,45.2,0.3483239041201534,0.2978523307609873,0.203787161155116,17.226063311542156,0.0169914849781713,0.0728321103394395,9.81536789339218,-2.737085918955527,9.42126873030671,-0.2991706306347523,0.0607745579982982,6.334062831589303,Alert
2404,80.13333333333334,0.1913972911620101,0.4872336014854332,0.3721906360258212,31.39254836773136,0.5270314460459181,0.5182330586205348,20.607807280275143,18.54918464602037,8.978277245549197,3.289651897105,0.4056423071915849,81.33441745128724,Drowsy
3616,120.53333333333332,0.1466183359233295,0.3026720891557349,1.1597744649204988,8.434368465723155,0.1817599059209516,1.941765871896039,34.55410518683911,28.78939840318361,14.294116223347,12.68207263184368,0.8525310462063338,100.0,Sleep
2632,87.73333333333333,0.1723527686280428,0.5331459963672784,0.3091600022325723,25.677348087887843,0.5576218669272279,0.6267030794484572,22.615603028763203,13.00420028274012,12.242104860820612,13.873973617448511,0.3951479293999064,63.959436703026526,Drowsy
2644,88.13333333333334,0.1894953685923887,0.4264313508190996,0.4987538077541749,30.05980319156368,0.4848908906888991,0.5600225229569568,25.12276757030301,20.210799944258863,11.222073046310898,9.835755819858322,0.4045999596908018,78.6169887063675,Drowsy
1641,54.7,0.2644122109735786,0.2457457752665324,0.227176148410136,26.52343125664055,0.1821064580641667,0.1255114669420461,5.245495909109664,4.553968368453022,0.3063981098996771,3.289651897105,0.1651699606476941,40.54411800549524,Slightly Drowsy
1291,43.03333333333333,0.3555067771316865,0.286547412829181,0.1703243364267883,16.795421370934935,0.004795334705242,0.0754930373257398,2.700024473058302,2.344396012935093,-1.3241325098838874,0.2015256458031975,0.0362461213715646,5.838211470958068,Alert
1381,46.03333333333333,0.3100167494274947,0.2114286436942408,0.1682609068817862,11.583163675308242,0.0387522395121028,0.0748183188183873,5.4372552031386,4.9935579995122685,2.0858781799931565,0.5265309751507932,0.0399410917733481,7.490343905303977,Alert
1934,64.46666666666667,0.2273005167020148,0.323359341944815,0.3063783409775742,27.769444126930704,0.2604369371096771,0.2522344434474725,12.913868609449509,10.409414638817942,7.332521313593378,2.15550934235668,0.1856364351354778,38.4219823366084,Slightly Drowsy
580,19.33333333333333,0.3093298951266185,0.2709371421197563,0.1743642179697384,16.797236494826674,0.1009771370675032,0.0765665269215043,4.867696489562374,4.746212190129547,1.0729840998932685,0.1290119457251434,0.191037117183726,12.474984792972442,Alert
2031,67.7,0.2325243422578335,0.3411469591408977,0.2253224336567156,22.020024483846928,0.2189929559208752,0.1598356237117552,14.463874388482292,13.790890027186691,4.254053045121835,3.289651897105,0.1148184280013913,40.982470676757416,Slightly Drowsy
893,29.766666666666666,0.3296303163064839,0.3192239997247909,0.1760016385431253,14.51371606890005,0.0545723501223699,0.0800360701271282,3.4539326715812035,-0.7233565942802658,3.3253338051686785,0.590390736317672,0.0478976298000515,8.389679590642247,Alert
781,26.03333333333333,0.3243486802103203,0.2583638735264941,0.131424808304524,15.574348786021844,0.0393631970321779,0.0911374944473629,9.358766862159833,6.660121326029396,-6.424292640959115,-1.3992016174047277,0.0358124877337617,17.790471632477068,Alert
160,5.333333333333333,0.3450261523141785,0.1853868697450267,0.2003362595859272,12.36481079218144,0.0,0.0902240519904996,10.659546637155405,5.434146362907394,-0.4123455438830756,1.9057490944058777,0.0722455651597729,16.942253232436364,Alert
3,0.1,0.3216882051171981,0.230133813482529,0.1636685182642445,14.277306474274663,0.0039602569031078,0.0875139603669134,1.5691961020062284,0.4984032752029876,-0.8750812493798303,-1.2034132244587938,0.0770455636901787,11.59347049194541,Alert
2741,91.36666666666666,0.2089206147835959,0.4644140613245576,0.4353849270283443,22.895862835797733,0.4190031942637322,0.390894599937607,27.82521483955485,21.83756951100356,17.232069816560085,-0.6472314552537046,0.5686813861306055,76.68721854430255,Drowsy
3830,127.66666666666669,0.1461478541716983,0.4088872570287155,0.6904968757290733,2.6712642607108537,0.2417831977735769,2.178919281188198,37.58401240893076,34.13413697414228,8.258111019057262,13.387392732794506,0.8180908438815293,100.0,Sleep
850,28.33333333333333,0.3205305662708564,0.2472892136785535,0.1823275616845917,17.491900443496228,0.067798732615047,0.0806212685279786,2.4041086028617427,1.5955817970858277,0.9926010852190535,1.49953325697837,0.052184776617795,10.276148036824534,Alert
2418,80.6,0.1702099928049168,0.5767787889065603,0.4658462641988047,19.044474682379796,0.4437495572686027,0.3669847786883149,21.455185741925906,14.368223490385466,13.295302507990886,8.78146230259443,0.4518580056415484,68.44937964502782,Drowsy
1597,53.23333333333333,0.2578581471802878,0.3587914286820896,0.3007774649276695,17.93992866319849,0.3325058006242846,0.2769938198049408,15.582924212974088,7.843510981818261,13.692424522454216,2.002430171125199,0.1960172797542512,49.24908579037349,Slightly Drowsy
1777,59.23333333333333,0.2340755175445236,0.3253151016191666,0.271135864392694,28.0578531756566,0.1466946226764299,0.2663708265687676,12.423060500452449,9.970928785928326,5.585086254344344,4.870300080629687,0.1805462265534983,48.52282713504802,Slightly Drowsy
1914,63.8,0.2426725430546707,0.3014998156780069,0.3071185315839734,21.81696001850148,0.1753297224613082,0.1555858335623329,12.190143535740129,2.9386945781638723,11.74365620288965,1.431856342846076,0.204421135768373,41.13000636885385,Slightly Drowsy
1044,34.8,0.3159589051380347,0.2637459376506531,0.2227169681174055,16.927797661843925,0.0543010000172319,0.0544252829036148,1.2602231356007665,-1.0647306585998644,0.0453697847536609,0.6726459386425616,0.0325075436134789,9.338982480594852,Alert
1545,51.5,0.2330953978912629,0.3675433814255781,0.2874351153448907,24.226631710394127,0.2206065399368349,0.1479705971845065,15.104950278951447,12.064516161547711,9.087673213689463,-0.1454932250673146,0.1933082117749673,37.789941146444136,Slightly Drowsy
3067,102.23333333333332,0.2131704179713354,0.6787993202710096,0.509464342353233,32.45108570560041,0.4878603513199823,0.6046928011110375,24.20301945862129,17.954656849289197,11.111887096532918,11.829725841818089,0.5222841194453065,74.22864540949674,Drowsy
54,1.8,0.3767673214451099,0.2863653189270473,0.18744661758901,12.85159775114939,0.0160062252214083,0.0966067163308849,0.9891313384186972,-0.1402095647721681,0.2146987116581774,3.289651897105,0.0495795965149278,12.484111452894211,Alert
3877,129.23333333333332,0.1167715981363933,0.3275953401114654,0.8778554880063818,3.343123504891452,0.1033217474380557,2.0498071121605768,50.40139807409988,39.46476646266704,28.528064679744244,12.999333117485635,0.9460085459169342,100.0,Sleep
1912,63.73333333333333,0.1990798987075706,0.3748386253542117,0.3119427250699373,18.187714278443583,0.1992968382301778,0.1894520373650768,9.81461213249149,7.365002127812696,1.8212148515211504,6.226277494069984,0.1859187552253105,35.85314038515637,Slightly Drowsy
2841,94.7,0.2117485553628284,0.5281619744469795,0.4502319647072784,30.648753307147807,0.7595326384140789,0.5803641800406099,18.296705939735507,11.216315086454795,8.877444922424655,11.408536092585926,0.5019530377841583,79.99875393445149,Drowsy
3850,128.33333333333334,0.1143976090877735,0.4152044887416077,0.7984429242180393,5.5013454866210525,0.0147342005723782,1.9894431940482933,39.45032313811642,33.761871618305705,12.708017877604856,15.967789519946782,0.9136592807039674,100.0,Sleep
2719,90.63333333333334,0.1868966864348638,0.5174728691882202,0.4462482730732968,26.391547708761948,0.7082513169806968,0.5423172298988534,11.809384141890495,9.907261675958155,6.201917066117417,1.6863998932124795,0.4240162849314661,79.28092759334821,Drowsy
825,27.5,0.3314088993283174,0.2671523873893636,0.1531024337805842,15.433618733388498,0.1096669543520723,0.0944965874697166,5.585976576649406,4.3074439128510775,-1.561891819686897,-3.195239458336913,0.0698027504419968,20.281322195644396,Alert
3596,119.86666666666666,0.1267725869020746,0.3709824992887588,1.1024045590406766,6.5472989050820285,0.0579292143409163,1.7701571657785926,35.41775361696217,26.500723820574684,17.647181702789457,15.514699036919664,0.940424864826959,100.0,Sleep
1390,46.333333333333336,0.326012191236694,0.2899128735513752,0.1512321519685615,15.685360012799972,0.0786504998587411,0.0548970186558968,3.9515159187828655,-1.6650955036221804,-0.0003950586808135,3.583564547226718,0.0739948548439728,13.918523277733046,Alert
3292,109.73333333333332,0.1800040389686709,0.4772969544810481,0.4614767723148024,25.99789622875519,0.4914565893652026,0.5209105555276532,34.881482784099774,25.497363397759408,22.98253301410482,6.19721528072324,0.463525194174787,70.49249500428317,Drowsy
2514,83.8,0.2446494854373704,0.4555862276305833,0.4897335382581119,20.876688652533613,0.457964607186155,0.5789715023236136,13.44163607513554,11.979244620386943,6.038137566032888,-0.846270308458255,0.4824064654581076,70.23666482599673,Drowsy
1608,53.6,0.2565334184308434,0.3132282297270646,0.2724960471489264,23.725324336634397,0.1739662982901735,0.2523595763891645,9.832534311842856,1.711764033640521,8.491084960933367,4.652963687040012,0.1572468564977363,33.961067360150004,Slightly Drowsy
1595,53.16666666666666,0.2283105875284243,0.3597334713336937,0.3134387969708911,25.48256152865561,0.236863107860912,0.1842643024817706,12.608743647667849,10.138477224290462,1.3225350435249863,7.378522684372277,0.1766131641000134,31.76440785463449,Slightly Drowsy
772,25.73333333333333,0.3191879741039476,0.3469440847024879,0.1402546265720178,18.95926033869688,0.0802870728440809,0.0883419064884649,2.289675179229427,-0.4615842175448885,1.7134237261142211,-1.4469732448396,0.0653332250639682,8.154142343135119,Alert
2274,75.8,0.2499494667830442,0.3845420812746472,0.2749535148408464,23.46918670580596,0.1330664977261562,0.1758442539541718,7.830231639831856,4.429878238541086,1.7394745128303746,6.217952616765228,0.2090415517244144,34.24497930110106,Slightly Drowsy
1869,62.3,0.2472316429532005,0.3144101059169661,0.2775652649031919,22.844435813429367,0.2321731645258236,0.2072113909196094,10.659546637155405,6.184657452930132,3.771680387216409,1.61588378862302,0.1925289596402625,39.06118336017014,Slightly Drowsy
1086,36.2,0.3265296135319907,0.3077110845903053,0.1628429145057022,12.397220864618076,0.1163547877782132,0.0996918578979159,4.7156191886433625,3.976680796726821,2.3618288793687423,0.9191509766221309,0.0803555162635012,12.55317496451192,Alert
2729,90.96666666666668,0.2013747605966462,0.5137792875553501,0.4311493341892194,20.24765503905578,0.4116719018632432,0.5097060150860727,14.295790751720356,2.5338716252741875,4.120935210869343,2.5092836011557216,0.4880786693285596,78.53448424011296,Drowsy
1326,44.2,0.3245646951053584,0.2725639446238005,0.1875129084900313,15.700717914294392,0.0036826520107477,0.0787120491875058,6.395502682219248,-6.323759493770323,0.7419999050475714,-0.6016282607496846,0.0203310047304405,11.850113949389604,Alert
1464,48.8,0.2834018780116618,0.3967467987127158,0.2436663499316806,22.107970334687277,0.398154330697873,0.1502974398880117,10.410053171579568,8.84894478620287,2.7090217891066306,4.76724072729628,0.2306909458527352,38.84090037434972,Slightly Drowsy
807,26.9,0.326949561005473,0.2503384138302227,0.1813365649671345,10.584714797665788,0.0923184285535517,0.0816368866905907,2.744182498102569,-2.42039227938308,-0.902023081331048,0.9266030204684615,0.0333390475804895,9.87386394321322,Alert
3512,117.06666666666666,0.1494570168220476,0.34635607982864,0.6883267912305814,4.074816378647185,0.0923158722342658,2.200479551602892,28.03192347573132,19.19070955946285,4.627656027754728,19.90201497442867,0.814021376353719,100.0,Sleep
4000,133.33333333333334,0.1129452450994278,0.3865566205850312,1.0921478800572657,8.943285406106227,0.2293405215050795,2.343292720024203,38.77072929035495,31.183393171542427,9.648884464421844,20.92043184561991,0.9590803215758033,100.0,Sleep
2109,70.3,0.2446354012932042,0.5099367052751232,0.3297241431139318,18.67752172652993,0.2596939242960038,0.2026345226527903,6.965574946896897,4.281507681992061,-0.2796365726648355,5.487233337220948,0.1560821814150346,40.22031476815722,Slightly Drowsy
2845,94.83333333333331,0.1914692142892073,0.5630267730386104,0.4937983959776168,29.08485999639649,0.6041255850594579,0.5390967324600476,21.72134713406041,15.823406492171816,12.820712096737408,7.554208736487261,0.4348683152520099,78.24861871074471,Drowsy
3954,131.8,0.1496366128127954,0.3728020100534872,0.7381359298325084,5.706519244593531,0.030775545188436,1.6888007669232423,44.84952287059823,27.685230393479628,26.717989605355037,23.046838204586884,0.8568318226460048,100.0,Sleep
2235,74.5,0.2603906086503191,0.3467825290568117,0.300656237935646,21.70109387126106,0.2809094605752144,0.2289192205239129,12.958341582277235,9.835797413058517,3.178729420791648,7.814818301255653,0.1993564776951789,42.361696615260136,Slightly Drowsy
964,32.13333333333333,0.3408833358841209,0.2917626394376871,0.1950033848886259,15.248897270623006,0.0853776974952695,0.0857630008308051,4.783491627598652,2.897120181697297,3.5664187235794698,-1.3300918360062242,0.0228851484009698,6.756623615547473,Alert
399,13.3,0.3273819985155217,0.252822530082745,0.1847138375697282,14.440474556256731,0.0233260513219374,0.0839583333468415,1.8939804774850988,0.4813192809492319,-1.2130859780700682,-1.372558271510169,0.0113465742052069,11.64000021329808,Alert
3770,125.66666666666669,0.147727488357294,0.3878092312902014,0.9220424988950304,9.037864629304012,0.2122310700955924,1.503935172105518,34.63036298011207,25.292626134754517,11.27242778528694,20.796092786082205,0.9678757981253276,100.0,Sleep
705,23.5,0.3296427710132863,0.2516538465318707,0.2225710683410179,14.733380090807458,0.0791927744907052,0.1078384177535983,2.783987499216181,2.054722052912087,0.950856020952346,1.620054477012233,0.0255027783239989,11.547833704468266,Alert
432,14.4,0.3323951255256893,0.2800566660974929,0.1924431867236637,18.01084777077149,0.0385962297183194,0.0827729036742016,2.708291021551097,-0.7153157479535244,-2.604782884794997,0.1956265861866147,0.0620786709340381,10.515254163820687,Alert
293,9.766666666666667,0.3616806027887784,0.333313351759929,0.2020686599173723,18.45449727192765,0.0,0.0695110372747469,3.02028711998066,0.1617413482951193,2.16443797127203,-2.100281479204291,0.0551499029867497,17.07293967717328,Alert
3914,130.46666666666667,0.1298207781639331,0.4271823312068043,0.9393851008086122,7.223544570150734,0.040570789251661,1.7909029584735734,47.18347376895688,37.47579709749961,23.877611180548985,15.86519817472835,0.8420691896905882,100.0,Sleep
146,4.866666666666666,0.2947567323822516,0.3016703991351819,0.2417248640913509,14.05198426918852,0.0208798823508346,0.0763420711779032,5.989432813833513,5.437191047870462,-1.9378925373736056,-1.5983840133005072,0.0303451295563593,8.43415410393369,Alert
3373,112.43333333333334,0.1876595070676464,0.5009864722436375,0.4751697810177401,30.255997259864643,0.2347196272340092,0.5263080435823937,26.16000969383622,15.570619393071704,18.28622994221495,10.368978416321728,0.4271845734317337,76.64832974534029,Drowsy
2034,67.8,0.2310176474344002,0.3260032027620792,0.2349146966527263,17.25890118624575,0.1167695879324871,0.2129357542026275,9.912021234892949,7.17531551999779,6.223425806207425,2.8340754019748644,0.1277328267742083,42.9933801950387,Slightly Drowsy
2814,93.8,0.211158488849674,0.402853424340192,0.4701218682354691,23.67658001047876,0.4563079755704738,0.5900641589041066,31.18088897931565,28.867414149722386,4.533898060074406,10.879522334628003,0.4181101335936928,72.31963777823515,Drowsy
1166,38.86666666666667,0.3046394118888039,0.2833731993089913,0.1964261946050716,11.179121656223057,0.1005415604318603,0.1086317781042822,1.4229990077174857,0.1930493613887656,0.5810100550445061,1.284556513342063,0.0290877168734249,13.46638818906003,Alert
2051,68.36666666666666,0.244655759526107,0.3250009549898314,0.3114950055289597,19.280530759072597,0.1634665928076219,0.2028820340074662,13.450301553716908,11.810090672289835,4.771136310897193,4.320720831186669,0.1680942985601401,40.308773005312645,Slightly Drowsy
3071,102.36666666666666,0.1896317484190443,0.5648412063554482,0.3714187506827224,22.36456120190227,0.406935933596113,0.6015804387813817,23.94041248204023,16.16879992288731,17.09464978655768,4.4143184682134535,0.2679819812432306,72.93891601752341,Drowsy
340,11.333333333333334,0.2446494854373704,0.3100304968355751,0.1551541118110429,8.953780339028405,0.0558025498383752,0.0958635137643735,2.2047114124936997,1.6948571696968069,-1.3735451585474676,-0.3187244642918131,0.0325883447519843,6.806561973500506,Alert
2431,81.03333333333333,0.2047649216260424,0.5483892619346091,0.5140609436253323,27.32094968624878,0.5143190145861374,0.5270500616218401,26.20007454715119,13.406366824972771,18.681459668922745,12.558515018463046,0.3550879119729367,79.87297973269919,Drowsy
266,8.866666666666667,0.3662152208324103,0.2738552619075274,0.2000596441427372,14.245168848847362,0.1018348712745205,0.0656233522478254,3.908535873889004,3.862513282193203,-0.584091888350045,-0.1283763542169955,0.0418350496889674,12.503117953694058,Alert
3482,116.06666666666666,0.1323856540708562,0.3819398701977409,0.9968699616091002,5.377658217901375,0.0814823979330776,1.817869163826779,33.40035226591023,28.264445627256663,16.42916854092277,6.840107157398883,0.8649086866170633,100.0,Sleep
1772,59.06666666666667,0.2446787268847599,0.2357102543856908,0.2565791375241704,24.993161686874892,0.2357813246600855,0.1762071875818369,7.750765187364949,7.142793763783343,-0.299958268521622,2.9941414921262,0.2972128114197004,52.2323368696573,Slightly Drowsy
272,9.066666666666666,0.3518088375026692,0.3056372235972931,0.1886617098847507,9.86278140942926,0.0115981481888214,0.0775458213280855,6.30469629942804,2.233430935691628,-3.3906111740217715,4.823353351156842,0.0703278811050714,14.298810604154925,Alert
697,23.23333333333333,0.3579988001478575,0.2052470052942818,0.2027936171085923,11.901181104955857,0.1048908526643196,0.0828408895766109,2.691899536977198,0.3177366699764961,1.9885232790648977,1.7863766944145032,0.0528378824571727,6.853612158325685,Alert
3989,132.96666666666667,0.1237870153291618,0.3730472568463238,1.019654241471941,8.221711035790968,0.2263780732640169,1.595118761559475,10.659546637155405,26.34386567037272,23.88411192342933,13.199647088565282,0.7633924239130357,100.0,Sleep
245,8.166666666666666,0.3283764507271029,0.2910654585013972,0.1940780276942557,10.161069691982236,0.0802715471994792,0.092249375880272,0.9142237767168306,-0.5417078214412432,-0.7322414210226039,-0.0786145752552623,0.0373100643119653,12.73268541393983,Alert
3776,125.86666666666666,0.1400025094816813,0.238841659388386,0.7501029403270447,10.317772759414735,0.2443653926345378,1.5959754748464623,27.35995994861002,20.32519089611516,4.120935210869343,17.54580521420854,1.0,100.0,Sleep
477,15.9,0.2850548630393926,0.322090177682883,0.1853974310863925,16.0945763380737,0.0459202113345627,0.0631513473974734,4.760949334273492,3.8771819485033294,1.963293081316864,1.944113931479444,0.0397339072924272,9.965781158594485,Alert
2033,67.76666666666667,0.2409975305341221,0.3853649992814876,0.2503927230157489,19.88354350716021,0.3330296878851246,0.2492364836352854,10.144774241770047,-4.53446412988558,8.627047929857246,2.815869934355608,0.1516727174840395,33.2690770997404,Slightly Drowsy
3493,116.43333333333334,0.1446919778653586,0.4294416970658495,0.7863554734900704,6.023688612197082,0.0763341934510891,1.5279386864759708,24.8275960282304,18.87935146693697,14.93520309648184,6.07612715433984,0.8815306591081742,100.0,Sleep
3719,123.96666666666668,0.135563763388791,0.3458884821924222,1.1470464568804954,3.890531544404478,0.0862824848183073,2.015959973904327,45.733763500314126,35.170853117799226,23.517177603532424,3.289651897105,0.8779587686090138,100.0,Sleep
814,27.133333333333333,0.328684937160869,0.2454199013698971,0.1755842174769596,13.502343615600326,0.0573930813448661,0.0866552095727402,4.234258014646788,3.39957112207015,0.7129279688998773,-2.421485253258329,0.0212306578851783,9.214253222766638,Alert
1915,63.833333333333336,0.1944962307778379,0.4496225411569296,0.3073633591510447,19.31315445993317,0.1977306796456324,0.1540326653038533,13.50332653973148,13.391771674613969,0.3693691670341419,1.6922900082633514,0.1508175568740963,42.27177199701933,Slightly Drowsy
3389,112.96666666666668,0.1828426819058617,0.4257301113696395,0.5115899716563197,38.377738011612855,0.4443016504033271,0.5264757763032564,19.248302619693536,7.843510981818261,11.32735144484766,5.566365402319379,0.4597945913723031,79.62232671106769,Drowsy
3960,132.0,0.1211377118195408,0.4386951451041802,1.2855837611653138,9.129521347050646,0.117690128050292,2.103996994241874,37.66896099848904,32.20614341955266,9.383842302051132,17.13646557476567,0.8120952078187371,100.0,Sleep
1805,60.16666666666666,0.236740200774579,0.3305647583221615,0.2463551452975843,28.096728861628783,0.1990585729741092,0.1985375622948332,12.15197556898658,8.932029086105226,6.277206671557527,-5.337231776564574,0.1541456985140254,31.966830612417294,Slightly Drowsy
3962,132.06666666666666,0.1255710348858125,0.3913317652455356,1.2993771396757547,7.970929423664389,0.1557228851729135,1.7473131678858174,35.61372579380716,26.11144411686259,5.689610131867582,23.5405668495004,0.8882799238412038,99.62061759783415,Sleep
251,8.366666666666667,0.3638868924578872,0.33505569038252,0.1660258329264551,13.622905721083262,0.0470420973756642,0.0709668104768075,4.059070878797593,2.487562460070317,-2.2748462066627706,-2.2612306698750526,0.0524542244780053,14.30560013992383,Alert
546,18.2,0.3242867329397598,0.3203426836141593,0.1434778861950914,15.16987605532963,0.003188771744129,0.0577183728353382,3.060579449768178,0.4226729156555249,-2.826180550722735,-1.0959916374822756,0.0357169937857762,15.00547472930157,Alert
739,24.633333333333333,0.3141931624300131,0.2803690999109359,0.2142075165801361,11.049420664499074,0.0667481831316947,0.0797205354304785,3.391753437547649,1.166284297575762,2.6557689625978806,1.7580283091140148,0.0210701840802314,10.736988135242768,Alert
311,10.366666666666667,0.3031266495302362,0.2658923403827239,0.239746599066142,11.91984673787536,0.0279953886825384,0.077059491531383,4.888478121692752,4.101836205323873,0.6234075220599402,-2.5852506943045253,0.0293566287374562,9.428780680729837,Alert
1132,37.73333333333333,0.3038290923958094,0.2579780137560387,0.1368088411014589,11.865199256198204,0.1284827344759411,0.0641599285180951,1.3917880996881329,-0.9834470311095496,0.95978358553432,-0.2207295185837197,0.0360881352630154,17.007977844781276,Alert
1450,48.333333333333336,0.2255917157837783,0.3385698881525645,0.3227481992053847,20.696885762503307,0.325236372796729,0.2219551406208133,11.0980108275266,5.620683323567981,8.640193715625635,4.113491930285714,0.1426976244621317,51.27997610495379,Slightly Drowsy
3898,129.93333333333334,0.1001422307658526,0.3689502273515433,0.9178688898763492,5.6958674989515,0.2505440999517354,1.4890589934898415,23.286111575831228,17.349354245495867,10.260018639528845,11.660828319758265,0.6715269593567385,100.0,Sleep
16,0.5333333333333333,0.3303195231734124,0.3087721055998071,0.2369037894796184,13.386529709992825,0.0198505534257004,0.0622097114074895,0.7215282558418479,-0.0395257124135959,-0.2313051282423125,0.6823039496332878,0.0455338159866003,14.911422927380476,Alert
3524,117.46666666666668,0.1445260984828104,0.4239010135589758,0.96472728882698,4.933966211572343,0.1486992062119778,1.1790894906408638,43.87303704155824,35.35470392121893,12.85322822517702,22.57615587482512,0.8813592228099636,100.0,Sleep
3528,117.6,0.1348693581137541,0.4383596782693798,1.1571429634877044,6.984054192556371,0.0807299534151037,1.2259414340654116,40.44823487211608,32.43345764677648,11.198195242481798,21.41800533793662,0.8119901471216975,100.0,Sleep
3226,107.53333333333332,0.2195660159620369,0.580751614482074,0.4549676070916181,20.44401608846781,0.3443253475485408,0.5581910913397518,29.05062616309253,22.37317055730828,17.990476341737025,4.441044998505516,0.3343532984451104,81.50879405515808,Drowsy
364,12.133333333333333,0.3387774863626828,0.2077220933810288,0.1808537274354947,8.805470450359508,0.0371880878185343,0.1128675631160906,3.890229110549359,2.901619728589488,-2.5904808148948018,-0.0624069778781679,0.0403603374408889,13.162677306645142,Alert
183,6.1,0.300189501975001,0.2692213464626336,0.1231915599913864,14.533234268432349,0.0500482190144889,0.0636582273786361,5.6175681341737045,3.648114171081013,2.8127104128796754,-3.2151197287379483,0.0247455044286757,8.730287778758827,Alert
1195,39.833333333333336,0.3161817513754961,0.2968949466194648,0.1675940622357201,11.868568528133752,0.0743963649061857,0.0771102431711114,3.882695748234769,2.083919120172516,3.2681395084638227,-0.2277532154714819,0.0403006785108358,9.417821373415238,Alert
2487,82.9,0.1943721428597373,0.6437640014763186,0.2752241318016639,22.71190115761313,0.5147671409202849,0.3469217001875109,10.659546637155405,21.00442224420702,11.877748752617494,4.0366894005604905,0.4388828959094851,82.04845465748112,Drowsy
1122,37.4,0.3235771234256999,0.2977235361531513,0.2001206151217869,8.110202687669194,0.0,0.0739075470329053,3.848722340673234,3.430432827593658,1.467702040650107,0.9437398957533516,0.0323316411606213,10.505826638485894,Alert
3900,130.0,0.1133163210151848,0.3894708506953506,0.8057126734104194,7.588882217985456,0.1396368207078299,2.027014208744357,33.76449317548327,23.592481114232356,6.011613083040778,23.394365612507187,0.8380425044478309,100.0,Sleep
1183,39.43333333333333,0.2446494854373704,0.2478035640343846,0.1755546439950531,11.783337413289065,0.017376329151234,0.0730027467384712,4.340754454078589,3.623953329115433,-1.0281533306344333,2.156852388945893,0.0200448443468129,6.806373108234819,Alert
3191,106.36666666666666,0.1818952641056465,0.6082041342695996,0.3308443157233489,31.652955284649742,0.6039781787478297,0.6241919739705362,20.652692041566777,15.65355173620148,13.05903062028071,3.310849719396852,0.4109846540273576,75.76543285433928,Drowsy
615,20.5,0.2714608049844945,0.1965283071867296,0.1903835198639316,15.230035701417249,0.1325688053940964,0.0831618975173362,4.134548557268979,4.049349293145237,-0.5864179307579215,0.5944544431701727,0.0733451368349906,3.70337012121958,Alert
1467,48.9,0.2766727712371965,0.4170727289160635,0.3374026164800845,27.112865514011894,0.2114904667190558,0.1536482773430158,5.475527346871279,3.316169307509175,-4.34739411726375,0.2908354164297662,0.1827529463081859,36.92320278356456,Slightly Drowsy
402,13.4,0.3184731082161906,0.2429545778225421,0.1050581694752118,14.501149078534322,0.0743562142501852,0.0852413361817345,5.389939789519851,-2.873904294385918,-1.0525482902294236,-4.4366955201021625,0.0673940221530837,6.959319487003086,Alert
935,31.166666666666668,0.3009849833893715,0.299982934787977,0.1835505019696553,14.978877938150234,0.0554936529826041,0.1037928529097047,3.547129429696341,2.8640508616286144,-0.1862660946428622,2.084381153966034,0.0446657008217574,12.56101121852158,Alert
2420,80.66666666666667,0.1976212839775725,0.5923547657871305,0.5051929728009233,28.28304962832988,0.6844227352488217,0.6158525962430583,10.659546637155405,9.057680251365923,1.570619814747145,12.728940876086645,0.4227258807970371,75.91306114980436,Drowsy
2647,88.23333333333333,0.1718465565995903,0.5396957512567193,0.5835085097037985,19.775511419878505,0.3902814494117084,0.6252525663160845,20.669654715924285,14.788393001940198,13.67169140347926,4.6500443722322125,0.4499373524186423,87.76323660556574,Drowsy
2639,87.96666666666667,0.1861427737356739,0.4114444832808145,0.4774508050536185,25.71137659489151,0.3084789623213114,0.4296731210355954,20.23698019866028,16.832015321705086,8.766774010496993,7.025830998517398,0.4132070721902707,64.30237642143702,Drowsy
727,24.23333333333333,0.325515770107679,0.2676769288391142,0.1897427471860062,15.451419217589038,0.0983692258889575,0.0795142700865994,6.826472887539214,6.097401318999583,2.724067987608574,-1.4148790896243757,0.0841971133149692,13.74394780146418,Alert
827,27.566666666666663,0.3708882864179899,0.3497233042624109,0.1760666598395855,12.556164339951968,0.0778895218556125,0.0730495011496228,4.635482931928177,-0.8913880426683409,3.843715960568941,2.43289477455416,0.0431102320752712,6.3220147315413024,Alert
1522,50.73333333333333,0.2456886107728046,0.2924462770774251,0.246462069964097,23.436773770202336,0.2007609471952795,0.1876495283522647,11.02622916845924,3.810003968617127,10.307399302356869,0.905051963301704,0.1900637122904694,37.10114549052833,Slightly Drowsy
137,4.566666666666666,0.37153758941591,0.32229281807076,0.2107218757743438,15.481317373002955,0.0811344430466655,0.0689762856734293,0.3435457780668269,-0.0454972085557678,-0.0101233722328561,-0.3403692450498569,0.0309354390134544,13.979517834132348,Alert
629,20.966666666666665,0.2985096621530386,0.2488300916293145,0.1167048527812307,17.3483164737,0.0225384498738492,0.103267521103271,6.438176597945983,4.671980803485731,-3.857999119549481,-2.1768224713456914,0.0912100591871136,19.489075600850548,Alert
335,11.166666666666666,0.318382784874187,0.282550593430543,0.1821959097300508,13.62439252800435,0.0976682998842826,0.0783256408030157,1.4695933914348918,-0.7988653209579217,-1.1805895679091865,0.3573894336209512,0.064584295685941,14.09402585271817,Alert
391,13.033333333333331,0.332715209330836,0.2649391738015875,0.1354783000522699,13.47882947364898,0.0982643261945566,0.049456642868207,2.1043676516220806,-0.6377234204417377,0.3788032087022045,-1.9693095696945249,0.0241495310576957,9.396302835981324,Alert
3080,102.66666666666669,0.1815316948117294,0.5877238861851368,0.3334389993548005,26.56789788359424,0.5546106614771706,0.6649937155840062,27.887887507047257,21.072452755652705,15.776867396943782,9.207413296130436,0.3808212312451955,71.35620018508925,Drowsy
1818,60.6,0.2363855678176459,0.461829117833604,0.2634902362311381,26.3150337698535,0.1625071592416161,0.2355535527815997,13.414873692016146,10.158720794452464,7.810362031808179,3.969568355022397,0.235094663151246,44.30500357370092,Slightly Drowsy
3615,120.5,0.1136006505173987,0.4185109691331389,1.2059786708317248,7.891537372487461,0.1956357292988299,1.8943239884332967,32.84588066298048,27.504260265123847,13.198072026907957,12.172856631359554,0.7447676625892954,100.0,Sleep
711,23.7,0.3344268045958785,0.2737691848477657,0.1846546602859606,13.00429241614363,0.054703545195488,0.0830281479214403,2.8882475351711405,0.5526206066276922,-2.6891026434755423,-0.8973913652389685,0.0446851852891353,13.84153076776298,Alert
1040,34.666666666666664,0.3340918413567539,0.2705962742866265,0.1904302062673499,8.550528346524386,0.047726525911722,0.0464099441417319,2.805820032247224,-1.0207587891483318,-0.5614966435915827,2.552527975747109,0.0474241352694011,11.375336102906749,Alert
2623,87.43333333333334,0.1984881759801985,0.5876777691438729,0.4951361973437557,21.758655359926685,0.5161510348308026,0.6727404017347922,17.118762853624833,11.419400231400228,10.445877342693754,7.316623984812877,0.4003327087044372,85.88122910536566,Drowsy
3471,115.7,0.125743984753173,0.469228348876301,0.9736573031170654,4.947976343519521,0.1494374725511674,2.0890709962973983,37.61164509218794,28.67721402130558,18.18307480457353,16.174950793378727,0.8753662728278911,100.0,Sleep
1562,52.06666666666667,0.2663320714071542,0.3010826937596577,0.2361595180851579,19.18935159627514,0.3323610624692027,0.189884797368865,9.248311415665093,-1.5459744541587028,8.840263732702372,2.234046589594106,0.1060236797648637,36.63029532199336,Slightly Drowsy
3691,123.03333333333332,0.13452144367446,0.3714780535785991,0.9270596750093192,2.9503447366288094,0.094858622959909,1.716569753733666,34.16177167795795,26.2783054671879,8.010351521040867,20.305456765595075,0.8416859930684256,100.0,Sleep
3367,112.23333333333332,0.2033851191936113,0.5030635127269228,0.4230339171319803,19.05654112853209,0.5997500877229717,0.441776086304815,12.995203449300632,12.416601924740544,0.6682995666473523,3.7758025664040513,0.475033583643043,78.28844565839509,Drowsy
1113,37.1,0.298486903300469,0.2774632798142088,0.1753048850937237,17.429845700042602,0.142066994082031,0.0647378729310904,5.1451754215013015,4.512325735169708,-1.1784030506434258,-2.173272377770564,0.0420562848631013,14.717590132365276,Alert
1224,40.8,0.3220281145854626,0.2502703885599293,0.1845364866401264,11.85230670908686,0.0510995053344325,0.0950093972387019,2.242208379522514,1.8673700201872347,-1.172664801517166,0.4065524421149251,0.053943652415857,7.222567472766198,Alert
2671,89.03333333333333,0.2018604835759261,0.4332926783929178,0.4294109601069516,20.860310974055064,0.6459776080390867,0.5856280049741608,27.731744903199903,23.43705276818349,7.913169012160984,12.535389467523991,0.4427495751776385,76.36495276795308,Drowsy
2422,80.73333333333333,0.2127185560152607,0.5349205964772108,0.3739963573716527,30.173741072431504,0.4476254837109018,0.7076458002155634,23.6611058556859,20.47252314876201,8.338717452843497,8.437388072088453,0.5032301684768735,77.6041373088345,Drowsy
1509,50.3,0.2795585347231907,0.4507838727540157,0.2238828371034756,26.521004626324338,0.2761107986800616,0.1372089326112449,7.634111675853266,5.634063641739337,1.6793451115019211,4.869988496568,0.1308488259637994,39.54610995583959,Slightly Drowsy
1751,58.36666666666667,0.2522833816697625,0.2988346476106748,0.2594401488668664,21.02652981598564,0.3929901323139076,0.1646164421276201,8.05823778796842,6.593239578620144,1.84868652053991,4.248146213954161,0.1591246634517982,33.142136780237,Slightly Drowsy
3599,119.96666666666668,0.1642158613545882,0.3816497819957323,0.9959819414782098,5.465127568424368,0.1265344905435777,1.0131666825301258,39.66244425647936,35.11871120726197,11.921012547692138,14.059696560631435,0.8718670115310775,100.0,Sleep
339,11.3,0.3154637732688121,0.276278204911404,0.2098674454200609,18.257931524795094,0.0,0.0442724906929062,2.059545785501845,0.4449129861140464,1.7482127495215931,0.9937471810151942,0.061395429099677,6.9673363145534655,Alert
216,7.2,0.3583431927479125,0.2612469487931696,0.1287792612722116,11.208688900128353,0.0994324648002775,0.0768820364412666,1.2781203709486375,0.6292817587734976,0.480054677558363,1.00356547233509,0.0623479763180492,17.169894060612094,Alert
1342,44.73333333333333,0.3163211173695785,0.2810831830893741,0.1348478437723859,16.54207722253213,0.0750931248109523,0.09113895764681,2.3638346638329826,-0.0325571304220559,-2.32091953481439,0.4471989088918106,0.0261100317950389,13.12226343210778,Alert
3361,112.03333333333332,0.2138285690706419,0.3438544437959699,0.2957034586600074,18.9781328239712,0.2928772860766805,0.6857140901498145,23.374956684369494,21.934026817851368,2.8084203899016758,7.576268373250215,0.5426053261693855,79.37948995628066,Drowsy
3761,125.36666666666666,0.1336829011845949,0.479391964733582,0.8603123975436638,9.31665108520058,0.1808586834954775,2.269125213882033,41.48109887716585,31.03665746728758,13.13216853459143,24.18581416646045,0.9077121527380104,100.0,Sleep
2592,86.4,0.1951057333943193,0.5755677245124756,0.4424060106712595,31.64773049243111,0.6016437835401417,0.5123695576485972,21.549576319690907,8.716818441732784,18.99418963289196,3.289651897105,0.4650291052011182,61.67282397055861,Drowsy
2496,83.2,0.2308661288059872,0.5187327143310483,0.6396493653929726,30.93641063358488,0.5248053907921533,0.5947821876498005,25.63633433070898,7.903572414606941,16.1568544194158,18.267764950117904,0.2937536568309634,70.71276528219772,Drowsy
3178,105.93333333333334,0.1768727312585725,0.3507643175493727,0.5567031168701876,23.646663780120043,0.5810686712916349,0.6307082893313896,21.68206721039609,19.187778085946423,8.507402167474114,5.437400022204029,0.5789688443335879,78.29763078730679,Drowsy
2323,77.43333333333334,0.2453093481496384,0.4583683055545747,0.2472300994908532,26.108748865741838,0.3267791714436096,0.2018186610493277,8.374352127815131,4.620532228712921,6.051278254632901,3.48747573024874,0.1456358407923876,36.54496141514028,Slightly Drowsy
102,3.4,0.3254358218294931,0.3104523705741064,0.1948704566391781,14.376047262858942,0.064598440098649,0.1280683117047655,2.867756552506528,1.8559530074160369,0.6032971401449025,2.101308792015224,0.0621105186591596,16.75359698780931,Alert
2863,95.43333333333334,0.2255001471330305,0.6887480938561312,0.4325010230714543,27.97037838368592,0.4906779856060673,0.5194558786156362,18.939171450859213,11.98262172374966,14.665214633975143,-0.2011755700990871,0.3912033604466119,74.67690071157051,Drowsy
172,5.733333333333333,0.3603895705887058,0.2367977894842027,0.1622260722254131,13.933985607602684,0.0612064463527842,0.063807929601567,3.374327046629924,3.060152611160224,-1.4215180412127484,-0.0289045417565582,0.0509256849600739,11.39183357267188,Alert
108,3.6,0.3175415093301312,0.2453993112497179,0.1468923204835268,14.449735377883696,0.1056800914537839,0.0983663321200462,4.008106938065419,-1.9262515090579424,-2.9688844097110128,1.881542375976432,0.0203502521292338,10.049009252005986,Alert
2805,93.5,0.2240483543616497,0.4238617852745756,0.4008671326220637,30.85583592876412,0.6624017133332827,0.5199659451690732,22.52098761181352,7.843510981818261,10.471675755799266,13.906773722983935,0.4428723982036499,65.58683825488401,Drowsy
2936,97.86666666666666,0.2354234500423868,0.4017681024733269,0.4405635371626433,33.22826844454215,0.5645034601123279,0.5304560810938477,25.551465680527755,21.949527484647707,6.403666214760412,11.405643367816594,0.3522505765466807,63.45688950297884,Drowsy
2674,89.13333333333334,0.1648692686650622,0.4759887234227648,0.3959819479201973,24.423521107461514,0.5899403371783154,0.5622248553196004,11.749011118165717,11.193520331901476,2.212953400556004,2.801285790678536,0.5667368261297023,86.54676816312191,Drowsy
2548,84.93333333333334,0.2022879253695516,0.4818229295004687,0.5647962164127742,25.43593662040127,0.73227917052983,0.4902544929188773,25.800281747802448,21.85587902667065,11.511673710176192,7.446909333942793,0.3846630001662217,77.33469709810048,Drowsy
2716,90.53333333333332,0.1920130543472592,0.3659773418799677,0.3890339514534682,30.982390559893965,0.5137443537855156,0.5875820325738442,19.41232028402313,7.848624243263318,12.72108909458424,12.385926228797144,0.3156969197135623,75.08656124058133,Drowsy
3786,126.2,0.1303347483483885,0.3796709817170445,0.7590221463341598,7.5230280685234225,0.1984318513460486,1.7633622380672502,43.34335501922178,41.456474558537806,10.939459598233723,6.351012926944625,1.0,100.0,Sleep
3005,100.16666666666669,0.1788496555352844,0.3615805227969322,0.536223389659345,26.327475167009663,0.618392849482884,0.5014967925118345,20.710668455145367,12.19119748312522,13.913875659634838,9.311850294899289,0.4234170592208802,76.193668154314,Drowsy
3865,128.83333333333334,0.1471416463770001,0.4139131068693243,1.1303608035462054,3.769312258382592,0.0654730740458773,2.5207882463108016,42.963233083228566,37.45634038676493,8.294386427195537,19.34076305606845,0.8127348622019694,98.22057692043916,Sleep
3769,125.63333333333334,0.1319765123838828,0.3609054179128814,0.8348133079214639,8.481054309897626,0.3413861344660588,1.478306183788238,42.46778830893368,31.28336705098512,11.210922834608828,26.4419968800049,0.8893387828308369,100.0,Sleep
1041,34.7,0.3195117402633224,0.2550229887378437,0.1636804975988194,15.068440113676992,0.0,0.0918610810056604,3.299544377677252,1.028732332202868,2.476671224608696,1.9221869144641663,0.0065383197498851,8.810954399392903,Alert
3831,127.7,0.1338857295089789,0.5093281788776981,0.8756559267336952,8.593548599524889,0.0791728227223083,1.2621679131502148,44.02125645537855,36.41872232599839,12.46830123302537,21.35624378055683,0.9676714762557102,100.0,Sleep
2121,70.7,0.2759632630288781,0.3508482757503155,0.2877752059173907,25.35956411449711,0.1074044038107235,0.235290300384323,8.295138128504464,2.01226628699486,-1.4805509710395717,7.909998089971086,0.2244741347518649,52.684488303341226,Slightly Drowsy
1525,50.833333333333336,0.2483972586424038,0.3696511066358971,0.238766994931222,20.022949770275808,0.1505574340875153,0.2338112121842739,5.293382326416398,3.899131012000388,-3.023071431032215,-1.9177364072653853,0.1211847946129713,47.88206772845867,Slightly Drowsy
3506,116.86666666666666,0.1260085668545086,0.3963339048444756,1.014817124798761,5.663772451564561,0.2517535996469509,2.476403702976508,26.960253175106786,15.09272918899274,19.703728624940577,10.527480950744074,0.642575323690418,100.0,Sleep
2249,74.96666666666667,0.2446494854373704,0.4152556771637045,0.2551929750594098,21.33557705177788,0.1240629215394654,0.2090130071816202,11.72297277872802,9.743228076081373,6.51859205371958,0.0745323113941118,0.1858745283782565,37.05652079342968,Slightly Drowsy
482,16.066666666666666,0.33141720026826,0.2276344415392373,0.1524536350047062,17.306861167212837,0.0432350925742873,0.0815914706988433,4.456657026126211,7.843510981818261,2.0889685862409704,0.5575996247709214,0.0358266325755906,10.234133252417486,Alert
2987,99.56666666666666,0.2107008043379057,0.6450903492883084,0.4436177563646962,21.67604670349236,0.6303364197348956,0.5659143678407584,19.80536822012536,18.299847396580017,2.2995790701326677,7.216656545578637,0.3564441649711997,78.5580266202286,Drowsy
2958,98.6,0.243155390929313,0.5546903672915866,0.4733739576947269,24.292950061665728,0.4898329544828106,0.5363957369628521,32.250917190376974,23.888590176952988,14.91374653616835,15.71741337603185,0.3356841677037853,65.55776460921378,Drowsy
1763,58.766666666666666,0.2477616662960159,0.4075528431240732,0.3199544864131286,11.809575282377727,0.2514394523786667,0.201118661759145,11.687707730695086,2.410996623745583,7.520856558496708,8.615470033895663,0.2022718378731112,47.17205957989909,Slightly Drowsy
3435,114.5,0.1281331521573611,0.3963366068726599,0.634504917538604,7.011328605638667,0.1549710044649596,1.7343925144345933,39.15981180928249,36.027528224425026,6.681266316413105,13.81552573686004,0.872753472911879,100.0,Sleep
3708,123.6,0.1216784935848786,0.2444179656315571,1.059458472587114,5.956393081777284,0.2620824502440921,1.7414823106911568,35.45827325840473,31.580476609832967,12.122638172756451,10.630347280118414,0.8174580519301022,99.01547995879596,Sleep
2764,92.13333333333334,0.2039072524516645,0.563700320198875,0.5266306018967779,27.32166294115327,0.5099725027355397,0.20907870799801132,29.22608230304516,23.504804741813142,15.356938699341756,8.114953765627208,0.3469538261828739,66.75557309977411,Drowsy
2731,91.03333333333332,0.1995358068652382,0.6113820208345884,0.5717398102024372,23.778249722032665,0.4869154233637621,0.5404467092924463,21.99590305140518,13.127344492690549,15.871358372735545,7.719621818537506,0.4485369916363232,79.84993990230242,Drowsy
406,13.533333333333331,0.2446494854373704,0.2395009183450355,0.1400061493566658,10.121219377352675,0.0764820733903389,0.1037719364617401,7.46161591871779,6.6234053534659525,2.5293159969697205,3.289651897105,0.0283996733469263,7.150432992963641,Alert
758,25.266666666666666,0.3139147424358023,0.2819778726962945,0.176252352140293,13.462009191099549,0.0957359242859821,0.083002713079124,4.947117518059324,3.781204411084511,3.094141575831993,0.7763715913094669,0.0205945734818352,6.321174044065701,Alert
3494,116.46666666666668,0.2446494854373704,0.3831133014701456,1.1801672188104644,6.6548913947391215,0.0809805344570504,1.843787258105904,43.95995986851942,42.73799475386197,6.351528157503776,8.099380601326361,0.8991926917873231,100.0,Sleep
98,3.2666666666666666,0.349020669684463,0.2636304579540838,0.1903951164519214,13.88269855280204,0.0690816330889248,0.20907870799801132,3.371367636043095,-1.2074805604714245,2.9888004583414203,-0.987513166322625,0.0088683620268049,9.031461852651972,Alert
1334,44.46666666666667,0.2980040173474753,0.3089721325030171,0.2040699833365339,14.251839520303362,0.1371021675472309,0.0712435575427669,1.859486759616737,-0.2496449290881708,1.254274282519805,-1.3498757138269966,0.0499103304828979,8.552934312297687,Alert
3186,106.2,0.2068268913279914,0.5891173057882546,0.3953653904690625,25.790004334812902,0.5176595432032647,0.5118874101164441,21.81474674791344,21.44008860332332,2.1509553402284283,3.4028175798282323,0.4191095293046787,66.31684962833275,Drowsy
3709,123.63333333333334,0.1358112788545931,0.3615291550038395,0.9349628615152048,11.647460548557778,0.1177560168916437,1.9098155771789271,40.37017469667041,29.648120052419173,22.10315979645448,16.192291666389487,0.8282861831045608,100.0,Sleep
2631,87.7,0.1645019885856851,0.5516478775030917,0.4366867141120468,32.29170064934308,0.5962826997833799,0.5984351701472786,21.952329808759835,15.59044516809519,10.009910302794616,11.774739879215552,0.4354584186920806,76.82853907268132,Drowsy
2059,68.63333333333334,0.2332608792060234,0.4261881031417645,0.2480345519657414,23.234623630189297,0.1849912684284576,0.1593242194304959,10.345667421024832,10.153205166248584,1.543472764532836,-1.2501804124457658,0.0647194654732788,34.92710048685046,Slightly Drowsy
3336,111.2,0.1868656889147356,0.5311372089802414,0.5252377672909248,28.96994612529404,0.5487019635634501,0.5738497621466931,12.8600852037717,12.362237492445686,3.1374813145482374,1.6471449934655675,0.4544677251158722,81.62364478288772,Drowsy
149,4.966666666666667,0.3216963877631851,0.3098470786292777,0.1945419845188342,11.884108362522817,0.0242580067073015,0.1005992163516232,2.543253379204301,1.1630616697336478,4.120935210869343,-1.910245158698706,0.0484719813118692,20.07678994810555,Alert
29,0.9666666666666668,0.3336774345292509,0.2729232571648137,0.1734695639031833,16.746942129967977,0.0830166539595212,0.0962701927200127,5.437896299912516,5.263697017885823,0.0630115248982771,1.3639059425899278,0.0337946648681308,13.106178570013718,Alert
2733,91.1,0.2057672633709746,0.325631377107146,0.4982894599360979,22.73649173670138,0.5473182459322372,0.484061766456157,26.92405799872154,15.240214926078528,20.163747637707928,9.277070083182643,0.5033281882067514,75.8459116326625,Drowsy
2635,87.83333333333333,0.1942311788293041,0.3852776006721824,0.4028324545568242,31.47969796643621,0.4449497794665887,0.5592981862204989,15.742317469938142,11.459905127679216,9.135994533226793,3.289651897105,0.3544829961351363,78.84606171993155,Drowsy
693,23.1,0.2446494854373704,0.2662950507925387,0.2251518611582499,11.29999347904467,0.0565118647239965,0.1099006061947167,2.369833990795444,-1.2824213248681824,1.181925677593207,-1.6045436678690408,0.0299073251542153,8.141393148754123,Alert
1387,46.23333333333333,0.3291882261890353,0.2336298543652416,0.1747691149076239,12.18595635859178,0.0642988074339489,0.0866825249467646,3.5318754687927965,3.202864726912967,0.8618897182472615,-1.2136506835727976,0.0347799302129664,15.134313882152828,Alert
1846,61.53333333333333,0.2373828992257516,0.4156799875593254,0.3628502181661945,22.47269496674292,0.2751490451257258,0.213734813991819,9.829154937981942,9.644267172629563,-0.6581871124404657,1.7796592996446898,0.1958187776018233,48.62689690176368,Slightly Drowsy
2737,91.23333333333332,0.161281051711006,0.4182740463090256,0.4382899325994221,27.221966041866363,0.6114790065046201,0.5963641629535849,18.207486489556477,9.146537489501323,13.11158040674518,8.714348825815055,0.483636122715124,82.27019590744958,Drowsy
1600,53.333333333333336,0.2701752501426627,0.415158696939682,0.2787192478205172,23.017332725895677,0.2262827803131158,0.1091143337771757,2.666872423997129,1.4385363913277862,1.5797452371121177,1.5960033090578278,0.1320287031214347,44.12602758214601,Slightly Drowsy
702,23.4,0.2866712997880697,0.2713432412636254,0.1899969160497006,17.24787455136917,0.0767019232147998,0.0657186976403564,5.601662688875943,4.9460482939093,-0.8985451126424326,-2.471406044098818,0.0365591728146905,17.926219170134214,Alert
1709,56.96666666666667,0.2751809000812781,0.3156418705818573,0.3195980341760043,27.33856152226107,0.3226250505858736,0.2395238393430675,10.792506208472606,10.386330482182114,2.789355825297801,0.9065447891260634,0.1659113072441017,30.335774264321717,Slightly Drowsy
455,15.166666666666666,0.3035656861501319,0.2782862239199543,0.2013423173839648,21.7822755026096,0.0823214475760828,0.0630386880393898,3.95377372294277,0.9406007949432418,-1.360242325151562,-3.59128634526003,0.0333981961659712,14.572263998839734,Alert
2041,68.03333333333333,0.2706933620350587,0.3993477282047349,0.2282850507118188,21.405943294500677,0.3698656410624815,0.1798259658423897,6.840089630268567,4.638828164751582,4.682302325908089,1.8287001768498703,0.1482518168199104,37.12789236363195,Slightly Drowsy
2795,93.16666666666669,0.1983842320290707,0.5486094371795859,0.453864864752027,24.92945008348123,0.4307974577879949,0.4510737630678926,27.04033563029364,19.840915985036368,14.547234171596465,11.220328953751409,0.4135020002371176,83.17824471705471,Drowsy
2316,77.2,0.230620758893729,0.3728256869995922,0.3014205017946126,19.59331348328528,0.1157992871355168,0.2034583636016977,12.442926838654454,5.739223800428875,9.91651155382177,4.852889560212288,0.1543689890365367,42.94240329994791,Slightly Drowsy
610,20.33333333333333,0.2994040782589711,0.3216881739101167,0.1755943943623409,8.450555131370372,0.0,0.0750126074965503,1.5382525061981298,-0.9076066257115049,-1.240271311909324,0.0647924273671574,0.0692450920806945,10.903082836803454,Alert
168,5.6,0.3227139926444131,0.2788369503274439,0.1737564942818238,13.678656221402672,0.0,0.0690255018451807,3.071933671973751,2.2321122528527866,0.4795691759922011,-2.0553502818519163,0.065314156817294,8.47412621108213,Alert
731,24.366666666666667,0.3096270930469918,0.3325683537816009,0.2223407058523687,15.963364007525708,0.0369354487735514,0.1197076079052058,4.615409860603641,-1.882588194599552,-4.210675888690988,-0.1675661997781293,0.0850807621784223,11.289018199375988,Alert
3952,131.73333333333332,0.1311012129882249,0.3507643175493727,1.0025170688473024,5.344924665314964,0.1346234459299484,1.762566642357006,37.07062891829635,34.071954959807066,7.609498747426215,12.467114438707425,0.8785071381635828,100.0,Sleep
3597,119.9,0.1271136975658028,0.3161531507513808,0.9437295600120216,2.926837966626414,0.1757187652680047,1.7805891451342013,40.03041777559139,31.008700797311548,19.516942505859152,16.124012446478122,0.7478577970892868,100.0,Sleep
2656,88.53333333333333,0.1888530289528378,0.4706789172467167,0.3890213504756332,34.3029545855569,0.6316120820011516,0.6747820773150238,27.24093171141805,25.24669878230419,-4.099278784597885,9.373818568112306,0.3989674956271177,83.4245826995859,Drowsy
1623,54.1,0.238310015687561,0.4269124815381038,0.1982492519389401,25.068659962039924,0.1503567299643471,0.1699984728942751,8.210508278686312,7.9155211942289245,-1.958438449404011,0.9599423201344924,0.1460344141394803,39.40158899389717,Slightly Drowsy
588,19.6,0.3448993419711611,0.2555608352937012,0.1837252705423384,13.048091490345488,0.0,0.0766339915365671,5.289717583925392,3.4977583296589865,-3.623278177630057,1.6182255814627575,0.023005581570446,9.416505385078215,Alert
1402,46.73333333333333,0.2653410043698542,0.3383076238323714,0.2878256211324926,19.186278795162025,0.297322258603963,0.1666501103712354,6.8082271323369,5.862571945085358,2.7401583501810203,2.1151215308155797,0.2088998307777174,38.59411899806887,Slightly Drowsy
1701,56.7,0.2181034829019836,0.425636203463633,0.2345251527346234,24.615153065437827,0.1200042378565294,0.2526953567175928,14.98041017598914,14.723739536152852,-2.746120238761347,0.2881089146029651,0.2109252745521289,45.29323739343376,Slightly Drowsy
2917,97.23333333333332,0.1927028543814572,0.3716150197032931,0.4588641419597047,32.25462166896654,0.8340367192070828,0.4396741277435882,23.50317600612707,22.519012229753045,5.756731325812746,3.48617483979595,0.3609771309800816,75.41327488122971,Drowsy
3157,105.23333333333332,0.1913369199971275,0.5528326084058403,0.4177834563941053,36.63310494938394,0.4760496646928051,0.4445164389749739,28.19543208840955,22.044013798511592,15.592015023069678,8.119908486153943,0.397849946422149,62.36175682691372,Drowsy
1380,46.0,0.2726978768603769,0.2750445453246982,0.2331192561738801,11.16513416008049,0.0532154015505462,0.1240661963051551,3.740126679943345,3.580379074226932,0.3777714614563654,1.0132729098180056,0.0319826932998059,17.32002969337499,Alert
2090,69.66666666666667,0.2200474426786098,0.3404023165910695,0.2662814065421303,18.97176289876193,0.2698303159935029,0.2150726028416311,8.268926277339151,4.5112957518982775,6.422051680943357,2.6039594133294552,0.1443922170711062,35.80917332597015,Slightly Drowsy
2176,72.53333333333333,0.2392434186309339,0.3170306934464624,0.2367977009879304,24.744334587303744,0.1951675094227091,0.2125805497521078,9.77335541088336,7.530856150304912,5.763675311233437,2.3632030250352702,0.160733701957817,35.38994677644677,Slightly Drowsy
2878,95.93333333333334,0.207655557850798,0.6087049346723827,0.3972445202365561,30.28574385345261,0.5635720093897622,0.5442247502748673,18.294607474319637,11.79288586246145,10.919520995908693,8.739826479644659,0.4471209911179564,78.08313400892172,Drowsy
2574,85.8,0.2099844388728178,0.5948303000895759,0.4267646766838953,32.59407647586199,0.5072595508837597,0.3770174520069893,21.231763473956427,16.926064157665536,12.720858427864409,1.573497125148747,0.378042834889573,66.40319167288612,Drowsy
3250,108.33333333333331,0.2170279633298574,0.464308858816714,0.4163630465696547,24.338991456125864,0.6420067508192431,0.20907870799801132,21.67247187106596,11.633785637388144,12.345026876921937,13.488935471471493,0.4235267152892859,76.43177922156052,Drowsy
442,14.733333333333333,0.383725242717943,0.3507643175493727,0.1844663041175307,16.953919291047868,0.143746162112505,0.097414932891768,4.398693827473837,4.37203274117905,0.392070073393147,-0.2830515067338965,0.0304840911199019,8.110723843321699,Alert
2052,68.4,0.2490224553296081,0.3746653118008512,0.2681612970780696,26.68999959916673,0.1701467009198286,0.1317103545917853,17.951797441666802,16.59978811529507,2.690525236224992,6.282924467728368,0.2361916336783903,47.824327938183096,Slightly Drowsy
2542,84.73333333333333,0.196587780740273,0.533998376102636,0.4769643802988126,27.99881559429921,0.533992577339528,0.6808918309356186,23.91702270274352,20.82798039875425,4.247176873775432,10.962695657342898,0.4766874902228337,72.38004649762622,Drowsy
1302,43.4,0.3044667069119505,0.2670320325192146,0.1730745309628887,16.024615152798567,0.0440628239574325,0.0964940348157219,4.758915522028097,3.464532458886639,1.7145920907022258,2.7756919406919467,0.0176121824050818,9.7792691520115,Alert
3396,113.2,0.1999747273134018,0.4672583297633478,0.5339457944142719,25.39467283797807,0.561310700484602,0.5235356231559829,22.589525450742737,10.980712813079249,16.53664498948191,10.781928338579972,0.4967365462246134,79.21655719560626,Drowsy
1305,43.5,0.2896015545506025,0.271396330565113,0.1594841938996068,9.436219727538226,0.0922817367666146,0.0660834010721544,5.756360019223036,4.989854768588268,2.6452392022800364,1.1134359532668376,0.0522576814352636,9.850475979337377,Alert
237,7.9,0.3048324926308676,0.2873949292297815,0.2160023686928058,12.770243881234489,0.0,0.0923942289193227,3.803471985465142,0.4115940279359267,-3.568999977271084,-1.248690779426448,0.036309492846883,9.23359037821154,Alert
521,17.366666666666667,0.3091531634255203,0.3402754284232868,0.1569879763379909,12.490404256267034,0.0320815464620009,0.0557038772822271,3.598291826887004,-3.52070194057063,-0.6917591955708385,0.2717188481633137,0.0389498986292269,10.936066379155932,Alert
736,24.53333333333333,0.3258783824841547,0.2105359220493931,0.1719858754217473,15.100884984694783,0.0291612579507561,0.0589912474248806,4.241547029936686,4.115296173239834,-0.3103883695407703,-0.9791412940613432,0.0408379184230855,22.06223791971092,Alert
3553,118.43333333333334,0.1399956549932099,0.3910229985617459,0.9231965901812004,4.763878974826113,0.1221258331721691,1.882716553434448,30.50521794198737,23.7198924793672,11.85016295277292,15.083390217326338,0.726830389903013,98.52025351913684,Sleep
2107,70.23333333333333,0.2603946661199,0.2977818757925106,0.3053320494502259,22.39992830522162,0.3010691267960735,0.2322967672952971,9.740868165662876,8.926331645535575,-2.7368991901206243,2.7774986584788235,0.1576843096038537,41.639423855693884,Slightly Drowsy
593,19.766666666666666,0.3009603033740945,0.2692895115974907,0.1843628165221727,12.240724001671415,0.1176938628985281,0.0828865294345207,4.915628319794789,-4.7583701177683935,1.018067438268661,-0.6963147936346263,0.038501468877631,9.623465344851368,Alert
1304,43.46666666666667,0.2932372966341145,0.2472721007250359,0.2125701572755091,13.63115452974962,0.0291253793379301,0.0613078217481953,7.057852994243048,4.990375553815316,4.392603817570762,2.369487797413361,0.0498487467830833,13.297307321247477,Alert
1388,46.266666666666666,0.34669641693236,0.2398625915480708,0.1340721710246206,12.18277654198822,0.09180830328129,0.1042976806036607,3.7957490955049393,-0.311779701002929,0.9219280612090148,3.6688626662801753,0.0483062295448066,16.813639088561626,Alert
2601,86.7,0.2034241676166205,0.5354956465666891,0.626326514482175,28.57032295295893,0.504510442061527,0.5601131785361511,27.259074398682905,23.09977521255165,9.70222966373521,10.738913434544983,0.4677232175081551,74.2543855503387,Drowsy
2970,99.0,0.2122569387782083,0.5174029045482624,0.4011935838204515,28.41275360632142,0.4040802387263837,0.7282295263849944,25.385886620441138,20.156268862005405,9.47208359553163,12.18391141742685,0.3894939655339823,66.95780844904294,Drowsy
905,30.166666666666668,0.3151754658059827,0.217625972130531,0.1097088269504447,12.464904596126472,0.0420770547940256,0.1060125080211191,4.584490872828003,4.169513648856114,0.6822152369748617,-1.7796895418822831,0.0207844088351021,12.458032335727168,Alert
3401,113.36666666666666,0.1141556077993783,0.4442668021923458,1.07339593025347,4.37200810997395,0.0950549813055347,1.9599221624614995,26.23900030464704,22.359615642217413,9.62019503375426,9.79717167513684,0.7693332792292518,100.0,Sleep
1280,42.66666666666666,0.2970840326659113,0.2761025959165071,0.1736953318742737,11.624561344825512,0.0607841477625297,0.1252513761667063,1.8679488150899015,0.7382113454121215,-1.3005354636106004,1.1193231406487374,0.0288236741652641,14.291756521321828,Alert
3202,106.73333333333332,0.2005864377462917,0.3987636909485221,0.474512405071971,28.6693753923287,0.5649320435256833,0.4447075380537535,26.706545514175108,23.18272038180683,12.848626583377689,3.273200867741669,0.5847983308745585,75.32984307660487,Drowsy
3860,128.66666666666666,0.1324120411454107,0.3935982315940485,1.1667244266284276,5.702743673057747,0.1697756814331799,0.952545442036072,46.84616006745763,41.29507485073256,16.7361190369638,14.46311950164402,0.9225876006303048,100.0,Sleep
2309,76.96666666666667,0.2223112879218732,0.3382963089120296,0.3672907123878197,22.70973126981748,0.3840359981374608,0.1422429388049985,11.804832861419673,9.627596274323448,-6.137344767228463,2.999411287713042,0.2052486951060528,46.2055783896557,Slightly Drowsy
3640,121.33333333333331,0.1278829468418534,0.4879752210390194,0.7031798166744342,6.129912382020568,0.0316916243883288,1.554693114301687,29.574892336421662,25.405677895581235,12.13130585006302,9.0585432465234,0.844260835395239,100.0,Sleep
3289,109.63333333333334,0.1977288319736531,0.5062496702386894,0.3722447571440589,28.88778381039361,0.8205258872843127,0.5913588290402003,22.759737578207528,19.352184359744523,6.0003782452650505,10.36793499444712,0.4510332464986064,75.20512727317443,Drowsy
3177,105.9,0.2075886146024416,0.2147970567328413,0.3369614259918892,25.92634956977289,0.2399046497272919,0.4161948723742588,22.82531307030674,18.614392800633336,9.469098087452387,9.210617722577089,0.4714454685110196,62.46636336316092,Drowsy
707,23.566666666666663,0.3849705725018645,0.2196578366196188,0.200814703615773,16.91632084055251,0.0856537560642098,0.075912885467087,2.461710319537373,1.2738962949721264,1.332435513261772,1.6315089733041388,0.0520494687256472,15.07664048301042,Alert
3537,117.9,0.1509788739951962,0.354708115179156,1.1101703746858556,4.907149904917845,0.1758707390603641,1.5876409618128005,45.152090906037046,42.35751384528079,12.452080674678964,9.46033936522184,0.857609481752179,100.0,Sleep
746,24.866666666666667,0.3449554413992932,0.3025284063557872,0.2423203031870985,19.51617244971168,0.053185983304557,0.0032668890308126,5.579144718649618,5.092081165318167,-1.6211290169611632,-1.6029678436620136,0.0320310945002126,10.045945374860109,Alert
1940,64.66666666666667,0.231218735001206,0.450205233229315,0.2676127287185309,24.715888563137412,0.0300443885525313,0.1596685572814269,9.862889461956476,2.2592863392317737,3.1907999596515406,9.054888701338108,0.1984095577291167,51.03497569701979,Slightly Drowsy
3810,127.0,0.1454719377070299,0.2812038313174069,0.5895157112183106,6.1223544593181645,0.222532000649862,1.9753535019793147,32.23271695397773,25.29664587435273,4.120935210869343,19.64895480715823,0.9986878762374358,100.0,Sleep
514,17.133333333333333,0.3539797373541006,0.306617714185445,0.1277115740854,12.48107802055111,0.112727297181093,0.1089559283691573,4.381737098932747,4.346600056697362,-0.5283373018795879,0.1659748376250199,0.0373814838974774,16.272684649814277,Alert
82,2.7333333333333334,0.3326818507776825,0.3507643175493727,0.2150788677133701,17.455397477593817,0.0759483955035857,0.0766576383936629,4.623005306509188,2.3667842160833072,3.6195268995250713,-1.633871341974472,0.047373466177458,10.31227109853011,Alert
1309,43.63333333333333,0.3225741310616152,0.2580724924384835,0.1467761577411692,17.003542579467563,0.0282051971670595,0.0827638549558264,4.363716712638203,2.740333974714012,-1.7644593759617062,2.9015989326174787,0.0176571647759077,12.456875513253058,Alert
3555,118.5,0.1288689722940011,0.4364015537235904,1.4154801914171145,6.955051282252785,0.0603951502402033,2.321156180899405,44.245982688484986,31.20972446741662,28.777863807985028,12.469748890283032,0.9525555218152444,100.0,Sleep
915,30.5,0.2923887043036251,0.2951739563665385,0.1733227521832544,9.795078040036472,0.0691215126076913,0.0512078373840234,3.028089145065367,2.3495533962955277,0.7154967770191625,1.7711541633900898,0.075633695729337,6.919347140724449,Alert
3696,123.2,0.098387458500073,0.5089067738235626,1.0425429777731312,3.2780084224445662,0.2570474918413764,1.537367186307883,27.60642845116843,25.41864476127892,1.3932078106152035,10.680185500534638,0.7903064982481232,100.0,Sleep
3680,122.66666666666669,0.1518155522839125,0.3308372882368108,0.8911491833412011,9.470572238961008,0.0,1.770344764530656,40.58028384786713,30.972139911497084,12.761616841835185,22.9047401657016,0.8880750225601264,100.0,Sleep
775,25.83333333333333,0.3091924703547615,0.2881105829710638,0.152178809829122,17.221084056258473,0.0246290113273074,0.1025769497509877,1.8309010749410568,1.4159825975428366,0.6059970322719637,-0.9899291017814014,0.0196800913766394,4.5763707751167,Alert
330,11.0,0.3423661796893468,0.2319499191981627,0.190544397010566,9.054436876562974,0.0518773960824147,0.1179553403349195,2.9557608370009825,-0.3697317931724657,-2.5029691364747464,1.528059563145719,0.009143969695807,8.194266556576707,Alert
2055,68.5,0.2812073363500976,0.4038567309688925,0.3035713373183039,20.22567958409131,0.2236183792884346,0.1634780326401307,10.292771344076174,8.315237467896708,5.760202642774295,3.289651897105,0.1815495443676682,43.15589354904467,Slightly Drowsy
2002,66.73333333333333,0.2812916248211483,0.3137722390265341,0.3173731498690399,20.32634655968205,0.1997459314586295,0.2117837048377349,3.727225784671917,-0.353434236748595,-1.8508693417091964,3.2158325469679063,0.1510276974486447,45.0229495190228,Slightly Drowsy
944,31.466666666666665,0.3058662511874726,0.2850192086374957,0.1972607017356037,16.401533081258712,0.0816598974389183,0.0765637907239465,7.479439742801922,1.6334205648909943,7.047325674075098,1.899778136498584,0.0215635268735957,12.007096013974962,Alert
823,27.433333333333334,0.3300824901041706,0.2161019701517387,0.1709542111269195,10.288902329516434,0.1011312378983794,0.0787830095999414,3.2018529091276675,1.5166476258009431,2.690391996099706,0.8446495948997493,0.0174273097124158,10.732166339520106,Alert
910,30.33333333333333,0.3361097113384546,0.2562526844329472,0.1708350161083904,12.506547347387142,0.0544167218778447,0.1039435706292382,3.385861915771673,0.0723946071469885,3.0024614933052423,-1.5633441446937753,0.0230474557500623,14.354478223045271,Alert
2517,83.9,0.2339182295029397,0.609082231468737,0.5824180829424954,31.78350717553816,0.5423699926094139,0.4480638513014335,22.633266829404985,19.00759835574372,9.634784966702618,7.625410858647144,0.4253630646170525,61.21121685003151,Drowsy
182,6.066666666666666,0.3388572832453393,0.3216119680016125,0.2012491154160319,14.878620518853957,0.0928060095326571,0.0794695748150188,1.5813709018561966,-0.2046866280692945,-0.4892008918312917,-1.4898052896128982,0.0264964345005123,10.81362257338147,Alert
165,5.5,0.2749215080936014,0.2245552419948078,0.1880137995303445,15.271812558074837,0.0,0.0979007662815223,3.3494431578994464,0.7923473707914013,0.440379035956648,3.2244412565108487,0.0579367863173106,10.757884153854146,Alert
1524,50.8,0.2376203309822775,0.4078274730893634,0.2395585147981708,25.807043629685985,0.2267439971000806,0.2207088305610829,9.149247504435303,6.101431687819813,1.4807007830143606,6.654982077170801,0.1701305087778609,38.234012514706016,Slightly Drowsy
452,15.066666666666666,0.2942547037864539,0.2756829577583861,0.1892714232909796,12.36078070134639,0.0405715502057332,0.0612107351602803,5.678398895740133,4.79811229391024,-0.883367272764102,2.905511090252366,0.0705749570108181,12.135754099112528,Alert
2539,84.63333333333334,0.2105161437237271,0.421632121547977,0.6520583643200726,32.730634946234,0.6120434275829046,0.433568822560279,24.862059594303314,7.843510981818261,6.993228938204031,7.222916781456138,0.3223454506758502,65.48096941949206,Drowsy
1312,43.73333333333333,0.2974440449321308,0.2708451471870713,0.1696570026037903,12.930414460705318,0.1301178833630514,0.0711934863064761,3.097108665499921,7.843510981818261,-2.287744288491144,2.0875539128035103,0.0069579533661413,8.24169528813091,Alert
1112,37.06666666666667,0.315684341174788,0.3130117656217228,0.1933784333137591,12.482591385318411,0.1034045067121639,0.0528348602775502,3.692849164368158,1.7695854729463087,2.9007522032264035,-1.4461462098242892,0.046191112935343,14.101812163354564,Alert
3359,111.96666666666668,0.1941751815069326,0.4530777186085333,0.2353239488412397,24.194082661778864,0.634061093629088,0.4104770451109837,15.014288524044652,12.059331800856906,1.3908231498117605,8.835552465242225,0.3774615390434719,82.48493655190858,Drowsy
1288,42.93333333333333,0.3385572126894576,0.3235944885139269,0.1624677067593528,16.645340281418555,0.0374969029842123,0.0822006964786569,6.856439613293926,6.087619176548646,-3.1283251702692576,0.4064954626108007,0.0487601051703745,14.335895233615824,Alert
328,10.933333333333334,0.345178333411829,0.291765073705918,0.1731757122013977,11.94016128257,0.0212356219420325,0.1209962419157185,3.466188754948943,2.0017070473937064,2.3463900045943777,-1.5817987633351065,0.0244029410755672,15.719538053729767,Alert
1791,59.7,0.2591480148558349,0.3669487826181641,0.2967072562006899,22.326778175260586,0.1472458490226948,0.2001600504094638,5.067795830257427,4.49964704103593,0.8784935810765986,2.1596249932056204,0.1752230735705663,40.42510707214026,Slightly Drowsy
2491,83.03333333333333,0.2141623746581104,0.5586836237531477,0.4521596363957324,34.68773640234321,0.2787279643686905,0.5303795103176896,13.123073747112286,12.59809831717279,-1.7685224547982266,3.221073064969234,0.4412066274502149,69.92456532327516,Drowsy
3966,132.2,0.1403765685314447,0.3721799624629877,1.1095980842767357,7.210142992021371,0.1910584048674621,2.1427370255049905,35.70435631818825,20.986485330775064,10.246293044368562,27.0070726367416,0.6975018326685488,100.0,Sleep
2008,66.93333333333334,0.2628906537462609,0.4416122629449432,0.2681611398445521,21.148866681730144,0.249765192399216,0.2367297128574,7.558753323314378,6.553024774979777,2.7785050556254065,-2.5441163017994013,0.1488796435053378,33.66316496490068,Slightly Drowsy
1859,61.96666666666667,0.2557948805382807,0.3104912480714774,0.2744422259653866,28.17740148944256,0.2520951815660307,0.1452346935047321,5.278318570629845,2.538019501456941,4.607276370975035,-0.4383017051475524,0.0999309807506285,42.20344102148346,Slightly Drowsy
313,10.433333333333334,0.3330562659004444,0.2765729663744984,0.2481730416134064,16.22259280569973,0.0729497768401765,0.0544739116692332,1.531706210513355,-1.2207690436588443,0.8781464464255602,0.2910423955364816,0.0277175486998336,11.687444085749627,Alert
833,27.766666666666666,0.3448853797612369,0.3001446674040628,0.1711483143058307,12.84285928571405,0.0625128894706738,0.20907870799801132,6.643309307959601,5.494610767578745,3.573519134820287,-1.082946013014338,0.0379598743974547,14.60477133933392,Alert
1202,40.06666666666667,0.3209519504849115,0.2845545303334315,0.1348755440715606,12.60883555537506,0.0706884086463584,0.0888778567808577,5.775888131523154,5.052914375010217,-0.3615031746699738,-2.774573026861733,0.0611346086155135,17.966151956172084,Alert
3085,102.83333333333331,0.237097484932803,0.4195968628721421,0.4041155101051453,27.57826595368404,0.5427508846296916,0.588372581973096,23.74109594391755,15.654396459429686,12.672258201978025,12.5695417645869,0.528664264078705,73.43070411717044,Drowsy
2625,87.5,0.1854853638191765,0.6249942886148695,0.3129074244217663,29.316732586775217,0.5365743881116983,0.634958186747236,21.591138475059815,20.08310593035377,6.016118321749229,5.162599846793347,0.4034051568902156,79.99389202605285,Drowsy
2135,71.16666666666667,0.2394255673432637,0.3893557198535491,0.2864044356255839,24.64708951741293,0.1565871280820747,0.2548780820271663,11.290155753368897,6.757332021477444,6.7781822078327325,5.988516247307349,0.2246049726197987,43.36812743927815,Slightly Drowsy
2210,73.66666666666667,0.2410834103804893,0.3186481217482605,0.280158487244843,23.81661459382031,0.2247400215641947,0.2203665072030669,11.40494285148194,4.337973943488059,10.32752449903301,2.1440478616534384,0.1752433739409363,32.18886900414835,Slightly Drowsy
3094,103.13333333333334,0.1558916483016787,0.6834353225071818,0.5435583630949964,28.483938568720436,0.5883354755276088,0.423232322307434,14.097685924552618,12.025150523697414,-0.1837768951263925,7.355727656905636,0.5142724783406153,74.08278086098196,Drowsy
1482,49.4,0.2294792950488952,0.3545706761586028,0.3212695592205624,16.93590961633754,0.3162907320699958,0.1931187455153732,6.935784436063939,4.429879991903192,-2.4007571470486377,4.766301933551569,0.1731531521903386,41.3857714380226,Slightly Drowsy
778,25.933333333333334,0.3494710861006411,0.264772296544829,0.1706497234270429,10.67748090694138,0.0203068794849371,0.090539627827275,3.4942195372063782,2.018900450985333,2.828815859691701,0.3625078966901005,0.0329509253672451,19.902679547837835,Alert
800,26.666666666666668,0.3022465848290654,0.2059857240324192,0.1672829678300221,14.158080366282752,0.0389664016041417,0.0568279347268102,3.4711485116982805,-2.539122439697044,-1.5422664131036936,1.7953115432994873,0.0651239487882736,16.010136721996425,Alert
55,1.8333333333333333,0.3459384986064475,0.2621494260400839,0.1719037519411988,11.553090710544232,0.0322282695969555,0.087546009860897,5.082292051175524,3.89247154161338,-2.7664959725328764,1.7392118402113204,0.067112757176099,13.507353480165971,Alert
1921,64.03333333333333,0.2722099455818315,0.2965173866949349,0.260801729236599,18.989444272585093,0.2787741355859637,0.2530209027741624,7.81581185539472,7.556626926561073,0.6330637240235961,1.8930226551803808,0.1547800594301298,33.99475748603939,Slightly Drowsy
3756,125.2,0.1131924899378396,0.3222406922246732,1.0302494053057496,8.098864580015366,0.1885321827325211,1.970180996423108,31.69467025448145,24.732897673565464,14.650191849964855,13.349448451845292,0.8344027056317801,100.0,Sleep
3630,121.0,0.1377671206275443,0.4118810165266829,1.101791436198999,7.847045198403903,0.2639811513578323,2.00594633833079,34.60422815444278,31.33343886463867,9.864600914837874,10.879240041090243,0.9205805809383824,100.0,Sleep
1702,56.73333333333333,0.2655384370952038,0.3313122224797812,0.3595013664409347,22.41317313341421,0.1026429938525184,0.1898740599982822,10.816568001218725,2.787515863199085,10.363765434216422,1.3491718429997088,0.1996993393897848,37.233959725961945,Slightly Drowsy
2162,72.06666666666666,0.25241990868727,0.373491181618859,0.2923021167091379,19.3451685865728,0.284672232647614,0.1823109789596738,10.011689768129289,8.575524160209062,3.343378266024733,3.939053079257604,0.1714268773542034,43.03172708760647,Slightly Drowsy
3834,127.8,0.1314768278330977,0.3996822978604043,0.7318613062777254,3.855723428735892,0.2750422261804093,0.20907870799801132,22.7345755547202,12.469126348898218,11.886548449557448,14.835490544798876,0.8675496518430329,95.12349507542974,Sleep
988,32.93333333333333,0.2871140433528184,0.3148204042825778,0.1639846606855524,13.625910139370518,0.0,0.0797526812351527,3.174395691373193,1.1791976432736004,-0.1502417965693999,2.943417796723781,0.0435539609158047,8.902012311492534,Alert
3154,105.13333333333334,0.1852399646390782,0.588181837849887,0.4987821699436663,28.98915783878288,0.6636469289989976,0.3842792061428723,29.263235581553957,15.6690102482657,20.936102639357102,13.13387531597488,0.4843546715505281,75.03186839898014,Drowsy
2867,95.56666666666666,0.2210305749628034,0.4084673914948111,0.4078748743797569,27.10135413127836,0.670699434479105,0.20907870799801132,18.71291379886068,13.36641418764958,10.976038429362376,7.144137107093523,0.4072826580672587,75.44895785262408,Drowsy
1395,46.5,0.2683045405880674,0.2396484319723416,0.1337870184862711,14.965565160261455,0.035571819982017,0.0756062590995232,5.5264589720369095,4.882335442436933,-2.074004583488329,1.5501788234912814,0.070226455984064,10.66965394718686,Alert
769,25.633333333333333,0.3003356977110537,0.2916330316628395,0.1273348323388611,15.134763073603368,0.0145714480080124,0.0675033076313103,3.0741489416844447,-0.7532162245995702,2.1964536781642066,2.014608714946525,0.0404677042931701,8.177128175754635,Alert
3552,118.4,0.132159679373208,0.4447946942287393,0.9115916977194608,4.531649098438532,0.1738198643575836,1.9594949032538316,46.58629538498837,35.69764452849351,27.09846616045457,12.713544925212794,0.8656683204414262,100.0,Sleep
286,9.533333333333331,0.3310750532611843,0.3133042419700915,0.1493651262731909,15.183679747588071,0.0392943563640482,0.0969354155043298,3.542813430531237,-3.3180685508787384,-0.297282900723807,-1.2056413115679232,0.0486452590126831,13.202743268272748,Alert
3530,117.66666666666669,0.1235561058151524,0.5374628540279208,0.9336704272098796,4.792498001530293,0.0896796623481082,1.917372509431501,46.176863256754,39.23664327781785,21.608716536625032,11.218373062169814,0.7875245321642278,100.0,Sleep
429,14.3,0.3438817309301801,0.278643998675366,0.1617494770596198,15.481325768294404,0.0663854447473597,0.0871394551853385,5.261585211081949,2.2031960551404968,-0.1136792451504926,4.776743985740877,0.0636851329039234,14.640644660430722,Alert
2333,77.76666666666667,0.2533733552003858,0.3396289400897731,0.2745288453176372,21.761647989802373,0.1856056677654348,0.2835885985250385,7.638743788125842,5.701982902682468,4.677254895415429,1.990247291534483,0.2113372474657552,41.66531082360482,Slightly Drowsy
2080,69.33333333333333,0.2488667691517352,0.3914541309620619,0.302062941552793,23.704531387328544,0.2074025113392862,0.2410327813320759,13.381273613351889,7.843510981818261,6.949290462702162,1.531371812860732,0.1376775313083793,37.46270198918472,Slightly Drowsy
723,24.1,0.2839018613231561,0.2955698738145121,0.1923469715749284,11.646492077494935,0.0948386809445751,0.0961114940561234,5.265474142861502,4.4395583432214085,0.0265731110066861,-2.831048133827413,0.0595574454442227,11.414679170708515,Alert
952,31.73333333333333,0.2952587258458909,0.255968841385313,0.1546293206566043,13.330253164603754,0.02164887189114,0.0636131681453085,6.407516784832443,4.896179991183319,3.671380867539496,1.8985929967506316,0.0504799791116865,12.533164453512846,Alert
3049,101.63333333333334,0.2097130141757658,0.3441395402760513,0.4579706825610854,20.92247725168226,0.5454194193871094,0.5004719051160567,27.68029114542676,23.17005627183914,11.466476555259984,9.892771384352915,0.4265984497426424,82.24125255082902,Drowsy
2263,75.43333333333334,0.2838330081679532,0.3001531036665947,0.2636624959490936,21.92025027806778,0.193155213261304,0.202781333195849,15.477915080092252,15.426569975416456,-0.3282061831695895,1.2161721594642532,0.2457530372035637,37.78440076405752,Slightly Drowsy
990,33.0,0.2978582953998396,0.2502226037980146,0.1581362941086785,12.795707372661186,0.0597041125221976,0.0973134930233474,5.593977056434344,4.703292394421341,-2.5134691835033456,-1.6894059974059654,0.0663164368003244,14.838716004911312,Alert
3742,124.73333333333332,0.1398022281715529,0.3751440524912805,0.7489513606416229,6.326605582292562,0.2307276907513917,1.7373640199934877,43.44381483307341,36.63971053103655,16.555168204611,16.45670274293289,0.8246569390572785,99.09366755829438,Sleep
2705,90.16666666666669,0.2013008865971543,0.5932262399915698,0.4959002054750119,28.4215196455309,0.564878894087897,0.5725898020748705,26.557238093743003,26.23275710311521,-0.3799867479015901,4.121281355128768,0.4871575717512159,78.98906632687792,Drowsy
327,10.9,0.3026076280700734,0.2478655555804199,0.2171875201932468,13.0094258047456,0.0927351733477606,0.0920824177917703,9.286821560171187,7.759096880261972,-4.438332669419172,2.518466479573598,0.0629288174080145,8.580149263339717,Alert
2609,86.96666666666667,0.1557088647999908,0.501627045471507,0.2853293788059365,29.07353202818249,0.6414617899838712,0.4148893795786199,14.471361279421416,11.884712080543048,-0.1897989902627337,8.254567970852671,0.416144820665718,72.91180061092795,Drowsy
1384,46.13333333333333,0.3434829972558114,0.2927549126997372,0.230077408271295,11.789309909098955,0.0305111623332711,0.0842476017204698,4.955744925829067,4.202017133710555,0.5382885638847996,2.571518073021132,0.0267662025806736,7.091460366675768,Alert
1725,57.5,0.2649263304511825,0.3983251883502789,0.311366806948979,22.10105368061064,0.1296103676231926,0.167986374718562,16.07835419801521,12.355602193271825,9.742708415199186,3.3063878923769288,0.1593746386367869,49.16326244002805,Slightly Drowsy
1087,36.23333333333333,0.334431559180023,0.2292180474992096,0.1552511794022627,10.9979525004124,0.1565871280820747,0.028949196959585,9.18766316881183,0.9942249431181932,-8.981119807981868,-1.6625757909637802,0.0301810210053626,16.661354843597486,Alert
3218,107.26666666666668,0.1888509887941162,0.5370361342992804,0.381701746010635,29.546761049010684,0.4124135706432363,0.6244219845599159,26.375574602214947,14.325238636141195,15.690356877929222,15.629177030727906,0.4400770778067611,84.43897325782542,Drowsy
342,11.4,0.2446494854373704,0.3238494922049619,0.1665532615109955,12.269374176835258,0.0,0.0820687625861621,7.153884345005112,7.10519010035936,0.8320753858940277,-0.0445579583674266,0.0464416462153397,12.373993561677707,Alert
148,4.933333333333334,0.3012052237476204,0.265077484132806,0.2144533712759026,14.28317602634441,0.0,0.098384578691504,6.029749473325148,0.3296397861525151,5.619893328652637,2.160096131429297,0.0310535620868249,16.63331067710702,Alert
3117,103.9,0.1745277482061649,0.5674044603844813,0.4072592881998177,25.85418103378944,0.449252696693867,0.20907870799801132,17.991038128001424,7.967636924815032,14.094142077479557,7.845340901283087,0.4072900079158455,63.72284942737663,Drowsy
1108,36.93333333333333,0.2982102382232893,0.2267747464628058,0.1915248053390243,14.001348406572196,0.0621184922999492,0.0779089722286294,4.400063994978527,-1.4857443755110444,1.540564107764206,3.8444491205389055,0.0481842515721309,9.627761507427657,Alert
849,28.3,0.3256317430503762,0.3012366752572243,0.2223207696126268,13.225722970483568,0.0270205317833489,0.0974340517119762,4.3333723574422125,3.273783909824215,-0.5619909294639026,2.7829159339118843,0.0357551138032013,11.967153511120673,Alert
967,32.233333333333334,0.3524967810882651,0.2550085389677891,0.2079266214837551,18.52630619605248,0.0985977642741987,0.0821154076704824,4.773390421585112,1.1705530705696945,-4.585773888777859,0.621079275828408,0.0176956554405816,7.826541653139863,Alert
3285,109.5,0.1772814902638096,0.6200652881112838,0.3839346236284921,26.428858222909422,0.5724677292238354,0.5855368855470965,22.947217449473538,18.32721047335608,6.393327117702472,12.239833058697336,0.4030703516571918,84.5770882998874,Drowsy
2204,73.46666666666667,0.2386371018948917,0.3250984247679518,0.3048368622755666,22.741898274774943,0.1028354686141847,0.1220870506759621,14.284100220866952,13.586306414240523,-0.8899169012702313,4.319241258250307,0.2404277172935269,42.61488853603888,Slightly Drowsy
662,22.066666666666663,0.3259035602469775,0.311673671452297,0.1732257975277187,17.591073798897167,0.0218433469833782,0.0589059109006816,2.405981625509335,1.831924232009672,-0.2477777260538713,1.5399374626704452,0.0245007435187203,17.10171668093343,Alert
1003,33.43333333333333,0.3390785575177414,0.3122868409581588,0.1837312836690278,17.995277239379398,0.0586687856849153,0.0516635294410162,3.2373998907661727,2.9129225026208028,0.7346919051381877,-1.20659369755631,0.0514711767375485,5.234148697522981,Alert
3715,123.83333333333331,0.122601874235203,0.2834675466886802,1.0672935565620112,3.1526473751300275,0.1561269445851072,2.268952492020979,37.82629924543516,33.24010904490003,12.268282725718722,13.244368775075522,0.9512274102931184,100.0,Sleep
3363,112.1,0.1862013570779884,0.5145557208468206,0.4830923055929834,24.48843005748209,0.4019616473479009,0.5019848743398317,25.63190147630405,17.753951539611307,18.179740990994663,3.359850520549922,0.4558723667852994,73.72428625627369,Drowsy
3124,104.13333333333334,0.1691065437882995,0.5380079997522172,0.5710951499915765,28.991722688839182,0.5048240167501765,0.5271542656911331,19.60663777189636,17.20373846593092,5.202314717338368,7.835020682548739,0.5409914170681884,86.02365981810652,Drowsy
3556,118.53333333333332,0.1698509252419623,0.3631039546702858,1.4002502956685472,6.879652105697538,0.217757180649213,2.3951163553776222,35.13097255083048,24.879597114098026,20.78367792218728,13.536233295645992,0.8620895103456744,100.0,Sleep
1880,62.66666666666666,0.2260368317504998,0.4550692332793158,0.279526514150387,20.11525039551981,0.309019266159917,0.2498328621985401,10.61475107225593,10.222640978400335,1.7204083223515765,2.282706060155811,0.1924651529489892,45.83036319260593,Slightly Drowsy
3780,126.0,0.1172866318192508,0.4990147208000274,0.9534029657726252,1.7533343792858922,0.1937456861214896,1.417598151134444,46.48616347560053,36.401778897062265,18.324058658733517,22.3629774869301,0.8649625400309808,100.0,Sleep
1204,40.13333333333333,0.3583780434953163,0.3258568199619005,0.2059375437525531,8.593302473713676,0.086842125121917,0.0941102677212049,6.027055174210432,2.6398609426958664,-5.190666378436457,-1.5535478183741207,0.0166635446093186,3.3828475341813826,Alert
1991,66.36666666666666,0.2532277409926902,0.3472937088404948,0.258073484842394,19.664416380851645,0.0715863646046774,0.1635224021275334,8.081629761426946,3.707012646462366,1.970619216063856,6.905610526595728,0.1736975217778489,41.51892443799154,Slightly Drowsy
25,0.8333333333333334,0.313685796215171,0.2363275886312303,0.228972339117949,10.424646555098418,0.0323982205321206,0.0826148115457218,7.440615763414572,5.6031832226652885,-4.307586453538319,2.326327504309919,0.0402046612203917,7.958481903713427,Alert
3771,125.7,0.1193694506100662,0.3884123914523724,0.8899697325185654,5.635308647222078,0.2243903083503781,1.7839423463173694,44.09264829752039,38.5530748652233,10.385910869290866,18.7070817537226,0.8145794705982131,97.88931134319289,Sleep
2701,90.03333333333333,0.2051373240335579,0.5370529043282224,0.4455384995603344,26.8576069242202,0.5770736160950265,0.4203655015863274,23.62144328932995,22.058591996407877,4.733528243318823,6.9989150999811685,0.4631391925124615,69.64050312536946,Drowsy
2769,92.3,0.1927535047200289,0.3507643175493727,0.4220785570654085,33.9892792112027,0.4574512240900721,0.6110881283051989,22.5787189240008,21.817119064921016,3.5223920887845037,4.626512501761986,0.5148260405890753,69.75140601015393,Drowsy
3337,111.23333333333332,0.2137805567228697,0.6543627992564816,0.5517955553337712,28.650913230196736,0.5422470738671742,0.697596469484246,10.659546637155405,14.494924016614563,2.928804277700512,6.644482189723593,0.4080979683466049,75.6803288483741,Drowsy
876,29.2,0.3030023525813292,0.2864736905569731,0.2520475098309105,11.84202571958293,0.1316053554398767,0.1200884660735034,2.4087224694903417,1.7567221232460222,-0.8944575785997009,-1.3841303973293837,0.0386359493933466,6.193503608154068,Alert
3610,120.33333333333331,0.1348434802925371,0.429811837428541,1.163092101116372,2.7650384796698684,0.1047497250441245,1.7187528204981586,27.546868482076075,23.64077744002699,12.143448989042108,7.244325493131804,0.9237743408239236,100.0,Sleep
939,31.3,0.3483231596825258,0.3521147944455645,0.1875601128360578,15.497710463237055,0.0914802129747663,0.0744903536964195,4.653109449841796,2.4557005588446743,-3.942598588869328,0.2772700570609019,0.0499622399128908,14.03383324148687,Alert
2395,79.83333333333333,0.2565644066396197,0.3249989853532211,0.3439079730384367,16.04735072212895,0.2380672301475173,0.1489096932624027,7.983525188145243,5.217335723303022,4.82474681473802,3.638392578292094,0.1891706736438165,41.14641482827062,Slightly Drowsy
3347,111.56666666666666,0.1814190746003144,0.4427063767897999,0.4769894815151571,28.924945392426,0.6149741312689814,0.6019753727449066,19.31150610318533,16.821806235877943,8.544765587811023,4.11680507011234,0.3909191987000783,74.20593946182947,Drowsy
3986,132.86666666666667,0.1090843138544766,0.3530388550988529,0.9166215338923036,5.148409842237228,0.2660361998415368,1.9482747435601695,35.41229206028024,32.575244488435985,11.323813610465905,8.040840801597492,0.8496703372127221,100.0,Sleep
386,12.866666666666667,0.2905135083873055,0.3302280589727783,0.1695809313312647,17.633188690106362,0.0468707736376592,0.0431620445408428,4.793615599351477,4.230168999329301,-1.7696769532668233,1.397377627034087,0.0405042173508016,6.232618389434913,Alert
3413,113.76666666666668,0.1142821206267858,0.2837528505247477,1.0054100099521557,5.654466618778986,0.1783152852647855,1.9822629744611813,40.06394986193588,34.91704743894157,16.84845218804147,10.101957016028903,0.896362042020078,100.0,Sleep
3595,119.83333333333331,0.1465364896242583,0.3223306978842429,0.8594330306040272,4.64037529384691,0.1103012792531352,2.212523281114558,32.33849756196664,27.87394991847444,11.888409430744437,11.291016859197766,0.8292165220734459,100.0,Sleep
2929,97.63333333333334,0.1828355762897083,0.4691765873451977,0.5342224070276118,27.78693814109894,0.4817075065985735,0.5000484976237161,25.15382763200533,17.94459736932848,16.01771089501246,7.357948591633646,0.4953372981124444,79.15267548238795,Drowsy
2292,76.4,0.2292481625702068,0.3541016207915657,0.2583532361285799,23.734551498783976,0.1291737951196529,0.2035933648851382,5.828305142373421,4.170639069697561,1.6009830473647495,3.7432290692635135,0.1893887093136862,37.99534070803263,Slightly Drowsy
3173,105.76666666666668,0.2138830237455128,0.5528475398244281,0.418149127470598,23.025688637676023,0.5895123190489779,0.4627475206522473,33.0942100866256,24.039767380262884,17.466703655820396,14.568136083943989,0.4596628205952716,73.4736098146484,Drowsy
937,31.23333333333333,0.261107412746816,0.335110522521682,0.2125944036867114,15.114399628042822,0.1262996269021307,0.0604527176503257,7.332021006849412,6.719062801565012,-2.895642230251644,0.4774758505827131,0.0145232534973159,12.712608507941008,Alert
3452,115.06666666666666,0.1278045073525335,0.3795049418359714,0.8998120627148058,2.843150047837557,0.0989739582258487,1.5778072769575715,38.772562495022754,34.117775711644256,16.937055083889533,7.240521252346012,0.8190290913586576,100.0,Sleep
2361,78.7,0.2422978924631109,0.3233681908976193,0.2373823304179766,24.323625941336477,0.2691612692614943,0.2159574877666979,6.952150324860472,4.101764823709045,5.322920140389851,-1.7816960036641412,0.2329203707483216,32.87893695081271,Slightly Drowsy
3922,130.73333333333332,0.1352121798707264,0.3676617114613374,0.405269177911311,2.3456403510276456,0.1307621516295696,2.099320298521846,31.69103026796836,24.119796398523107,19.131498014755454,7.519481687622262,0.8704454817034193,100.0,Sleep
1333,44.43333333333333,0.2600459226187275,0.2307048978371074,0.0824899957141288,19.280223318132272,0.0585813167554566,0.0615071196310393,3.4163618112670795,3.1315600749503023,0.5680021085404975,1.2418667912279826,0.0641906280227253,11.11853478385794,Alert
1935,64.5,0.2456178567533274,0.3634083550193293,0.3085426460631611,23.48163183530293,0.1870536589588515,0.2022215496356666,10.847148757324751,8.517122859677343,6.669577752231341,-0.7974879081430064,0.1369044414440425,46.96671882511424,Slightly Drowsy
936,31.2,0.3278505650621529,0.2767236841821772,0.180276809789864,12.533263528095318,0.0199533112150448,0.0600285922703512,3.045796454877513,-1.4799582169926904,-2.639152084153669,-0.3485340689338512,0.0420623516489127,10.198255342612962,Alert
2419,80.63333333333334,0.2201681088471896,0.538118032163866,0.4523592668580256,32.23179806025759,0.4310385102768954,0.5728547769871923,23.717391111827126,20.1173124580071,6.726591098236911,10.609493523039104,0.4733986219440697,75.21672576934122,Drowsy
567,18.9,0.2843495470719887,0.293785562635766,0.2048797131774858,12.420871188715893,0.0616481102055213,0.0727285341016994,7.633572283518942,1.539919002002493,-7.463466172686994,-0.443562807432271,0.059387386048161,9.666386975018549,Alert
1855,61.833333333333336,0.2363595637027189,0.4202684777892245,0.3738560529597359,24.29734855294463,0.3194265513092126,0.2288290895318427,10.659546637155405,5.130082920647342,4.8006066592296985,8.033302365243605,0.1590578502949019,34.328088881069675,Slightly Drowsy
3231,107.7,0.2009538975473413,0.4492500139461243,0.6236142957498245,28.706497483047357,0.6158214737260973,0.5282088783571659,22.3592603087876,22.226551646897256,2.2094023506271903,1.0175778579433414,0.4378669944803088,89.86833092466883,Drowsy
2468,82.26666666666667,0.1828702491748902,0.3821971417278878,0.4588605514706051,14.919516780418832,0.4121590897194685,0.7260161075155311,29.807971677350874,25.225336644368845,12.923496152590872,9.229345257925026,0.3034880450832921,69.0707671739663,Drowsy
1646,54.86666666666667,0.2785246851615953,0.3886362659664911,0.2347564101932463,19.89843562043964,0.2298213779421122,0.1637396887626891,10.489778833472084,4.461309857148351,9.379838664696596,1.4665609288170331,0.2181866726411754,48.12492069785192,Slightly Drowsy
2827,94.23333333333332,0.2057521122050228,0.389215403590868,0.3494072768336247,32.00565388854801,0.6342924780611277,0.4578634424862668,32.37086424961192,21.738150894871733,19.59635282031549,13.831435358642404,0.552299462577572,80.13529126101669,Drowsy
1793,59.766666666666666,0.23703287259355,0.276610826972626,0.3144073648087231,21.59814036123051,0.175756654324234,0.1781778487835389,15.235598237196882,13.551001185105433,5.4183611144187305,4.374378054112713,0.1865046249432906,42.57723520272936,Slightly Drowsy
1431,47.7,0.1931211267045646,0.2901885434881904,0.3050115805016827,22.105992727935373,0.3258508817634322,0.2618090578353927,10.49410095417906,8.515662325113814,5.252952996002847,3.1648277714472512,0.0737967192848203,31.37815004920757,Slightly Drowsy
3092,103.06666666666666,0.1967424632390332,0.3951582525224488,0.4147274416697937,31.811769646217456,0.457282577184363,0.4017872400545019,16.202000678469208,14.24091156855965,6.799804493504114,3.6693218081413743,0.4552233559881506,74.0750203049904,Drowsy
1014,33.8,0.353652585596562,0.3214807061003769,0.206949076490671,12.265583481258124,0.063698035167076,0.0544525773289876,4.360556604284335,7.843510981818261,-0.2219543446088066,-0.8186404291733704,0.0155251030668746,1.7011361606405044,Alert
1929,64.3,0.2678315691339023,0.2720024036963935,0.2371512710795716,16.32052700239646,0.2165697021656699,0.2074419084860485,17.03279447122832,13.707590123557235,7.655306624582201,6.604115458355501,0.1915443860519397,34.891971411742496,Slightly Drowsy
3001,100.03333333333332,0.1906517886831275,0.610320105468437,0.4236159488460804,26.52692517854832,0.4727813855621425,0.4671059259197152,25.23328646206093,7.843510981818261,12.902237767867751,8.908593750205132,0.3968671476112591,74.31170307154426,Drowsy
127,4.233333333333333,0.35254353223497,0.3346528918854399,0.180960124471973,12.116455324134542,0.0683988857175646,0.0664456926049578,7.083169501820928,7.0334681188165575,0.4096059932482123,-0.7306431026242174,0.0436936061172981,6.854693916483291,Alert
2790,93.0,0.1920185453469413,0.4389409172606214,0.4558845367837096,29.597718729682704,0.5992924407031476,0.5564363826867078,25.616484519719897,22.63085402409991,10.176620144454322,6.3627924470641535,0.3751108272617837,64.0799234175099,Drowsy
1348,44.93333333333333,0.3008807927536867,0.2884862040102949,0.1897126520169448,10.273767835657766,0.0963426197128928,0.0965044883836325,5.25881388157369,3.2047540801008467,4.070185472136363,0.904579985141836,0.0489716175850369,18.326293349171408,Alert
356,11.866666666666667,0.2446494854373704,0.3263901238183277,0.1377955497150738,15.464760502911624,0.0205291945620951,0.0516946561615162,4.302420974118813,2.546335106027364,3.0284153657879065,-1.6898828771869927,0.0100196807908319,11.373807511161289,Alert
828,27.6,0.2892618437195653,0.2837530250946704,0.165003868964849,13.14726766964598,0.0908785262024001,0.20907870799801132,6.241397339643023,5.445356701244032,-2.971869670131773,-0.6863831373734239,0.0551796339092022,14.243315748984823,Alert
1640,54.66666666666666,0.2307997895562434,0.4023022504444704,0.2103403337354362,25.398809184337708,0.0877041292203806,0.2385042909630661,7.337818979253955,5.761638658257366,-0.927474752532321,4.448246612699091,0.217150701403031,38.53431192700723,Slightly Drowsy
985,32.833333333333336,0.2921188365905796,0.2702591410443198,0.1688380702400602,14.702227816502928,0.0278883632981928,0.0680938860461203,5.764720709484133,5.589641160214745,0.8537003714235788,-1.122101704044536,0.0349833265637753,18.75456220323917,Alert
2189,72.96666666666667,0.2363346660556434,0.4185841098611406,0.2877752059173907,27.587625836800648,0.0790556204257279,0.1555159242420797,8.033316203941736,5.139266404555588,5.669597110146115,2.444949624049942,0.1603840298975031,49.092388746882285,Slightly Drowsy
3409,113.63333333333334,0.13424150452573,0.4528423618793579,0.8698716188333732,2.596465817682382,0.3487664787396051,2.035051097579791,40.48469841289212,27.457124508727095,22.32192703297934,19.66846950907552,0.889382589893592,100.0,Sleep
2444,81.46666666666667,0.18561672097699,0.4728850891924377,0.4828833882743876,28.721047724003245,0.5338768507307257,0.6190769989585287,21.88392014358861,19.89431041371168,8.260139320102768,3.859076628720752,0.3826203839141273,64.67746030090846,Drowsy
363,12.1,0.3988014183628021,0.2406777088366141,0.1872864603945082,8.794753242027532,0.0721259662551683,0.0690359940366645,7.948008791040242,6.808614487062383,-2.3238449100557457,-3.3783660759345238,0.0305747251859496,3.347634812977838,Alert
2350,78.33333333333333,0.2382197392137047,0.2633042594161283,0.2202340081942976,27.79072175344217,0.3201550839038773,0.2301286014399579,11.287315378466536,3.0972303655656512,10.039895951908042,4.124456544860881,0.2061969779340613,42.70948186592766,Slightly Drowsy
346,11.533333333333331,0.3118597236962874,0.2742482677940113,0.1863628005922252,11.516603251045122,0.0093648469204008,0.0522291489233757,4.176172774648853,-2.0006777612592748,-3.6518480766614383,0.3189250136082583,0.0221442496901623,13.20219612709984,Alert
2744,91.46666666666668,0.2086206903410439,0.5467305304659352,0.4197464267553286,28.855613102059262,0.874776348818651,0.4814463370174319,18.69485184460945,16.750282043692152,5.991325602201815,5.747134457889665,0.4971042047369751,80.97193459879276,Drowsy
3399,113.3,0.1756226510946555,0.4611036869866271,0.4792476095489101,20.71204932755935,0.5052388979916325,0.5117834369924774,26.875156282579773,22.808869101111576,14.157118207011514,1.2670910046827115,0.3914813660820815,70.51584380845266,Drowsy
712,23.73333333333333,0.3413337244335037,0.2627033491926581,0.1885153370190821,16.406256479883247,0.0966237958057651,0.0788233429173695,2.7770156225099485,1.4476706876509686,0.5733727015091765,-2.2994149457948114,0.0361278097792898,14.317237710945776,Alert
3106,103.53333333333332,0.1945318591808769,0.4884719941839134,0.4554942818916254,25.84711600057607,0.8154224748142129,0.5114471625295136,23.968563039977766,12.660585642298864,19.530495149998465,5.723752666851574,0.495050107568171,80.08037797998664,Drowsy
2955,98.5,0.2091272697427966,0.5825794474047244,0.4772429271747041,29.67337862168561,0.4335774836127998,0.7191349601502721,26.29135099762785,22.7812457510032,12.8503403875024,2.668095057937484,0.3715142487041196,80.08534252804691,Drowsy
11,0.3666666666666666,0.2720307196175239,0.2790720143592774,0.1818069062982308,20.158105281213217,0.0423055614087551,0.0860309468466722,4.60183269072826,1.913220575736892,-3.506034112858596,2.285645629030041,0.0550386606537354,15.374950767139428,Alert
3219,107.3,0.2135260810817375,0.3967217960964208,0.4577649444262955,30.255394175601506,0.6217258378511555,0.5678206804974992,22.975154099634636,18.826556981636102,10.030524148691404,8.532704343974741,0.3543424720790668,72.29800528393174,Drowsy
2117,70.56666666666666,0.2422647442253669,0.3767034681080694,0.3470390348427202,21.54673700230432,0.0204088564833258,0.1903216715380873,13.595901994646,11.176880527392552,3.656242110012681,6.823326634229255,0.1981176637255127,30.26464567034746,Slightly Drowsy
1835,61.16666666666666,0.254591747939514,0.3480877849050773,0.2752336292019506,21.794107567911823,0.2223814166182573,0.1616271693912412,8.648830357653438,1.871308657942616,6.617189573897102,5.245309581453148,0.2098254333121121,41.16892225126348,Slightly Drowsy
794,26.466666666666665,0.3280046963730468,0.2751582651294268,0.1686772979660901,21.894428207610744,0.0862714909172959,0.0882629495190524,10.659546637155405,1.4169787544840151,-1.3536564808316296,-0.2616011874539113,0.0458565768717336,4.080275222576173,Alert
3701,123.36666666666666,0.1164685390395254,0.3679281578762627,0.2877752059173907,4.134909363555476,0.20395993124223,2.1618689178352515,36.95964042306573,33.314971016379616,10.933267314062917,11.687232017006574,0.8174400013850854,100.0,Sleep
2675,89.16666666666667,0.1846586180162072,0.3423405680004269,0.4589630970108764,28.21123052306952,0.5880300384386078,0.6241373892477333,22.4835186684046,20.25851976697971,3.30136281099848,9.176164348656071,0.4997676502734958,70.43995031428179,Drowsy
95,3.1666666666666665,0.3079203384425156,0.3350895367151512,0.1432270301099297,10.33906279947545,0.0589780727423988,0.100941966052243,6.716489940026127,6.209819228644672,-1.37665278860682,2.1573616668625912,0.0392298306099858,11.78485600523668,Alert
130,4.333333333333333,0.3326958939072406,0.2988403627667372,0.212175220119294,13.087618176142788,0.0164316133064397,0.0591038161195793,7.170954450324594,-2.9158914734400048,6.168621389820967,-2.2064167314433663,0.0355749275282845,10.039541590958924,Alert
2372,79.06666666666666,0.2086136329830462,0.3412608103093384,0.3159799984990864,17.72380119034424,0.2460875782515865,0.2305145424474581,8.01500950731891,2.549084504682436,3.088954845150518,6.94268705581791,0.2060237047985497,39.03358569867994,Slightly Drowsy
2985,99.5,0.1964720118229374,0.5285058114404722,0.414801837432696,24.01540468240997,0.5826230977351265,0.5364733319825046,10.659546637155405,15.45312900837252,7.29421631179779,10.30493381557257,0.191037117183726,72.97901801416512,Drowsy
3895,129.83333333333334,0.1468130887418893,0.2758458477827898,1.015068390745662,7.682589968231308,0.1427766744879056,1.5471978823365666,35.63692804664909,29.75911635232187,8.696834784996462,17.57130328841572,0.925658692639438,100.0,Sleep
2264,75.46666666666667,0.2578716130067143,0.4117328684934104,0.2994599606692812,22.671179715858724,0.2750888615755187,0.1642772577398012,8.375665393179878,5.262729046763996,6.142550353860655,-2.1735981480356275,0.2366633529337877,42.958952123614296,Slightly Drowsy
1901,63.36666666666667,0.2514912812412099,0.3412141045473141,0.3181235221996997,17.73768843137095,0.2344062118693988,0.1738523725201497,9.189101535119692,7.780633086892663,4.275724209233891,2.3705523146434557,0.1991124738507753,40.97524472582168,Slightly Drowsy
3685,122.83333333333331,0.1359094943181258,0.4098968041961045,1.1141456723905847,7.123463704499724,0.2340697159316766,1.7543086792753282,38.608964076193615,35.01047601233608,6.989706416487533,14.699070740620376,0.7034811516609161,100.0,Sleep
3194,106.46666666666668,0.1809945984737415,0.4568333403946313,0.5473399110303044,32.6296599581713,0.4666398174687278,0.6293537634402516,29.191361657169136,24.074364264520877,13.711290949514536,9.19570993216758,0.5168826154402884,82.0490983547401,Drowsy
1933,64.43333333333334,0.2884407387921309,0.3608810655488426,0.2175462806760044,21.01564982782165,0.2050124915948637,0.2179587022228085,6.104817054239696,6.098993165612037,-0.0462811028175629,0.2625484547192931,0.1538560285927331,36.54868684478312,Slightly Drowsy
2858,95.26666666666668,0.2136437616718621,0.5095060441124646,0.5691414665351349,26.014436897173592,0.6352612425678758,0.6010841979461871,16.449664893178248,15.719245964099894,4.727146425004544,1.072785204296209,0.4787184545776065,83.8353073972245,Drowsy
1866,62.2,0.2511648872131876,0.4254169183527164,0.2740338404413103,18.378181927941178,0.0729084665122674,0.1691134125254139,9.16522896964559,5.5645230838015625,7.279996543669036,0.1978768304709457,0.2421500754291854,33.32280529168295,Slightly Drowsy
1659,55.3,0.2427707134167307,0.3410260371994127,0.2877935527594239,19.560223805197563,0.1942136798958154,0.1704949493891658,7.52320160380166,4.546277641572845,5.947543801202287,0.7460862617412101,0.1492722305997807,31.72356705033985,Slightly Drowsy
517,17.233333333333334,0.3244905568157981,0.3270801667158345,0.1907921692538036,12.753415260528872,0.0119526251844817,0.0731635635950773,1.2495891315998602,-0.5173184023628603,0.1434759593540488,-1.128392359720973,0.0101192441342049,16.35952013365817,Alert
1858,61.93333333333333,0.2467433192089779,0.3441727148395129,0.2716374407330997,19.337431536280462,0.2201918565321639,0.1544614963538278,5.767946474818181,0.3860577469073485,4.878406727254195,3.053082664439553,0.1571531993425122,31.9108750529794,Slightly Drowsy
2646,88.2,0.1930913495722923,0.4566282721471269,0.4418190997232664,24.33286745589259,0.5208108252049081,0.4781452964850107,25.839828973359133,23.275639081849125,10.48982222631728,3.98810937214712,0.4988557566682885,69.59666572681431,Drowsy
2244,74.8,0.239684318649602,0.3193920818224215,0.3514011916645377,19.838797911219967,0.204124177394621,0.191923455988757,8.310513176027518,7.774959716034914,1.541052212136259,2.497956913645875,0.1957580803597574,35.486519807098404,Slightly Drowsy
1278,42.6,0.3188459514007507,0.2525996721395878,0.1511865913804835,14.715683341943606,0.0162105036483529,0.0637868488860265,1.933330462455384,-0.3476328592549267,-0.2337241389939552,1.8874032687996825,0.0701305727262453,8.725100846853781,Alert
3879,129.3,0.1334548870476754,0.3554089974980752,1.2025432008614252,4.738728374619462,0.1363131234182963,1.1256373115556286,30.26534204308081,28.01751492504709,4.739304086404463,10.418674732710876,0.6935312297904141,99.12645237661988,Sleep
951,31.7,0.3313911727522148,0.2522372580977538,0.2074696141277503,16.966038976294023,0.0104451060945766,0.0701825421021286,7.972044910407843,0.6701712292697692,7.897158614032495,-0.8598002104157734,0.0735525088431227,6.596071139402816,Alert
1121,37.36666666666667,0.3355692281306887,0.3088174890317011,0.1206121717244241,12.966402994058724,0.0879880153711148,0.0854893667127313,7.393732900906351,-0.9912876203773324,-7.290367127182069,-0.7315614906040128,0.0385682861421224,7.860395920183105,Alert
2598,86.6,0.1716396185147602,0.6016968839456583,0.3512903417487763,28.60339908512499,0.6620769186422346,0.5162066684397726,35.24521603898453,26.449599172534107,21.507317953561024,8.948700000078622,0.4778969759413191,84.73425921249245,Drowsy
2205,73.5,0.2379912664706559,0.2886975479152144,0.2223995785471988,23.31843197036735,0.3160781058359987,0.1841816361318188,8.561976595211357,5.054978382477225,6.789924363244746,1.2851318652381332,0.1909793163051368,40.455657309622985,Slightly Drowsy
420,14.0,0.2990276831493565,0.3507643175493727,0.1194021800353159,17.604862514504724,0.0295050303729322,0.0811172787968899,6.747514750840236,1.225875715029847,3.4380827250402453,-5.675012882794758,0.0396677931534818,11.36564074778762,Alert
923,30.766666666666666,0.3046263974370989,0.2511191935089062,0.1867871426600226,16.79483455681788,0.0032273893965412,0.0769970433596512,2.6135811955472192,-2.3312364874183187,-1.17960301104657,0.0684093690761508,0.0229075071648986,9.236568875653967,Alert
2933,97.76666666666668,0.2446494854373704,0.5420296284226277,0.5436890553559829,25.869134663729625,0.3420917437122367,0.5940566903491189,16.51394579743901,14.222008758280005,2.2881920825501894,8.075212051303355,0.5081007349265813,71.91495931638568,Drowsy
478,15.933333333333334,0.2810303251244039,0.3086780643848792,0.1927166844733195,11.585543417840102,0.028457053068135,0.0706648237609711,3.7516861498649376,-1.7074610799560452,-2.4530471898154014,-2.2676607136127083,0.0317504197622412,8.737115817237722,Alert
2036,67.86666666666666,0.2283762304392201,0.2714673845038862,0.2512192194845589,24.40719207328847,0.1526682081187398,0.1866798811205476,2.238791687345264,0.971058102419013,0.8138976993586109,1.84575321103104,0.2056960169018845,29.88489467075709,Slightly Drowsy
2903,96.76666666666668,0.2002377646111658,0.5417829860006257,0.4405774001356935,25.26097239031417,0.6001727845836293,0.5214952434983382,24.47981699672059,21.06839751410222,10.664605773567985,6.4537004946838135,0.5495381283524545,76.24304574921975,Drowsy
1693,56.43333333333333,0.2527936393057046,0.4326698552907338,0.2644315541921295,21.716635013421293,0.1565871280820747,0.2136348316538512,8.218170522242291,1.4970347709639746,4.395548863420735,6.780587276663995,0.1785223525413,23.876990587653168,Slightly Drowsy
2950,98.33333333333331,0.2005133627339626,0.5409060053756756,0.4081063841503117,27.72349443585772,0.4733254179036674,0.6861711456225998,24.46427907570766,21.585300761276983,8.951386964195356,7.242127667789076,0.4464521917767452,75.9346934467969,Drowsy
1472,49.06666666666667,0.2601172871623231,0.408666872480671,0.2497609883473995,23.281512840879888,0.1594636659031809,0.192440750219495,9.817962714028036,7.562425036127166,3.9732857077893113,4.83891724575643,0.1994834623646237,31.914457936130663,Slightly Drowsy
2602,86.73333333333333,0.2019957643798751,0.6998922114192077,0.4670154806526575,23.562905391230185,0.511658748744055,0.3385752750267194,25.991641421115958,18.6869935337644,17.872374062696885,2.634376927464584,0.4504812914155634,83.40502985067413,Drowsy
1203,40.1,0.3424561143214057,0.2742728215199878,0.2113315815562973,22.57227619502053,0.054606092577619,0.0537652661550975,3.7560661000568127,0.5342873761196201,1.8764280009121528,-3.209608621796125,0.0433880614982413,12.8903711468866,Alert
2439,81.3,0.1877933981649459,0.3169232346852603,0.424735713889352,22.93871023887601,0.4438038847248624,0.6210342481352485,18.80459807650912,15.759211906073912,3.0844203926926888,9.785014039828978,0.520495858142636,78.87125389861939,Drowsy
2627,87.56666666666666,0.1807646954483622,0.402195267724615,0.4887831899587828,27.47993121187029,0.5437896112848745,0.3794506556155106,22.558152919884677,17.831986013693975,13.801822431896095,0.6326417017028829,0.402521561887852,63.630829074470455,Drowsy
1670,55.66666666666666,0.2842161708822863,0.4216459293338741,0.2665302787980842,24.85018935098756,0.4397758633375311,0.2042063992740485,7.614100165940441,4.785731119959933,4.689679408365597,3.616380238743295,0.159018530439996,42.80300910289234,Slightly Drowsy
3718,123.93333333333334,0.1183434128237874,0.4813692422282826,0.968593760923187,3.658998799542715,0.1824161651384598,2.3036650446027296,39.064297666056994,36.89530642919514,8.681326601443232,9.45464351930691,0.9641857828142428,100.0,Sleep
1971,65.7,0.2600682442439982,0.3449541143377325,0.2725354711308558,19.02071812917906,0.2737353038514216,0.1911546883353431,11.73500405728408,9.12758116591916,-0.7743662561360711,7.334707845946521,0.2310949615405289,29.65914633178032,Slightly Drowsy
2152,71.73333333333333,0.2446494854373704,0.3507643175493727,0.2697159752875765,17.679580197833893,0.0741252128807589,0.2145091826626388,7.967231314031792,4.337613910399343,6.674898021089914,-0.3280499712678284,0.1584435133355757,32.414320618074,Slightly Drowsy
821,27.366666666666667,0.3247157770391995,0.3362823536510455,0.1489318783186381,16.202647230143583,0.0518919497251491,0.0938933824823717,3.392768644443416,0.9087128418361412,3.2150411216717694,0.5904495166904855,0.026411100301645,11.640571723488945,Alert
1998,66.6,0.2404326656682412,0.33103212533274,0.2675942001995728,17.099141699370882,0.1232314150230527,0.2344048156793986,13.45387176695363,8.05634370126554,10.537097943906122,2.252012124576696,0.1655394709157253,37.99533483333968,Slightly Drowsy
3846,128.2,0.1121103225569623,0.3299032970562924,0.2877752059173907,5.736439258152332,0.1640337457130457,1.412645518120709,29.871867874153786,27.31220801178069,7.061982109588282,9.823451149976696,0.9406847705728708,99.57276106736272,Sleep
1249,41.63333333333333,0.3270500135638627,0.293173599666122,0.1881582177282162,13.870204103059848,0.1104513249644296,0.0537467887840144,5.364042523215288,4.553645260038442,2.467026896062655,1.3967982426588024,0.0623395885528025,11.807830720278009,Alert
2928,97.6,0.2222104497966367,0.5087582662488821,0.406389271483614,19.277284874131343,0.5586638028809541,0.587904703135644,21.658188815085484,16.49997302136397,5.339792043401593,12.973613759372528,0.4842262994037657,84.69814618267846,Drowsy
2713,90.43333333333334,0.1763242651343828,0.464841591943541,0.5382875406979685,19.671239065908612,0.6313033392280442,0.6994195951449164,26.054705398395782,22.081298596913268,12.389277270558903,6.145708615315504,0.3947878361896191,59.58270599778692,Drowsy
3563,118.76666666666668,0.1622394587376739,0.2894456016151683,1.285808164385003,8.761169218101157,0.2227277108078643,2.30375926176714,37.119872071996205,32.629977991654265,2.07722901949595,17.57425840557963,0.7315459686514394,100.0,Sleep
2191,73.03333333333333,0.2056624464532888,0.3561249405606142,0.241186066023456,16.78336902081152,0.1096019303372467,0.2151869142273762,13.29783959593254,8.417367691569082,9.8411510446992,3.0219538678636533,0.191037117183726,38.89475599413001,Slightly Drowsy
3499,116.63333333333334,0.1453378422339911,0.3713668390269291,1.00097750815284,8.797161591836353,0.1175878500157641,1.9260927491694515,32.66703097740419,26.29622068914712,9.8202559065141,16.709466307363936,0.869309565385063,100.0,Sleep
1047,34.9,0.2446494854373704,0.2676918935658025,0.2155502095074904,16.65377289293961,0.0903366387977196,0.0818813968238304,4.197273855642273,0.329104590022778,-4.18358531359643,-0.0800744150421985,0.0706602508449836,10.308700075545705,Alert
1889,62.96666666666667,0.2349375809913467,0.3315969192815199,0.3351151856727389,29.027846335518124,0.3273758331230544,0.1470697057292581,3.979137169367162,2.0304986289525955,-0.762837727780644,3.335968604698702,0.0676510163056934,35.37523457471202,Slightly Drowsy
2470,82.33333333333333,0.193790682785114,0.5086659090652866,0.4034602209028253,23.181263829033604,0.6230971509052693,0.5162195881037746,22.013603902131816,21.095094900736864,3.330236017113116,5.33903136900143,0.191037117183726,74.702616195913,Drowsy
616,20.53333333333333,0.330340406439292,0.3547455355527078,0.1884610265762802,18.12643240808212,0.0248315140188223,0.0793590501167257,7.35256560266636,2.083811755971469,-6.652773238076312,-2.3363556557004004,0.0180624984123202,15.05827489809966,Alert
1319,43.96666666666667,0.3345851228949548,0.3036636273404002,0.2151868283589443,14.042672062999316,0.0818673664036648,0.094361240876744,3.501155992913365,3.3476037418818976,-0.9660359118522138,0.3441178447325177,0.0282327687138644,11.759982433135177,Alert
3869,128.96666666666667,0.1540201378406767,0.4660548514433548,0.2877752059173907,3.926126595284366,0.0863481540236268,1.627707711968692,32.964920284270406,26.614499658103263,14.860658274442365,12.550506481707076,0.7548359518268725,100.0,Sleep
3910,130.33333333333334,0.1239371407958056,0.3366376318578347,0.7671820065314144,4.726478330355865,0.2026047527496963,1.6480841913488025,42.02791816565147,31.08498573801369,4.120935210869343,17.9990206325293,0.7478976110523711,100.0,Sleep
2137,71.23333333333333,0.2198858067524138,0.3684340429705254,0.2952070955042178,22.32841530884949,0.2016566946948323,0.1572509218317469,9.028022553025917,6.513790020587769,2.606376681982339,5.6817718519186,0.1951730145612245,39.26821017803317,Slightly Drowsy
3279,109.3,0.2052834829876154,0.4951805281182638,0.3876796028693858,35.195910440640645,0.4222936359192573,0.5131352541697348,28.903903832925835,20.84872551028532,18.704599840140244,7.13472117184888,0.388562811803722,74.3069609858689,Drowsy
1773,59.1,0.2510524426003452,0.3680072082457687,0.240817387414618,19.193738122171325,0.2289747457683755,0.1790042973745406,14.954961787652122,10.164523581980538,10.278742723911028,3.831551961952597,0.184069488233597,30.854085991496195,Slightly Drowsy
3958,131.93333333333334,0.1316837220676,0.3678773085836664,0.8689520067487112,4.162979769047167,0.2154935134503714,1.2627381289491066,32.642322891359704,19.872941018270367,20.330504690580085,16.039265508570963,0.8535860239042576,100.0,Sleep
132,4.4,0.3493368464371331,0.2863357545546298,0.1410950415613246,14.999219879381604,0.0239457242483268,0.0694276663650048,5.08079197153522,3.465910046887733,3.714849214300907,0.0425431534721233,0.0461766602519792,18.504201387025603,Alert
2869,95.63333333333334,0.1969384951219787,0.5200988337255418,0.4048559768116606,24.663155231334844,0.5142425599849564,0.3854523912964085,15.846251929261411,8.212018530947288,10.58833293951783,3.289651897105,0.5015580406037798,73.32281129418901,Drowsy
78,2.6,0.3813825034977723,0.2576791005512039,0.1640700913499454,12.44214868393809,0.0277809152335898,0.0672522574538696,6.647530628037719,4.972541327768879,4.261512743969565,-1.1414925874989523,0.0233528885379154,13.1037807184755,Alert
2053,68.43333333333334,0.2460394556080519,0.3743342409937171,0.2290195916278029,28.965517208363966,0.1318555201453864,0.1898439614903649,8.28013613705992,7.346452704640878,3.57024098065216,1.3578167942665147,0.2357735620821875,46.94741215231981,Slightly Drowsy
725,24.166666666666668,0.3060209041235198,0.2638892633098973,0.210907490819087,13.049907884276616,0.0338081848231882,0.1026560939434961,6.432532895607709,5.993493233054058,1.9340694098527,-1.3095395512478984,0.0297878300140484,12.338167761967368,Alert
1315,43.833333333333336,0.3033054401427927,0.2031243808424915,0.1941260657812614,16.469586053269985,0.0678549697903414,0.0671953900906397,1.7269256987474555,-0.8375302454651723,4.120935210869343,0.2829579058693472,0.0374841474468334,18.42012020496709,Alert
1852,61.73333333333333,0.2309406233298518,0.4601655940191023,0.2669069023791426,19.6807481216019,0.1873250684698213,0.1873237180557719,13.83273558051627,12.486776259256263,-0.057909964065212,3.289651897105,0.1848836838580433,49.04297652852886,Slightly Drowsy
3919,130.63333333333333,0.13070979607066,0.3589755289716816,1.066011081906292,7.341835618875847,0.1393252131024845,1.870937401423311,41.36357217610338,34.82934504793708,4.120935210869343,13.466816629731262,0.9432566272881956,100.0,Sleep
3661,122.03333333333332,0.1130991457001635,0.3335638748664958,1.1278472870196008,8.810127267932135,0.170626730354037,1.9862733896196156,38.1598531227033,33.281556858021595,9.29364816737575,16.19075252091755,0.7463753287887525,99.97065722276238,Sleep
3316,110.53333333333332,0.1818391817762986,0.6340229305838849,0.3898579349486462,25.42442843057616,0.5838551831145531,0.5046284422496076,34.58056636933349,29.79726311243162,15.583090943676536,8.068826313256872,0.4657670969812904,61.114836166316,Drowsy
1373,45.766666666666666,0.3497674904388751,0.2868823209612586,0.1903333483305174,16.953054085551504,0.0461542284830204,0.095083759220648,6.110260230532589,3.70965278482998,-3.859408480708237,2.945967155259659,0.0115939643985861,15.042643201675542,Alert
1856,61.86666666666667,0.2273161115376946,0.3491235308083225,0.2398611164542775,27.85906799603033,0.217308522767303,0.2388690523904201,5.987268687856476,5.954671132971056,-0.5607887910244731,-0.2734848635831932,0.1436803303128751,42.29451214232617,Slightly Drowsy
1320,44.0,0.2907877276975183,0.2523281603054467,0.1715306387422521,11.64073642142481,0.0297993091701929,0.0767214804648896,4.243130419556382,3.0056558616609435,2.847771905558728,-0.927568742756216,0.0667020923453724,15.90736980406888,Alert
2561,85.36666666666666,0.177966032726418,0.6288044201638442,0.2877752059173907,21.27439958036844,0.5294546545785144,0.5136598016770576,27.355154006144804,22.27730932095749,-4.363646398064478,15.263830784928778,0.4321224055063785,82.93190964028743,Drowsy
3855,128.5,0.1186663338025104,0.363942563681856,0.9993458374715568,9.162275982764664,0.2082916062708244,1.5300420827211665,35.253902723741184,23.213164486508887,17.979808399912436,19.51187181384007,0.9481980858843432,100.0,Sleep
3267,108.9,0.1834162624066588,0.5582165416359193,0.5211708099203098,21.668639449703143,0.8324326278746135,0.20907870799801132,21.43037927213238,19.90861995047734,1.361473987915522,7.813731246666097,0.5080172375062525,78.11423798456734,Drowsy
2890,96.33333333333331,0.1938953107089234,0.6442293473702552,0.4005275238724288,25.355413208399227,0.5036506058201802,0.618468268760635,25.883986965074843,12.62543352830471,19.299785362025407,11.751489029492118,0.4863060643800216,73.98888558579176,Drowsy
376,12.533333333333331,0.2926120152788609,0.2491736068639044,0.2339617505505393,12.161997413091884,0.1162483300822918,0.0751387760223826,4.561237507086766,2.00571984035876,3.2110954806897896,2.543784843877313,0.0377837487944182,10.18040916998254,Alert
1909,63.63333333333333,0.2404780306111431,0.388135491878628,0.2283028334959955,20.552397499861563,0.2301373478295487,0.2276504996403522,8.263545928165309,4.363686331673831,2.236833215952344,6.651391588958864,0.2264763447851218,42.2187285978368,Slightly Drowsy
334,11.133333333333333,0.3278094552616643,0.3217457307895745,0.1422639553227333,15.82845063143748,0.0736168824500585,0.077157069261189,4.548140927530642,2.846718294804225,3.088372444795072,1.7446307600569009,0.0171396137585254,14.972953725942174,Alert
3974,132.46666666666667,0.1116613394553698,0.3982153926295977,0.9871979483145074,4.084121562659843,0.1016080222718037,2.042595316491316,42.46345657876317,22.599154287024504,31.246397489444423,17.778808004458767,0.8454130551481556,100.0,Sleep
3072,102.4,0.2296559905470887,0.5434569416948606,0.3539534729806991,20.690755317069645,0.6937482296708188,0.4692563228558088,29.64908512350678,25.70897663828265,13.9245606931077,4.92172514238126,0.5216995791018149,70.45065016610113,Drowsy
2366,78.86666666666666,0.262704569575824,0.4388178773145461,0.3404819446115723,24.074966593909984,0.241328948686144,0.2278416964438594,14.125984224322089,10.449673196678091,9.19492775765297,2.4085397899903755,0.2327224515934956,43.77261534999674,Slightly Drowsy
1605,53.5,0.2543974028474789,0.3543514762025466,0.2877568590753574,22.221177613475795,0.2996931998302355,0.2124335359015516,11.400623831488131,5.094596431473805,8.191396227559,6.07621089089588,0.1264667749271814,48.95740885926073,Slightly Drowsy
1119,37.3,0.3005353238297072,0.3025422723035028,0.1868118915943245,13.806945721003936,0.1018059417678137,0.0880988270763068,2.4581560211124533,-0.0966440938014621,-2.042726487407084,1.363986598508291,0.0608346570530919,14.163831861054506,Alert
3795,126.5,0.1319539585669648,0.4582877616161871,0.905893582374002,10.238743872955872,0.0746246810819035,1.4049110424998048,22.691157143892063,20.932667908363367,5.453933525320924,6.853220839018597,0.8671277220303379,100.0,Sleep
1944,64.8,0.2815771224074697,0.3525018988551864,0.3071676856769672,18.02693954609961,0.1751328681380001,0.2462445846658122,5.759075110269382,4.486315281743318,3.487795285081289,-0.9355241140052986,0.2602307317803854,48.38899977989578,Slightly Drowsy
3017,100.56666666666666,0.1723675264683609,0.5039138698984665,0.51727176486789,35.18218465535361,0.4519283616209899,0.6878322929232578,21.42549100137037,11.249518588826906,16.88970737871967,6.872974671178634,0.5493976285950626,72.7613387687917,Drowsy
3953,131.76666666666668,0.1317047528097078,0.3472593461858537,1.0257929344898031,8.747645965580258,0.1064298246344409,2.065195294455071,36.522884264093,31.303920704652256,11.313256141023054,15.033158649225395,0.9538365472188036,100.0,Sleep
2377,79.23333333333333,0.2558450521915253,0.3668423003993927,0.2818754343607356,19.71795056650198,0.0933296323171694,0.2678580791960296,12.526306560689203,9.20607070760099,8.022926612242951,2.7909257879026943,0.1734389823095944,43.63640606267312,Slightly Drowsy
3368,112.26666666666668,0.2119467972897421,0.4373019107155189,0.4650347137900907,25.23077410148145,0.6645675626005979,0.5926013954844302,24.1047773595308,14.71740836643194,16.243453211909422,10.0293773625653,0.3429098021160323,61.94111876374214,Drowsy
1343,44.766666666666666,0.2659771849308319,0.2629359405257693,0.2339026039627947,15.098714569989411,0.0566717465812397,0.1197045307134271,4.622884280881942,-3.83988404700359,-2.4459333443643225,-0.8023463434947782,0.0571670246601078,15.127169517995856,Alert
321,10.7,0.3325686201872703,0.1927355212884473,0.1510300558943037,18.072915912252363,0.0267287186643178,0.0565224007118205,7.3601537105754495,1.5051556775382953,6.203719014490656,3.289651897105,0.0189738017672131,16.88310896308854,Alert
1620,54.0,0.2570881313494867,0.4026530228025805,0.3251169994206731,20.57992224428712,0.2399531686351255,0.2197009378482542,8.420197087205,8.147365505355943,2.0821623561981664,0.4298304688397234,0.2000800755626623,30.78092199622093,Slightly Drowsy
3258,108.6,0.1925125581832771,0.5590162493657183,0.4980320818748274,32.14556105878995,0.6304364943151647,0.5913985628928995,12.37920218309195,10.898933634902352,3.512404422724664,4.703286880798036,0.4651034144765267,66.2088739028841,Drowsy
2061,68.7,0.2520140642806796,0.2448077515255989,0.3137121076504213,22.90501215258,0.0923814038320136,0.2646570222996016,7.565202585845272,0.7134236929099655,6.12122472899841,4.387929422446655,0.1304131824259007,38.60629629207186,Slightly Drowsy
2220,74.0,0.2514220771463469,0.4066828300714448,0.3058599186238397,19.355887479296317,0.0250536502982824,0.192978877496118,0.8828383562259896,-0.339199627288127,0.0359306555778067,0.8142826069990394,0.1572543075623949,44.73328951106284,Slightly Drowsy
1674,55.8,0.2493305037934619,0.3937582200494147,0.160958701039619,26.62959991157925,0.2104889756942747,0.1372891060964089,12.015292721407643,7.353314396013533,8.37010165871368,4.498602538265647,0.2239629225021586,33.00162795813966,Slightly Drowsy
1943,64.76666666666667,0.2473076913387354,0.422696589858774,0.2759759329937525,21.312008380241576,0.2308421701473423,0.1891995205019519,17.625161516744946,9.836896996314284,11.917334473535512,8.476963785526753,0.1838816250897795,43.22888155728589,Slightly Drowsy
261,8.7,0.30671964263481,0.3507643175493727,0.1469312355049073,15.70339877610737,0.0663442923080707,0.0738438305772223,2.8686671562781263,-0.0964644961180773,-2.660042766850372,1.0696346726918204,0.0645796100497812,9.367839935650252,Alert
3886,129.53333333333333,0.1392598490018597,0.4369769974162896,0.9767763304247952,5.578583859943328,0.0851274522720334,1.6449100263330791,39.136681488045085,37.8422150268929,8.135472632710393,5.784521138133407,0.7709973658614332,100.0,Sleep
2040,68.0,0.2475791701586492,0.278951997527318,0.3208660334023071,15.782953634519776,0.0763236177661567,0.1928664645002112,10.124916288291562,7.881248359864247,5.688989995033417,2.8346511198838167,0.2504017506053942,41.347279014906974,Slightly Drowsy
690,23.0,0.2842773848372068,0.3216229261439525,0.2000173544228772,13.929455302656926,0.1045730497668346,0.20907870799801132,3.5212848681890714,-0.0571397537960809,-3.1176604919722983,1.6359630889077228,0.047927339129347,12.736446039818617,Alert
902,30.066666666666663,0.3441982987191248,0.2548751374976087,0.2038759143702367,15.635970335151908,0.0615964469615065,0.1063201483943699,0.8819439559574733,0.6530379053815285,-0.5611725494209878,0.1909240827165931,0.0194077805782119,11.93789866925631,Alert
2307,76.9,0.2473859934653492,0.3221295672010293,0.255694852619,17.703894503756967,0.1675005701678532,0.1904148847686994,7.468716678707513,5.4870083480451255,4.2206182293663455,2.80372073809561,0.1892307415465842,45.98115036008228,Slightly Drowsy
2027,67.56666666666666,0.2352015254296898,0.3727561544061725,0.2905720565630382,30.2893771388238,0.2250601007841363,0.1675542394099815,4.388927809165636,1.8894740827676035,2.8965891414490184,2.702285393931704,0.0915720189043777,35.0537112041558,Slightly Drowsy
139,4.633333333333334,0.2943953293917699,0.3448932398216966,0.2166310108657606,15.45524425867154,0.0409406360460067,0.0608112152655304,5.100864456685942,1.0694830598223677,4.120935210869343,3.769172611869218,0.0708648705654437,10.479502888465904,Alert
1918,63.93333333333333,0.2445989020371137,0.4289555701584283,0.1874334406931013,17.66361919318307,0.1419622632513518,0.1568662083025591,15.891641498624054,12.284928636454213,9.030707911412817,4.480079523486539,0.1544878373008986,49.221669071914455,Slightly Drowsy
1829,60.96666666666667,0.2750315876536539,0.3371882997695752,0.2155285974605119,22.54939019467066,0.1634055329993284,0.1479746518100621,9.42141806175256,8.04184120359478,3.147544983628843,3.766280516174486,0.1442222319925127,42.90235841985624,Slightly Drowsy
1574,52.46666666666667,0.2187913306438993,0.4156074531403299,0.314276210820204,19.98822370474639,0.3023691295342198,0.2579716971361531,11.101579490695936,6.603902730984777,2.19732728972797,8.649005069356196,0.2088464728833662,42.86450954029572,Slightly Drowsy
320,10.666666666666666,0.3066599923390208,0.3227287454584567,0.1536967865636446,18.28010071004473,0.0,0.0886954012911378,10.659546637155405,3.1885767063165584,-2.386671203822647,0.8487878757220252,0.0655903733952031,3.5178498357475467,Alert
654,21.8,0.2967249572091889,0.3507643175493727,0.2006057373303676,8.836743062398474,0.1348652522932081,0.0743369623024024,3.099828128659463,-3.062599784190432,0.474281695730358,0.0668869359463018,0.0383621124085501,15.32585636003084,Alert
2138,71.26666666666667,0.2844776975284553,0.3465546161892495,0.3023114689554465,21.415775332437512,0.3304922012022403,0.2034743910325444,8.882371037417519,7.407449797617358,3.4405185649091456,3.4912798150030366,0.2279815135459163,45.802574684047634,Slightly Drowsy
559,18.633333333333333,0.3210957199865107,0.3134530960789368,0.1654722494420751,13.8851779281496,0.0493372636070992,0.0936664902303218,3.541301539902062,3.4768608387758144,-0.6603411937644856,0.1272981229930354,0.0325644197695302,6.011380374397704,Alert
2188,72.93333333333334,0.2507230505585165,0.3736013448314413,0.2915688776366648,31.0560443007211,0.1059312183530204,0.2392036648079182,12.715461839864744,11.141815320415706,5.9711358956941085,1.374211512817313,0.246586721210705,28.540373875396504,Slightly Drowsy
113,3.7666666666666666,0.3177929487912186,0.3702898268179012,0.155889762960908,18.097792013610167,0.1171080325630576,0.0689282351658401,6.012757115520336,3.422457697963188,4.885189869385615,3.289651897105,0.0359283927979527,9.93391158574103,Alert
532,17.733333333333334,0.2900860517845828,0.22772715776114,0.11628157251898,15.80249238226409,0.0281925502109471,0.1385454018494666,3.0259563054840752,-0.4858876640771834,-2.764353070286764,-1.130785940570803,0.0448626931027697,9.587172184007771,Alert
225,7.5,0.3417289016097318,0.311055179304336,0.1571014168746425,14.094844588619004,0.1565871280820747,0.20907870799801132,8.64218878570032,4.682445119415029,7.091617483858082,-1.5719720652699647,0.0123791079369245,12.878754657374076,Alert
724,24.133333333333333,0.2852554964201833,0.3273213778091014,0.2429822256150752,13.896879677551992,0.1363648461841317,0.081826294572227,3.923972961999509,1.0488602395841222,-1.8913753625564325,3.274164815985485,0.0243971223722445,14.89449740526485,Alert
3234,107.8,0.2049306915367331,0.582828251282397,0.550463349861021,39.25117660591039,0.4226198814838393,0.4202652590058456,21.47527742136872,18.51374805654008,-2.4735108840762408,10.597660927302016,0.4479156534151,78.42623325875276,Drowsy
3440,114.66666666666669,0.1300379790452536,0.4237013307996208,1.299176186442179,7.640105747422096,0.2231476907962057,1.609117715912769,40.31896552034142,31.020486941237323,13.328929128655936,22.03833067276813,0.838325264383633,100.0,Sleep
1434,47.8,0.2428890665761859,0.4354773431306316,0.2973650792616389,21.9444692854127,0.1289758895729877,0.1964695907945983,6.828147447758776,6.286841702769529,-1.033185541003622,2.4559614432058323,0.1478478727961165,44.10738769515448,Slightly Drowsy
2374,79.13333333333334,0.2684485550123662,0.3692416444179546,0.3276215593749115,18.69779837414959,0.2861869509822696,0.1683828514260213,12.170866905401226,11.338930855224849,3.946614140920075,-1.9957166913443436,0.2092062865612576,46.031850290130585,Slightly Drowsy
3613,120.43333333333334,0.149358124928834,0.3507643175493727,0.9916220798516068,7.1907612663926255,0.0734250188211295,1.7728436827135632,36.62177151498397,32.22730839554798,2.920847613081662,17.14711030159569,0.7732618420333651,100.0,Sleep
3196,106.53333333333332,0.2201954192737008,0.4120899628738979,0.5423784650548121,22.566450780169426,0.6232268275853241,0.3656948973534722,24.124736707998125,18.225649199941564,1.7828170636910254,3.289651897105,0.3649858641043139,68.21931095835129,Drowsy
1459,48.63333333333333,0.2359433437412911,0.3552878078237624,0.2875859181949959,25.613886144053925,0.1291411519492996,0.1894873262989554,9.79714962396376,7.1568809617629965,6.650713430744659,0.7288391561930578,0.1273372082845114,44.1717433784702,Slightly Drowsy
3618,120.6,0.2446494854373704,0.3885621845517191,0.9076528063247736,6.058563279713411,0.167383240777974,1.5384472676232068,37.19387316577232,20.96762855213261,23.36951902697016,19.940118716282285,0.8802242075090909,100.0,Sleep
2763,92.1,0.1952482826554902,0.492036543374921,0.3588598136808826,32.949408811264,0.6422124996875922,0.5198903555560216,18.467943649851467,13.498150484680288,11.07945115852086,6.009212774812123,0.4244570201957515,65.89766209383603,Drowsy
847,28.23333333333333,0.3407540343086576,0.2930494787029539,0.1866056794261539,16.58097349531599,0.1269405395041382,0.060939190732703,4.709578501113133,4.69531348948693,-0.2586512940223582,-0.2593461040572014,0.0092693861923592,10.412282691856213,Alert
194,6.466666666666667,0.3134277292697933,0.2807863062484216,0.1964135734552562,11.047967961727888,0.0945728677867548,0.0943076263088248,4.01714293692106,3.795464314269836,1.3154272164291818,0.0392333153879798,0.0534572247193364,14.427884910669622,Alert
1465,48.833333333333336,0.2723782454341434,0.471060169713598,0.2826509894937694,24.74711040622965,0.152764738383738,0.2007703723612485,11.33707931081928,7.843510981818261,7.187743702634383,6.0116898393923135,0.1756138060353016,50.022313737397525,Slightly Drowsy
2622,87.4,0.1792958927916397,0.6159153973947185,0.4499255280167513,25.41000839991404,0.4038972601107858,0.4353763692900909,19.89824276174973,14.306774876210266,9.099673556673148,10.414038544625605,0.4189832518054346,73.88254388714032,Drowsy
947,31.566666666666663,0.3230197558125278,0.2537492061451999,0.2146499268162485,14.484154411291998,0.0501170386671775,0.0835581678282331,1.721540430345481,-0.6766709285414922,-1.582961328535012,0.0071652036655665,0.0361067260995064,16.31770168363308,Alert
2022,67.4,0.2435348609390278,0.3421497755274492,0.2512945763211335,17.429845700042602,0.1553377923033557,0.2040129182302458,3.629336724678765,1.794877649074885,3.1437689174719305,0.2592610257843719,0.1543420272600853,40.59577108583455,Slightly Drowsy
2552,85.06666666666666,0.2086130805347154,0.5944256850041743,0.5542753489604108,20.5671927532332,0.5069678541721832,0.5263930170384967,22.70997374950337,21.711376166035077,5.844158649394704,3.19450502594084,0.3552755944302025,83.32304387555281,Drowsy
1630,54.333333333333336,0.2669891251020866,0.2667080122398282,0.2811387576175364,25.42662538913631,0.148547680223911,0.1509375768039214,7.413902632879886,6.349680364650776,3.757258267192317,0.7283692952113539,0.263846451042038,37.84888132122023,Slightly Drowsy
118,3.933333333333333,0.3326997831728136,0.2413821687839144,0.1154132822114255,14.971446511327413,0.1497199806973116,0.0798785817692021,4.108339830343327,4.096226936129105,0.245488075642695,-0.1977793063822853,0.0583815296597553,10.627652391992925,Alert
646,21.53333333333333,0.2770991687922328,0.3748778004664186,0.178087641434881,11.80628994461092,0.0,0.0755996394468065,1.8102319227343064,1.6814828190251006,0.3079365856189933,-0.5955923124479203,0.0526645062023018,11.051869665266771,Alert
1871,62.36666666666667,0.2676094221085678,0.3383652769695863,0.1911897474064154,21.890089440764235,0.1126130961639191,0.2052727093038687,15.85509720406201,12.429014784893065,7.077829243211614,6.841639571849944,0.1575395191422203,39.760249676077706,Slightly Drowsy
4,0.1333333333333333,0.2935572267761025,0.3087890719236116,0.1433746905008693,14.522158987511888,0.0,0.0534362790220313,3.3520577831369205,2.492153089672809,2.215399739986231,0.342736562379941,0.0376870343522351,10.867158415541716,Alert
75,2.5,0.3457961134867159,0.228005386943706,0.1880115079760777,16.22407698905859,0.0532913595710169,0.101309607501307,6.286144173762707,0.7067788747490695,4.22804232055674,4.5977962472385006,0.0327432287912068,9.23975811660869,Alert
1756,58.53333333333333,0.2578509563047481,0.3719292093965302,0.3217146163823843,26.99287654042324,0.0998071052411564,0.1579846357060077,5.508845259656297,4.269087460824207,-2.009698390574207,2.843128686077122,0.2040046582097802,40.38528395501087,Slightly Drowsy
468,15.6,0.3382235298642612,0.2557677229018172,0.1602288217533406,12.564748311791003,0.0714565559956537,0.1006776210984841,2.905786712034308,0.981349731770996,2.7238869408811466,0.2469596183291884,0.0375142844567512,10.450791274067733,Alert
6,0.2,0.3432820029779049,0.2506273866872077,0.1707236287244635,14.82815857850891,0.0890218050848943,0.0704165152430942,4.370157651998277,1.5358525583404572,-3.3190049220180846,-2.3924132481613416,0.0562505164478839,16.897931444208975,Alert
1247,41.56666666666667,0.2831698342531183,0.292318637597282,0.1446990544268728,15.572713522535,0.02509077675985,0.0589734196395344,4.4150795222338255,3.9991612883689367,-1.760767816335285,-0.6319279027053966,0.0,15.632356088492251,Alert
920,30.666666666666668,0.3528368290331309,0.2556238618574659,0.2359259857766205,12.321731021572283,0.0535679278645028,0.0743759280919446,2.803783790102716,2.3085478337524026,1.333775985219387,0.8676704801777531,0.0249376533875884,6.693997284483124,Alert
2596,86.53333333333333,0.1943733376135904,0.4154097649890778,0.435323799111159,25.450438131594595,0.6162614266068837,0.5162094673637772,33.56812555926891,4.447166892103645,32.14974700718683,8.569453166363719,0.4462434057216005,62.88934306648382,Drowsy
229,7.633333333333334,0.2862231408447995,0.233713971513975,0.1944559818515547,15.368161993444918,0.0719553534126945,0.074900884128926,1.9598163169831997,1.6863643499927494,0.9836385724780722,0.1717860125866608,0.0,10.37822264350998,Alert
1064,35.46666666666667,0.3082717320968134,0.2623892768333775,0.1495918247293659,12.426014420340506,0.0006964374332433,0.0885762236086601,2.747426914495432,7.843510981818261,1.8111990485706653,1.2561573938004973,0.0067759118963215,17.198794448332347,Alert
2591,86.36666666666666,0.2329742688729528,0.6827770184912146,0.3213808347146215,22.24584338153047,0.456818029098417,0.4330976310780632,17.62031371363673,9.730928113391332,9.934957961648555,10.820402197666256,0.5067823827106022,72.51967438471094,Drowsy
243,8.1,0.2446494854373704,0.246807819852153,0.1938961887629736,10.582155483849386,0.0839269685066667,0.0553495337046298,4.110250596142988,3.380749844198808,1.8768928009380024,-1.3935436368591498,0.0516405313416945,12.700842806781138,Alert
3039,101.3,0.1987942432007951,0.4870354084598183,0.4406320201760225,34.67807420692998,0.3835640436373158,0.4680991883540906,18.74445199717752,16.90506628233219,5.006107182719561,6.364912060631407,0.5664364176842558,74.36304262435878,Drowsy
1161,38.7,0.3490020628099653,0.3276616319669078,0.1623976571780996,14.191832148482392,0.0573381690588893,0.0923869859086939,2.1697284284371485,2.0359549906106644,0.5706328780285266,-0.486812949590239,0.0423047973394403,16.91469590395082,Alert
3110,103.66666666666669,0.2063683371438558,0.3486727890406463,0.4735494814078926,31.361081062583075,0.6243437031236498,0.5303279574649306,23.952052774291158,22.576591577121885,2.3622467022649154,7.643175739173879,0.426462293918751,82.11949716823968,Drowsy
3543,118.1,0.1222700438631054,0.2717934466320431,0.8293508631314239,8.148871338951741,0.0796221839621702,1.1990679770158796,28.98210807563009,23.13925163950602,13.379475985126048,11.203894163841268,0.8276130337032642,100.0,Sleep
2980,99.33333333333331,0.1905205980492651,0.610112979816239,0.4772984187097577,19.85175412674837,0.7384350757929263,0.4413003912848264,14.469903039345482,13.195330380604982,2.5664670894133046,5.354866645743964,0.377223553493392,68.76113459935918,Drowsy
2891,96.36666666666666,0.2149307766174213,0.2482637138696935,0.4808630954444749,28.720549304482358,0.3236541321738527,0.590625298273217,21.23512566288248,20.954458629380365,-1.1223964690050714,3.252914329391677,0.5845072406295666,74.40791580292553,Drowsy
2564,85.46666666666667,0.2244820161891226,0.6505338338010117,0.3369208139011936,24.450205381297696,0.7059568449171365,0.4768907167404932,21.7475526694494,17.71542918294912,-0.2317336076845126,12.612133662051791,0.3061076255904028,63.03975814818468,Drowsy
2672,89.06666666666666,0.2380529598563349,0.3507643175493727,0.5359221321808395,30.158582232464266,0.4813714129305421,0.4184309109536527,25.875904619166075,12.834574747722549,16.784048787127066,14.937598107347828,0.4464007932247158,75.55787608404728,Drowsy
1527,50.9,0.2354507038709144,0.4208774010975358,0.2637979618821779,19.205345211201287,0.2255822432901456,0.1961133157450998,15.033957027365858,8.030989794013074,11.559255615575374,5.282677014822149,0.1810804221720762,32.63414427040638,Slightly Drowsy
1606,53.53333333333333,0.2572942354641697,0.3741634975073299,0.3202649852638606,20.015582631485024,0.2763331611352739,0.1849289812104858,4.7845490589801845,1.837672621013816,0.0089748835722631,4.417554582258067,0.1421812664002136,49.32850026906471,Slightly Drowsy
3732,124.4,0.1158005987116459,0.4833257412856644,0.7940466583788528,6.767352458313295,0.2747568293385242,1.381217406340606,43.66402598669728,33.86813184381347,7.05054022846323,26.6418222586944,0.6986903101070497,98.04470282790336,Sleep
3995,133.16666666666666,0.1399635280856994,0.3550648594725932,1.060699495576375,8.27633376831301,0.1832118852528824,0.20907870799801132,44.00544917085119,36.15340627290745,17.37853677156971,18.094121456253777,0.9728137195162476,100.0,Sleep
2710,90.33333333333331,0.1963270919517665,0.6254406780145765,0.3745666724833087,26.1315431059058,0.5399147905687041,0.6763417539962802,12.488292798666338,7.014065294959806,8.004133321325327,6.534079494290798,0.2946118534323934,70.20586139305095,Drowsy
3102,103.4,0.1917067606952862,0.5389722936083323,0.3085058394171779,17.642062647859703,0.5570975130768979,0.2730823434766459,21.293654733675663,17.034288615959642,7.737017432852716,10.168151479443496,0.3929587134663649,86.03082676378276,Drowsy
3403,113.43333333333334,0.1436336758624999,0.3532473070876332,0.9498587201759006,4.79103258291074,0.1927073523520182,1.452033027433542,33.798131070426216,28.059173527570017,9.418123517242195,16.318559808310084,0.8810790334592826,100.0,Sleep
1990,66.33333333333333,0.2367967182677288,0.3589606408054549,0.3455718854082911,25.0402892045282,0.2162953822781167,0.2369589733667038,11.844532219183538,8.909637321832898,5.585110159547488,5.451408147478839,0.2006811057929903,46.199513068618906,Slightly Drowsy
3132,104.4,0.1999642767655155,0.3774317292518557,0.6132434722984876,29.043911480806045,0.6025080814764558,0.5160008889204939,19.711771821352144,13.629226527211893,10.906214385821048,9.15710764256411,0.191037117183726,89.75495708367825,Drowsy
2363,78.76666666666667,0.2264357072917417,0.4378513576105156,0.321404886630863,26.322695074276545,0.3509684786362597,0.2032491169638306,5.226342444778167,3.4545889146301483,3.587968496925433,1.583335986477593,0.151632349099451,41.39467413301717,Slightly Drowsy
1976,65.86666666666666,0.2280260836986293,0.3885126361771812,0.3102011117407859,25.450481226505268,0.0869665920468102,0.2101927687338799,14.13724714641718,13.006265812394812,3.603517923373507,4.208736754910729,0.2112158237834074,35.62832026398087,Slightly Drowsy
1762,58.73333333333333,0.2535879607836089,0.3910046598793433,0.2474656025420444,27.895562187937927,0.2010371153177407,0.1565172994826033,12.44706344935528,6.943912533552335,2.7473539084795457,9.958087855618322,0.2219977439810005,41.38865644054239,Slightly Drowsy
1306,43.53333333333333,0.3664462537822666,0.2815093900833567,0.1890579505535611,12.377309166083402,0.0127533895689216,0.0895459201761884,4.511631172232685,2.543783739846964,-2.368057097707732,-2.876853437550808,0.014601538253449,15.910905545042263,Alert
2740,91.33333333333331,0.1949463954556747,0.4547668388565848,0.4673917284066935,36.602416825687456,0.7321313911193941,0.20907870799801132,26.51722657724667,21.897170360124143,5.628374107863285,13.856357402675206,0.3306623382838373,80.85040057709143,Drowsy
1542,51.4,0.2470223440795823,0.3555922565564804,0.3511057927527772,25.06672097085081,0.2459265025685228,0.278325264612071,10.83211876251439,8.714339391779045,-3.946108567910089,5.081664394700901,0.1163196617152539,42.79844529797087,Slightly Drowsy
3485,116.16666666666669,0.1247941426748219,0.4775327412379717,0.8334441971294606,7.508213505340685,0.0094881030532351,1.528076237807404,30.309635262817057,24.69410092048511,6.272605267854376,16.417362536278024,0.8411850245126283,95.40526003055444,Sleep
2473,82.43333333333334,0.1797777738711306,0.3956411550587235,0.3258217549249129,24.418697682144398,0.2990974243224262,0.6578829953740113,25.12782618804052,20.115481219967123,8.490156911891319,12.43753592304316,0.3650190745817707,68.71185506458711,Drowsy
2643,88.1,0.2052862614192731,0.558310139188288,0.3402316987083445,26.393688089981534,0.3750210650370865,0.4911752598683234,29.846670111755888,22.58569330760256,17.38634742013339,8.855794597963541,0.400076164129621,86.77528690316664,Drowsy
2796,93.2,0.2055325487511876,0.547074222179102,0.216245033617749,24.321656747771275,0.367468251731527,0.612707350706411,20.95290860007121,18.475166659650164,3.568081681689346,9.217450233870649,0.3403555343655556,67.28584104263349,Drowsy
623,20.766666666666666,0.3667768620577029,0.2502190568836385,0.2532366516741574,15.092816949327627,0.0536822054924796,0.0895248070677533,9.121897081456645,8.32481937312988,4.120935210869343,-2.2408358378727784,0.0249026760685615,11.77696167381342,Alert
3084,102.8,0.1999920982041216,0.6590794708258743,0.4694989046256546,37.59044391103299,0.6770036204709027,0.5543469775472614,23.792074790246183,21.144153584537406,8.43510486681441,6.916400646579529,0.348761242037509,69.88965713005533,Drowsy
1494,49.8,0.2681689033129154,0.3649040225139897,0.3211539661443838,20.48887088739105,0.0934204330589243,0.1513000269513653,9.26680775932964,2.4786739121650943,5.911256611682621,3.289651897105,0.1574019389337911,43.52586745616775,Slightly Drowsy
111,3.7,0.2889034191152179,0.2557483180771432,0.158447782032924,16.237310942361102,0.0382020128683188,0.1049548414534746,1.895201142100088,0.3162734393903288,0.836982486671406,-1.6706941065195149,0.0829029825554677,7.327777730839633,Alert
2276,75.86666666666666,0.2479853147413993,0.3751285167467891,0.2805201905593324,21.848543838636093,0.1585278419796177,0.1370108250663163,7.859113915127995,3.085071641603506,6.873918954722582,2.235451341684256,0.1534396088911008,31.55029445236584,Slightly Drowsy
3021,100.7,0.1980312289444405,0.5166824702159638,0.4990740843954359,24.70779160245397,0.4141572173738485,0.5574474973431088,20.58770884271984,18.96392001794248,-0.9449489923937602,7.958050285557345,0.3541186155149842,79.07464242860313,Drowsy
1170,39.0,0.2849985865709155,0.3373984838640032,0.1648992978585158,15.33406606204119,0.0,0.0761894962075992,2.915961633045832,2.72843614059646,0.9812256541599228,0.3092970864732501,0.0498904498409754,7.906670015090248,Alert
3280,109.33333333333331,0.216280471933232,0.6529394885263203,0.3537388595668232,28.51723054169654,0.3778881509246322,0.6384217170977273,24.986776017381587,20.111919502915764,4.472886214295623,14.136582280204657,0.4634509436005171,78.00650241672889,Drowsy
233,7.766666666666667,0.3667741293842945,0.2936364962079816,0.153951218043709,15.336572715306088,0.1565871280820747,0.0800675101319432,4.444130551956084,2.819552932107713,2.772810418613489,-2.0277919045850754,0.0417137432280671,7.781383667218646,Alert
67,2.2333333333333334,0.3204608483266348,0.2921653596876585,0.1638072095907191,12.05423818649422,0.0578338102039072,0.0604325444476993,6.280921960883198,3.02063188928618,-5.107750812713521,2.0583112746512877,0.0494519496482608,12.967841634491942,Alert
3625,120.83333333333331,0.1548264862166436,0.3668605209704831,1.1565676150262387,5.910708917336375,0.1611339270927511,1.8983329371002984,47.27816767049326,43.60614661528279,5.323565816606864,17.47537589415434,0.8533785149805783,100.0,Sleep
2073,69.1,0.2282615236699889,0.4506731928649276,0.3010705686801871,28.727836413597124,0.2690903928463123,0.1470562243194625,9.738695016389578,9.258846351149083,0.0642077364697817,3.018579506099168,0.1769714238556896,31.666889820838197,Slightly Drowsy
2193,73.1,0.2542418608835219,0.3591069649512541,0.3438442606125169,22.85903167902576,0.1998709862084393,0.190460365717968,12.29055849204034,9.95114476735754,6.831653356214019,2.315395924218429,0.1337743394150876,34.932648978304606,Slightly Drowsy
537,17.9,0.2807211912220529,0.3178529930204909,0.1811262552446046,16.729513347686613,0.0471911855392953,0.0295544416502409,3.991858745347036,1.6200815442099028,3.18043145601381,-1.7874920381674286,0.0322407006218509,11.37337658176162,Alert
2860,95.33333333333331,0.1932766570034212,0.5840096513400378,0.3946661009537687,26.673954940924048,0.4557958867944974,0.4653358410323862,25.89173298456978,24.37416778642006,5.709222571244387,6.609580871408939,0.5131223121964601,82.44248467518013,Drowsy
126,4.2,0.3147669080712033,0.2565824541469029,0.2111971406218822,12.48596115065784,0.1230403885418774,0.0935585174267853,6.630393379904842,0.7802214796357434,6.4719246397965104,-1.2114298460066768,0.0548419074401861,12.838388550156292,Alert
2134,71.13333333333334,0.2771359937098296,0.3561517731779782,0.242336681341303,21.715892363891232,0.3673332348216064,0.2399587134126648,13.721445011130754,8.927599420363917,7.850739668210277,6.8514165283532815,0.1338853519381152,37.69304516544607,Slightly Drowsy
1255,41.833333333333336,0.2999694910046779,0.295967116170311,0.2877752059173907,15.86296720473457,0.1093303553942636,0.0278884648862293,7.493467242211822,2.277668682989081,-5.207201810842882,4.883577170659541,0.0306375093240761,14.84971458165529,Alert
3314,110.46666666666668,0.2174064614741726,0.4788685661847927,0.3100047666305777,26.60214285935796,0.5976743227269697,0.6464107457160237,23.327827072880616,14.535784986140923,13.25259915785734,12.54061746247213,0.4925875464173843,69.75009937779828,Drowsy
1977,65.9,0.2866764945799995,0.3849750398484451,0.300780112567737,16.182904176963127,0.263563583857065,0.2202564136551655,12.991240891109292,12.684669647027224,2.754939142782586,0.5308541760038956,0.1527104402090266,37.64716519935143,Slightly Drowsy
3281,109.36666666666666,0.1967759933177727,0.5391962065665343,0.4232962249004048,24.66456176702686,0.6974956705126473,0.5007257410334318,22.558756602290693,15.36795981134139,9.224235459106705,13.698057923419231,0.5191816125588119,73.33644660604033,Drowsy
3098,103.26666666666668,0.2094335720107663,0.5830259627582466,0.3221930522710372,38.335423692349934,0.3742756569833627,0.7232594266026282,24.77102014952915,21.090076825111257,4.120935210869343,6.778060095693434,0.6223612385765309,82.05370822720252,Drowsy
2076,69.2,0.2497689464204688,0.3468885931383084,0.2346808762123493,23.60869113025554,0.3373232252701977,0.0930798542446373,6.114374720242717,5.129356134553976,-0.9830646564544914,3.1794445655942334,0.1669751486740001,36.53491521798013,Slightly Drowsy
485,16.166666666666668,0.3249598379294371,0.2796786176315202,0.1644672765833334,14.544505849371816,0.0690235374371433,0.0450620861730889,1.1287214058391546,0.6530979066347609,-0.7648409112107679,0.5123412113885563,0.0638662201185425,8.665723118183877,Alert
1655,55.16666666666666,0.2577969529875484,0.3418375408873584,0.3138844482975761,21.221620471221204,0.1476012409113025,0.1412791340493059,11.74125327183583,10.441124683496575,4.04956030477603,3.527180896276287,0.2218321166279806,38.29480832557898,Slightly Drowsy
3584,119.46666666666668,0.108673818243132,0.2797470836146769,1.130251994149996,7.029446642440903,0.040340393290655,1.7569383130277707,33.84540626460979,29.820108643296702,-1.4645373344250636,15.941385639728573,0.7557963150293353,100.0,Sleep
3022,100.73333333333332,0.1675336725938606,0.7325075829863089,0.4263261108354921,24.10767123180709,0.5160433047558168,0.6056270858633892,24.061185747479502,22.452350446174684,8.354132139850979,2.2452383407512384,0.3551392006464473,78.37360947644783,Drowsy
3330,111.0,0.1802430136368432,0.5443243996598159,0.4531485809130027,25.569918652903866,0.6239294646303127,0.6402083437600501,21.300177675389424,17.909161835456004,8.38906084186962,7.910951241539414,0.4051847445617907,63.48478292304589,Drowsy
3055,101.83333333333331,0.1970517110775381,0.4878553471607478,0.4739032686168392,28.58018969817275,0.4899813429451253,0.5971195833032351,29.54463058662332,22.690788036949485,5.285089592051322,18.16813591886242,0.332694049003152,68.7470472565236,Drowsy
3205,106.83333333333331,0.2187676734668695,0.4800850902397375,0.4451913801219312,31.8069535931067,0.5552841192076898,0.20907870799801132,24.122623720930356,20.377833968633723,8.084978697071158,10.06369601072562,0.3724539461782767,77.42252714865975,Drowsy
1775,59.16666666666666,0.2636612516301653,0.3797261802580938,0.3024211713948205,18.659585822987,0.1043943549187955,0.2021405709725424,8.307060073707776,7.224358977325789,3.4109206899482185,2.276291827030376,0.2484310311077754,43.80223716781735,Slightly Drowsy
2411,80.36666666666666,0.2038280592110627,0.634916506269036,0.4072256099804452,35.28691290833807,0.6750052238251156,0.6971451302567998,20.90049001488765,18.27252210886977,2.467494613700264,9.841589758501623,0.3212086130673539,72.47999577386354,Drowsy
3606,120.2,0.1271674913686916,0.379432491324625,1.1812571126970155,8.116723760492711,0.2479827187607388,2.704884439217536,43.19612989319342,33.55723560603042,16.279653046375522,21.789687306628306,1.0,100.0,Sleep
919,30.633333333333333,0.3099970084674717,0.2595891998960415,0.2221694279252389,14.501846351895974,0.0,0.0665292070420551,1.993563359934747,-0.1455400794290668,-1.6387920275323946,1.1258213205701704,0.037851102364115,11.12446531942403,Alert
1647,54.9,0.2353307581766207,0.3155018721721429,0.2689547165407534,18.189802977642312,0.2096827102802194,0.20907870799801132,13.624447983511864,8.262030055602056,9.587773824931284,5.043712451925797,0.1995695910164942,28.97047173336539,Slightly Drowsy
1027,34.233333333333334,0.3069073929277618,0.2321971425182169,0.1564404623921028,18.87240777861905,0.0794262057456547,0.0985180835345543,8.201320869606693,4.943021968542287,5.502403693087173,-3.542845102887688,0.0154023376942691,8.389157499387169,Alert
1031,34.36666666666667,0.3287340888370595,0.2919734818545084,0.1952283546882974,16.750982230696824,0.0,0.060510949047794,7.548822497745687,2.573931602685633,-2.1730908954103825,6.755536482578724,0.0503143923834027,11.527208386958028,Alert
883,29.433333333333334,0.3346764383648634,0.2802292030231589,0.196272719085963,11.9775902676855,0.1123162172927342,0.0998525620595885,4.079548260774775,-1.3623194676629309,-3.225309144350267,-2.0938435002138123,0.0535593994179305,6.234185489940031,Alert
1336,44.53333333333333,0.334900216824653,0.2636862130159537,0.161830330994681,17.008031955730715,0.0280178241656165,0.0855640919204196,4.445115498309246,2.388948673076597,-3.212263129015508,1.9321857107126412,0.051205617873579,3.695017929044312,Alert
2747,91.56666666666666,0.207862844909463,0.6437890914767743,0.378439104017631,25.95855674453812,0.5589750715822968,0.4877997980772085,26.25510663021241,21.63584610851771,6.866794911209829,13.193480017787016,0.3748188418774867,90.64170127423913,Drowsy
3634,121.13333333333334,0.1292174777259489,0.3403075143482711,0.9759533670401314,9.773713670219006,0.0778004073553686,2.015905523604645,46.526724232263625,32.086208003419216,24.323794382968977,23.314466551080912,0.7760577997157149,100.0,Sleep
2714,90.46666666666668,0.2006661202448116,0.4997759551270906,0.4011375913922665,27.90963537004444,0.5574843376245586,0.4864442702632947,31.945400010383874,26.06540391738393,14.383616674674546,11.585114233493114,0.4327688051452413,79.65642938269578,Drowsy
365,12.166666666666666,0.2858285409179793,0.3007398545846566,0.0988682510519167,12.425288619090471,0.0304690463019382,0.0926665365214247,5.08830254756128,2.056577131692173,-4.21668916156886,-1.9699862516340303,0.0439736001909481,11.796195293199922,Alert
2126,70.86666666666666,0.2651827839784021,0.3877542462286936,0.3336387845363738,23.816082364968672,0.2022467693630876,0.1695432412849031,9.019314510507028,5.325231168866277,7.240205586900064,-0.7545662972852965,0.2242322921365118,39.1552926414808,Slightly Drowsy
28,0.9333333333333332,0.3276824880219152,0.3084501741593636,0.1988888652577083,11.92751247269482,0.0275927583921212,0.0949458721024652,3.534281615022551,3.525925663583662,-0.0627047818924444,0.234654766617564,0.0655532979157685,9.81263095679423,Alert
474,15.8,0.3392687552404697,0.3633599736106391,0.2048170832297227,16.89959991597086,0.0297613520404857,0.0594826378806104,3.066549107404522,2.1558283740478075,0.3215097457787886,-2.1570254827291944,0.0364941094019197,13.53044416442994,Alert
526,17.533333333333335,0.2874288809118813,0.3507643175493727,0.169320777468425,14.07297625983892,0.0779189612052039,0.0553491937755944,4.4244583182007045,0.2887706734680075,1.3719728432602964,4.196442949093494,0.0372383533067703,14.195485896510627,Alert
726,24.2,0.3280232515481414,0.245424693145108,0.2016911381873959,14.213783324098998,0.0,0.0614214703507853,3.856474512419728,0.7396783158708407,-0.2185730665231652,3.778557591007992,0.0447634261227925,8.011451986560918,Alert
56,1.8666666666666667,0.3669198953139516,0.252917378031375,0.1426603589006574,9.553199377739304,0.1098417724595673,0.0930873131270811,3.039047203732107,1.8610383227238625,0.8399058789594609,-2.250978094596753,0.0889150395923365,12.171366683741926,Alert
639,21.3,0.3522615185344087,0.2819319734885531,0.2414612477309655,9.93626932450042,0.0277288490862653,0.0806527767338174,5.028000579280032,4.843452744072286,1.198408117806555,0.6209455083615029,0.017454724148917,6.8726946461460106,Alert
303,10.1,0.2812759868736631,0.2890291593427413,0.2131163202994877,15.187919366238454,0.0499038463632458,0.0682145669642138,3.185074523802836,-0.7304090817952242,2.5042539789746465,1.8275432427711715,0.0090854042661853,17.822106948929466,Alert
2767,92.23333333333332,0.2479134699933435,0.5864851980870378,0.4310814230961032,28.307441858536613,0.5773167279096182,0.485955002427062,18.589834178469424,15.413916256454485,9.05390120678782,5.100979647060376,0.4122145775085168,77.33429667253148,Drowsy
3491,116.36666666666666,0.1071001826237147,0.2909980310989756,1.0186765861382805,4.7477340712987335,0.0967801778825185,1.4223373890989135,39.02143857577548,32.19830771210029,15.579423122291908,15.595615543367238,0.8033634462943194,100.0,Sleep
1277,42.56666666666667,0.3506159682803794,0.266578269337664,0.2053621967034616,15.339642356221596,0.0155077225534527,0.0682608358004743,5.733688253716233,5.234544227036815,4.120935210869343,0.2497352203909579,0.0243491742734711,10.289101018220236,Alert
3526,117.53333333333332,0.1277090651211457,0.4700956939099468,1.185963758021024,9.898196151376066,0.1548780402581258,2.024557294359117,10.659546637155405,23.174840914470337,11.525914588375365,9.424576113347891,0.8878607005696234,100.0,Sleep
625,20.83333333333333,0.3197121227980838,0.3160730932884546,0.2128439550668197,11.98502067235146,0.0289377946745319,0.053553051306334,4.519426864434271,3.0226623458351427,1.999883650370672,-2.699851275722546,0.0308960219036768,6.494879267352488,Alert
2056,68.53333333333333,0.2483258028572195,0.3779024419428285,0.2263311102657474,19.28447493053909,0.2827950530531146,0.200022866625831,8.924922215694805,8.189576434602179,1.8139153571656847,3.048735058192141,0.087919512794592,44.92713018878712,Slightly Drowsy
1281,42.7,0.302036432330524,0.3441241862652056,0.1903432491777688,12.44994262730822,0.026452332021229,0.0697240049458393,6.765900038080822,5.431874165622183,-3.80625302280385,-1.3358833409190094,0.0287667888614914,12.322432910831218,Alert
2852,95.06666666666666,0.196162069289063,0.5372982832355947,0.4024790849020238,25.470001780544152,0.6511683161271032,0.5969684481090825,25.46532128049404,21.99225710929727,12.021248142236644,4.506973292589848,0.469617213628742,69.59794239244005,Drowsy
1050,35.0,0.3542467055840478,0.2575504473491798,0.2133203305216227,14.68849058535802,0.0865484660937036,0.0837218604175187,6.059931307763293,5.240641774370005,0.6705712876246106,-2.967958118934835,0.0690385326462944,8.128105132085015,Alert
337,11.233333333333333,0.3057063489510985,0.2916412628613469,0.207993842170232,13.443198248058485,0.0926068786285754,0.1090523349097235,2.543091226239138,7.843510981818261,-2.51076211138884,-0.2807501178106729,0.0461522533637839,9.596729771499229,Alert
48,1.6,0.2955611188800362,0.2834766306900229,0.2025416137011536,9.826486797196573,0.0717344076951974,0.066747524821083,5.478536108240411,3.4264966714828984,-2.2897774696275506,-3.609764201329038,0.0074491512423367,11.91237516862701,Alert
2879,95.96666666666668,0.2125027218632497,0.4301976691042281,0.4348312739500153,30.320954207039097,0.5177926214949997,0.6459423557061845,21.735326845398188,18.450892483462827,-1.729535846741307,11.357715676790775,0.4318027741201269,62.47610772828569,Drowsy
107,3.566666666666667,0.354606820462763,0.2997368192018326,0.1978426302499585,16.133538896950768,0.0803571435914706,0.0856238284793875,2.72378123743914,2.26050275987969,-0.1877793836985672,-1.5079291777333526,0.0343864984626645,4.709917536140131,Alert
2398,79.93333333333334,0.2602414963832232,0.3785084817410168,0.2970577086504377,22.963656963961338,0.1390199973341357,0.2386359705797432,11.366133718236195,10.474727550322946,0.8470501393176693,4.330309978374895,0.214999647414719,38.43749002675646,Slightly Drowsy
1080,36.0,0.3313068594412144,0.3386472702845947,0.1741801562230012,15.021213345366176,0.0155484759045639,0.0728714575894984,2.000294645944512,-1.8129635916554951,-0.5843688638497068,-0.6106183070371297,0.0459839953217779,9.076937548614929,Alert
2287,76.23333333333333,0.26912257211482,0.3033090403123023,0.2890806294782362,19.933505660790868,0.2560663279860001,0.1680845271401644,10.290039198830728,9.701310500959629,3.367140756729168,0.6571486907973934,0.1825475982170755,28.781331769979555,Slightly Drowsy
2262,75.4,0.2489198559616148,0.277387821652951,0.2706943425327142,20.455192352060745,0.1892587461248463,0.1776271209009726,6.145805891450476,1.723117066453299,2.534626717641951,5.327050312593298,0.2304584321595522,54.75848196112828,Slightly Drowsy
1145,38.16666666666666,0.3025188983942731,0.2820987000193498,0.2225953346211915,14.676283688666,0.0,0.0901077802346427,4.619954589036739,-0.9075071444586102,4.220422586198895,-1.6457352099959557,0.0993901901549133,18.012997453356547,Alert
3183,106.1,0.2062193108830915,0.5144879039990081,0.3753292627628605,27.493681797940184,0.5743751593180666,0.4036927927226804,26.41393149685072,22.607364642533945,7.456516022148044,11.4456633644048,0.4392356026564311,77.90629437395918,Drowsy
2297,76.56666666666666,0.2046488331358139,0.3765426439131373,0.3136863134551957,27.951010248042973,0.0828945132679166,0.2482445835677813,14.030927426382956,12.755330999954356,-4.069155909115917,4.1964777746743565,0.204704832573628,39.856058004299456,Slightly Drowsy
2842,94.73333333333332,0.1908194392038967,0.4032174702382706,0.491265542907675,22.535934131809302,0.633161321971022,0.6193289358694635,20.2383391408037,15.661535316344848,9.325220260095088,8.794711468478212,0.3969629728675223,64.60355485909952,Drowsy
1837,61.23333333333333,0.2534540883315391,0.3507643175493727,0.1862011092191518,20.209071448309007,0.1690306181136156,0.1865475981819742,12.594439374674772,6.392796932501165,9.788539193779378,4.683647189318056,0.2183214107451531,41.43871997260565,Slightly Drowsy
1754,58.46666666666667,0.2437634589425089,0.3436196236953944,0.2938377467192027,21.54475205550764,0.2711454325863482,0.233204706579809,11.42534431637604,9.06969462410447,-6.1038451270775145,3.31997090919316,0.1756458447706919,41.68957196761145,Slightly Drowsy
1102,36.73333333333333,0.3390848269895493,0.264034107838198,0.1950772432311431,13.177776258322975,0.0787731040731775,0.0833938631594256,4.2610786949537856,3.2049195676322304,-2.2775506385025133,-1.6425727681457185,0.0589099460931878,11.449497815427724,Alert
1969,65.63333333333334,0.2708549326568268,0.3622223959387753,0.2487609882862285,18.93676779727439,0.2145292171835536,0.1915399197259917,2.350370356444263,0.8099501553028157,-0.1031743397029645,2.203991064864768,0.2090911750374863,39.96973596737196,Slightly Drowsy
3028,100.93333333333334,0.2152354369008674,0.761618657871286,0.4502360394546902,26.012667049162,0.4186622702705228,0.51320000598826,20.19263419071994,12.48200520407048,-0.7786716794576876,15.853570325368352,0.4434234759492775,94.15891317265324,Drowsy
3673,122.43333333333334,0.1420602349410379,0.4257596112299764,0.8115481350296885,6.132679418138875,0.0778781327984219,1.949658761214224,37.00478300638685,35.331489200132346,6.965142339136781,8.516256715615901,0.937714972056019,100.0,Sleep
524,17.466666666666665,0.2861007413785009,0.2731475155160996,0.1487318523585825,15.426052933401987,0.0367427451487398,0.0696266656075758,4.261126881484478,4.133003862628886,0.0882917750326565,1.0332888918719343,0.0203734812696507,6.32469906980186,Alert
2281,76.03333333333333,0.2389981341628784,0.3843015801143543,0.2348857501541698,23.576449564604967,0.2118796244640884,0.2151591744945372,13.720443598601411,5.958943358745186,12.33628509460996,0.7467507309492145,0.2188620684387384,34.85384792892066,Slightly Drowsy
2693,89.76666666666667,0.1864392258876045,0.4277056356663951,0.5149269311624992,25.084621283527195,0.5955909013950049,0.4348480643125567,20.50403509545765,18.35098895762252,6.1846846126992325,6.738422346099785,0.384260343973018,81.75410065138149,Drowsy
2886,96.2,0.1753025521621336,0.6017154548417751,0.5072420912762936,21.94375916861137,0.6195367382695257,0.6395954917766301,18.048244005385182,13.251766810607048,8.581950261273768,8.745279743280886,0.4799320642069494,69.06157830690879,Drowsy
1429,47.63333333333333,0.2255154998328883,0.2921150636566224,0.3436486116352917,23.899711358693967,0.2112234740560435,0.1737369214661231,11.353397208470511,10.17664133866369,0.7031102425301881,4.9840982358252575,0.1450995489357745,36.50806473159008,Slightly Drowsy
2582,86.06666666666666,0.206284850908171,0.4340248785133638,0.5045919748032457,22.44847755020838,0.5827548795408043,0.5302160065772988,20.99303271317775,18.5090321861313,7.625176995030197,6.322960210516036,0.450834684280684,68.11412700009245,Drowsy
3490,116.33333333333331,0.1112795447839742,0.3251679084687253,0.7604382226904676,1.895942078766824,0.1810817747959304,1.3667436198586085,32.10467848704469,25.08635567460012,4.120935210869343,3.289651897105,0.7929246526937463,100.0,Sleep
604,20.133333333333333,0.3009395512349271,0.2533872725574354,0.1681916525390097,14.95608328923134,0.0,0.0720576933686429,5.232498446105801,1.896320555002131,-3.2971176735955776,3.593330403350034,0.0229300903987731,8.850605257861744,Alert
1490,49.66666666666666,0.2366128780749941,0.3130910074389378,0.2942865034280508,18.864185487439272,0.2216827402288995,0.170557391258374,6.234362147992635,-0.4318248843937979,5.226479147927688,3.3711592038672222,0.2007103126283536,35.84854933544736,Slightly Drowsy
3131,104.36666666666666,0.1976551548448309,0.5979478833223919,0.3037140567901859,32.3307073310939,0.451565140341101,0.5589733037044354,17.27817722204898,14.361887435749942,6.272089748539827,7.275471640082299,0.4453782942504632,75.36005869840787,Drowsy
3253,108.43333333333334,0.2102560402189778,0.5554104806496305,0.4883722950837973,28.29351241751175,0.4689377946181031,0.4384064831610301,19.082488834611787,16.68498646355735,5.402342779558259,7.52112354147612,0.4055686097558799,78.0027559133592,Drowsy
61,2.033333333333333,0.3056584498279941,0.2608599370565863,0.17901740189352,12.641438072165588,0.0214861686929134,0.0821286045538379,7.09401715158362,1.362556956447862,4.511978965748066,-5.301939616786024,0.0618301370384492,16.847929922678773,Alert
3681,122.7,0.1204838603350417,0.3969095347095852,1.124893105580415,6.276816222735157,0.1392463732593734,1.5566507089043566,38.00892471228812,32.43125244758045,16.22999365659646,11.378907169519069,0.9321132940794498,100.0,Sleep
672,22.4,0.3298843420296417,0.2690562990621353,0.1561203326997373,13.377565861798312,0.0625651798580266,0.0736783407775405,3.503336880411015,2.7858467078285765,1.3174504011012529,1.6663588625403636,0.0656558993767796,12.203380097539624,Alert
93,3.1,0.3718815218156316,0.2558784263668651,0.2877752059173907,14.49477695865662,0.023943279855422,0.0703222833189135,2.0373010199055743,1.1991317295141997,1.272497839205749,1.0456709760709992,0.0285259999212284,10.862094760429049,Alert
667,22.23333333333333,0.3494563211887,0.2942847569472425,0.1387309773364091,12.815886355872022,0.1677219334107448,0.0944898212076345,8.97420675805855,7.923218252028742,4.186302246597556,0.4836041431114971,0.0460281413956223,12.032056294878329,Alert
1888,62.93333333333333,0.2477371492673804,0.3507643175493727,0.2835323605313743,20.492443372618936,0.2457662096803954,0.2423548738630224,10.826186151734207,8.037636481172289,6.756758394792595,2.636080875642789,0.1767256901456134,41.6537153818212,Slightly Drowsy
281,9.366666666666667,0.3500132914618468,0.2849125954446816,0.1209879088923854,17.429845700042602,0.0425661699122901,0.0861999796633111,5.661654460533383,1.8585287777502604,3.65691236938099,-3.9022037280772497,0.0428717587301032,4.217110209056074,Alert
1720,57.333333333333336,0.2687719160635022,0.4035522646572608,0.1847203490745337,21.14227219534859,0.1118326435525952,0.2057494975128342,8.940198112532114,5.537617684167166,6.367647624978353,2.9521172739966466,0.1041599242032844,33.9104317684306,Slightly Drowsy
3035,101.16666666666669,0.1865941523811247,0.3868219960907585,0.5032656937924642,29.588403586381496,0.5952932968624516,0.4900672897341402,25.65224941207805,17.27115777244981,14.746425916681504,11.92845051892445,0.3575069868857028,69.56010591399703,Drowsy
360,12.0,0.2880242315945053,0.2980353012568564,0.1549715456989612,19.460241833451143,0.0728202883341806,0.0683870339489209,0.7276945397192904,0.4715368815284295,-0.2788326198407648,-0.4790038440434995,0.062336675510599,12.852167775763258,Alert
900,30.0,0.2920187439444839,0.3238181609079605,0.2074747134479281,13.09206110316796,0.0413432515344651,0.0772715569944476,1.436938366852396,0.0542286174837416,-1.3302882547051071,-0.5405407353492181,0.0722573674141425,16.04741062219548,Alert
1936,64.53333333333333,0.2487826086013788,0.338796170331651,0.2694600210829584,21.077031430482062,0.2446350225219499,0.1556793442407693,9.5389740547761,7.086722112738665,4.984470917801617,3.9906697914137577,0.1889145598484117,43.64697517448938,Slightly Drowsy
1995,66.5,0.2630122179221227,0.4091963454603112,0.2401743037102336,22.681126594613584,0.2306552308301862,0.1839945574678976,12.56558851536656,8.62678344305388,8.926777201736023,1.9455772805852336,0.1778230279851477,35.90928083295777,Slightly Drowsy
3083,102.76666666666668,0.1738351411426422,0.6672320704911037,0.3267768641017824,20.028522601482635,0.6022047345414316,0.20907870799801132,21.50210733296437,15.4951752093273,10.379037166615698,10.701203319467348,0.4245242517435788,88.44444184264145,Drowsy
2896,96.53333333333332,0.2251130130828707,0.6313329411946638,0.4294416841680473,32.374841814181416,0.5071864204913135,0.403348841525411,21.293386690506598,18.105438178163386,0.9643960299592926,11.165633229940248,0.4964116062304814,70.22063090471967,Drowsy
761,25.366666666666667,0.336380840712844,0.2889949105955041,0.1402905128747346,12.910246327273915,0.0851019021380568,0.0870332470994811,4.858826462542114,3.4216115400319262,1.1487651301717892,3.2528614692177187,0.0447208612764874,10.24920640256004,Alert
2159,71.96666666666667,0.2174713848216684,0.3807835987048288,0.2130440828660485,18.540701281550646,0.1710132433380109,0.2617580241904458,6.8359839433678165,3.2448845949977887,4.049619932586345,4.449941442393148,0.2393624221288278,45.79902810606731,Slightly Drowsy
3510,117.0,0.1326742973427039,0.3579002222051826,1.0247914892359375,5.514216199365626,0.3049350745950046,1.5575538099060269,36.10716764412728,33.30718326421107,8.520914548760759,11.034179332333103,0.7071128108654003,100.0,Sleep
43,1.4333333333333331,0.3025068623001853,0.2874892968756978,0.1766301585092751,13.447576001166942,0.074566668001737,0.0951501542009461,1.934075685502374,0.6737471309736813,-1.72745472193404,-0.550103394303288,0.0,5.274002050280164,Alert
2174,72.46666666666667,0.240577739528174,0.4249742999090881,0.2788518371319858,17.31753769864418,0.0678092754836595,0.248730316904789,6.338238889656801,5.694486961586241,-0.8562580922903162,-2.648190428588837,0.1641713555649942,43.08991698910678,Slightly Drowsy
205,6.833333333333333,0.3604303143742156,0.2836524578133125,0.1530364785503061,10.674215935652526,0.0424351843689186,0.0984330022384891,5.639338188288647,1.6811271990561645,4.533464790742043,-2.9023513801031178,0.0397582210430789,6.340940926756767,Alert
1474,49.13333333333333,0.3050645902160641,0.3639286610480562,0.2569111617447155,26.942337311371563,0.1624743505644945,0.2665165461994977,11.06224834451747,3.9527502316166663,9.720121555685475,3.502619160704236,0.2316420893080973,51.75141675196368,Slightly Drowsy
2101,70.03333333333333,0.2667774172135605,0.3016643363634478,0.3294739482941656,27.425275883863826,0.1269552209551754,0.1634560069758775,8.653246575471686,8.437433598221348,-0.7488816389715574,3.289651897105,0.2241010782582405,45.134497073375066,Slightly Drowsy
2594,86.46666666666667,0.2352973272215908,0.55507988906341,0.4303212339652084,32.73200282714686,0.717598379912121,0.4616742460607951,22.38078903102443,15.735214552309625,14.052539631047573,7.471871958341122,0.3731967590909249,78.2333736689523,Drowsy
69,2.3,0.3047120549252013,0.2307668616103122,0.1523030026166728,10.620788485959164,0.0109650698809066,0.1010728359321568,7.967299944003462,-0.3734972220798576,7.897146194512173,0.9866358017617785,0.0436967224738974,7.932324250456085,Alert
1876,62.53333333333333,0.2582645089937207,0.2624616336314249,0.2468359979153557,24.069620562008453,0.1241500842853966,0.2548010550550491,7.065868229699528,5.411407404028247,0.4025071946324137,4.525610644473799,0.2443046954729778,42.97875734380335,Slightly Drowsy
2833,94.43333333333334,0.2071340869098822,0.5538405724807308,0.4381863740765854,34.82997752772034,0.683019510061254,0.517288465690847,31.854375077000764,22.02067320958127,19.388081547030723,12.405380158171852,0.4304646990172747,64.73673816824885,Drowsy
3174,105.8,0.1946557535479282,0.5029912417197746,0.4673603876830375,29.96473265014871,0.6977877239220278,0.5520123415596032,19.494505845817805,10.983863347332209,7.555474441228588,14.223407120226092,0.331039500066959,78.79054123842792,Drowsy
2232,74.4,0.2367250710680211,0.3291839005445569,0.2866575358948328,20.65014591007346,0.2334070705314231,0.1979551284506782,8.530832518392675,7.695110325631569,1.1925664390309896,3.48398705820232,0.2242035634734177,37.60717630479076,Slightly Drowsy
138,4.6,0.3438826302142628,0.2830942410202147,0.2243259024316578,11.145777214666236,0.0422536216288112,0.0656635535879439,2.688901617338986,-2.66634154268265,-0.2480420575280977,-0.243495016766567,0.0702689948648426,13.873712695986244,Alert
2948,98.26666666666668,0.2048246037130514,0.441770775676257,0.5211915065121131,31.266175411814224,0.5270183620080818,0.461210698655684,22.651638185926952,18.73212863360402,6.152597152857671,11.151215971135349,0.4789210999980632,96.03444705947196,Drowsy
797,26.566666666666663,0.3075670713410582,0.2902928713577625,0.1849000404203261,17.654292540642796,0.0888564943068943,0.0540948275866575,1.992867440480224,-0.9688829169376004,1.7367294542074028,-0.128675294758333,0.0308965643209247,15.515516673553718,Alert
2181,72.7,0.2628990996805479,0.3281216037338562,0.2386874236196721,21.3158911991475,0.0909919776200429,0.1624956888141076,10.43372669259142,9.070014097623735,1.9454039382046464,4.776285217804654,0.1919764775206995,51.72110577830895,Slightly Drowsy
2129,70.96666666666667,0.2456075631853679,0.3928993414887486,0.3092687390344853,20.14629460554404,0.1318357489886,0.1495232409264943,8.004449402217734,7.117089420705198,-1.692641108594259,3.248571145572585,0.2286734716569775,39.12732123888339,Slightly Drowsy
759,25.3,0.3237195158701826,0.2740060293311273,0.1826217428676036,13.959864901878534,0.1533429464066626,0.0533954748871732,3.2265881012592965,-2.974865674552812,0.997130500558829,-0.7528451091763906,0.046321357394599,13.531533115320888,Alert
542,18.066666666666663,0.3206346319493068,0.2549199279051563,0.2042878330791565,15.327235785539871,0.0843255628373606,0.0775372712929546,5.563750433033128,3.506450669945852,-1.3369509090899836,4.107637380173191,0.0237490845975602,19.968848214734766,Alert
1020,34.0,0.3619309898243614,0.314843434208594,0.1775563203666636,15.688727118163674,0.0731006781842884,0.0901317534339455,5.821580675182843,4.779883402151022,3.313433111512399,-0.2543171937497686,0.0528375812295553,10.40275372031956,Alert
3487,116.23333333333332,0.1232219965721504,0.2994091343216396,0.7606556958495748,5.781849238602188,0.1338192377205653,1.6334410852677028,49.37065016085984,43.34457555605772,18.22552456283936,15.051216614631263,0.6294139399784213,100.0,Sleep
3032,101.06666666666666,0.2134438416915024,0.5658558570766306,0.4945096081298997,22.75415626235067,0.3325171260793473,0.4697091589867429,29.8855202762579,20.134343249803287,21.74142505291516,3.881105609255682,0.4330813759346182,70.47242224661031,Drowsy
166,5.533333333333333,0.2977201943646178,0.2046864609534743,0.1584254004227274,13.472174402930763,0.0105128189139526,0.0773748606581539,2.6363778157454245,2.1921297073969206,-0.6745679454242357,-1.3000051616469197,0.0433730934393345,13.312377253261102,Alert
249,8.3,0.3014378941865404,0.2630142957621246,0.216926235394642,18.212535696771276,0.0725152344069741,0.0624037129299589,7.178776039865992,6.967652779248603,-1.5929126934358937,-0.6702755623429035,0.0468467566897924,18.535442853000184,Alert
1332,44.4,0.3256292733056734,0.2105683226691434,0.1643937295963775,14.24216508118969,0.1238159872500151,0.1005739743177979,7.261713298465283,-0.3042945912047878,7.255067260717354,-0.0623207296029552,0.0649265962214988,6.696609940395229,Alert
2018,67.26666666666667,0.2127917699560701,0.409554643829902,0.2425586994780728,18.125790314446604,0.1965506763908998,0.2120908205181806,5.825463209736662,5.142072579998611,1.8452292741274925,2.022434205586112,0.2366616140397257,41.46019393254928,Slightly Drowsy
447,14.9,0.3075867066129508,0.2396277650905325,0.1880353091359899,11.941162573435376,0.1565871280820747,0.1065055218087407,4.821059903514785,4.06778857141442,0.4739229367543551,-2.5438380022254456,0.0442279313494131,16.087132506334736,Alert
2483,82.76666666666667,0.2139405463086621,0.6263459476305259,0.2877752059173907,26.618566411337525,0.6657491793603985,0.4331791263794784,24.662553860157587,18.45835691418882,13.116786643681037,9.771413975353946,0.465815741557081,80.36658750799207,Drowsy
2907,96.9,0.183816543158161,0.5410888797233125,0.4488426487281642,22.25815043718409,0.2439356525293168,0.4973924092483331,17.355796271533595,10.183127345502434,11.028279680341251,8.712326266642698,0.3718751111160664,70.47988602547403,Drowsy
1359,45.3,0.3012982048919583,0.2774011762377421,0.1716010160158041,14.281872345191877,0.0200646727723586,0.0544676359951067,5.486305378891512,1.896798066519073,5.14535465453634,0.1644058525255929,0.033368124421369,14.766324513072638,Alert
2846,94.86666666666666,0.1814021192355946,0.6829611094094433,0.4325450393610616,28.55881727186532,0.5446576662483307,0.615274315390212,25.929329686140544,19.6959083548542,9.70045631878303,13.795016464547489,0.2157658073556719,83.03955816547324,Drowsy
2146,71.53333333333333,0.267853288378711,0.4334821943329212,0.2729188217634073,22.725640419677745,0.1758523284677795,0.1674957695809757,8.954667486284466,3.664611092336584,7.372601490385965,3.5215682012141203,0.2538641228832421,47.01199908024435,Slightly Drowsy
1330,44.333333333333336,0.3353509065989302,0.3440141164689024,0.2469703809955721,13.56189159258922,0.0176482352633427,0.0427146032548705,8.051781158038317,7.61170563857564,-1.319046026755349,2.270073714203479,0.0251748926498103,18.45324538355688,Alert
3999,133.3,0.1066549397506149,0.2529903465927891,1.0499411908928038,7.467231223578889,0.1224615823502442,1.3551400754313705,37.599484310191,29.05036924467415,22.24666127852697,8.653515418538202,0.9346539535737884,98.13237264868629,Sleep
2786,92.86666666666666,0.239254762137802,0.6032400044954978,0.4198407507668927,32.07903643233909,0.5978372166155982,0.63378567782764,18.588568108526044,11.154540701718917,5.138115056816382,13.9538833204927,0.558519624409484,85.95860132841818,Drowsy
3901,130.03333333333333,0.1088211938713863,0.3630183035341779,1.1453541327352998,2.870754307435972,0.3320252351544791,1.8708885743303696,10.659546637155405,24.676923469947862,16.463641084874205,20.54567851186428,0.7839551660482789,100.0,Sleep
2151,71.7,0.2677894189290349,0.4152967730978854,0.3026726772824825,17.627675681495788,0.2021723927377998,0.1919200001176553,8.534629911685661,5.264002606326404,4.57100634938571,4.92301586874387,0.161657893594752,39.29885166499527,Slightly Drowsy
435,14.5,0.2619921100442394,0.3073920439210781,0.1792730149839092,17.00612811995768,0.0061891792462878,0.0164659237360799,4.413185237557864,2.697709645862963,0.8746910300459183,-3.381343255212904,0.0204300090826678,23.185965369544057,Alert
2123,70.76666666666667,0.2687441254116337,0.3387544294958579,0.2567497620009786,17.429845700042602,0.1350380100356938,0.1736748909777326,9.412514928148216,4.8354096336720485,3.161191574817789,7.431091358239756,0.1249284470017137,47.29969007027531,Slightly Drowsy
578,19.266666666666666,0.3518178683492816,0.2390681779778944,0.1583708967459031,20.949909060558888,0.0084803458004308,0.0529249065058048,7.332641082124765,3.836191862503045,-6.2313595613216215,-0.4705478199448778,0.0829164985015297,5.663838425747219,Alert
2901,96.7,0.1756016780507182,0.4804692776567851,0.3905028053218339,31.35905929810949,0.7080426369376709,0.5326306624489056,27.50050825281421,19.14888380167456,12.572630925934895,15.216016394355444,0.3158498590450775,79.53047322838492,Drowsy
3188,106.26666666666668,0.2047043258705906,0.5748274269094122,0.3698419987958123,29.84690023707281,0.6289998375188158,0.20907870799801132,24.21417392292175,21.150422624507502,9.2395706314961,7.322306748547165,0.4349543524861768,76.70139761982118,Drowsy
2967,98.9,0.2041303633414339,0.8059440258054182,0.5076593859495881,22.327452952075458,0.6050483737505763,0.5445981257031511,15.032294334296166,7.843510981818261,1.4702027195401524,9.812811669118275,0.4888283274414995,69.34039481602571,Drowsy
3845,128.16666666666666,0.109449711296454,0.3726726031917398,0.93096381142435,5.083936159163394,0.1543110885458055,1.6567460069790974,10.659546637155405,29.282573312890182,8.709454426226714,22.214107373757354,0.7613000473251285,100.0,Sleep
3672,122.4,0.1189406015792595,0.2596158421361706,1.0655980574851254,6.157530526160972,0.1359058895670707,2.210170733884558,27.90032725813059,21.62461224299539,14.39367833338018,10.179706797647007,0.9024804683340972,94.87925518925084,Sleep
2449,81.63333333333334,0.2000382597588425,0.5867379569726789,0.4269658000039102,29.73249635157784,0.4975520215967662,0.6723920201616918,33.21091936521807,30.759200472861775,7.644323607493456,9.919731243195782,0.4678887576905078,78.30905931480338,Drowsy
1849,61.63333333333333,0.2787148012186976,0.3008484667341075,0.2297492342035862,17.433221792327053,0.1280643123161584,0.2441685808327898,9.615120033766146,8.961266827333572,1.8198897083102732,2.972243523442914,0.2361722202066375,52.23043791459541,Slightly Drowsy
763,25.433333333333334,0.3223156896987231,0.323500189700041,0.1837028754511094,10.354467215453123,0.1152051985949764,0.0874068053465769,3.8786237927453273,0.5268656730123307,-3.760205154885056,3.289651897105,0.0376565599005124,18.014814741346413,Alert
3038,101.26666666666668,0.1865973730711956,0.6092872554510008,0.4125607729823891,35.238494065323955,0.52300103750906,0.5405315938505476,28.234530200993703,20.967942431711137,14.871101160729918,11.678374720765325,0.5642911623109779,82.17656182279457,Drowsy
389,12.966666666666669,0.2919689064976402,0.3125293494676786,0.1760359023329535,12.690671743071446,0.0,0.058405273574483,3.2946592670659407,-3.0544965999048683,-0.3038421561045986,-1.1968751611620938,0.0206682421802936,11.105634556497908,Alert
236,7.866666666666666,0.3043580678125946,0.2338263481890431,0.1739105808781302,11.999903589005884,0.0474590170153857,0.1047487626936827,0.8740621267623225,0.8567458622830251,-0.1284701439347246,0.1160454696167904,0.0569686176441057,2.6520706251753974,Alert
3488,116.26666666666668,0.1749180444717117,0.3687229846686774,0.8284231215301726,6.326649309482202,0.0354873013878229,1.9617211904933176,42.498598427447874,39.75142326559208,9.303482296259451,11.806796086170312,0.8436243337015727,100.0,Sleep
1985,66.16666666666667,0.2759886243014091,0.4305552504556067,0.2641546111853775,18.732280241936948,0.115080188703505,0.2100971502886312,16.302518739079957,15.063245082261226,6.156376417020409,-0.984781316710018,0.1509598358701599,37.46730491372501,Slightly Drowsy
268,8.933333333333334,0.3142612836159913,0.2226180543116098,0.1682258668181738,16.491426276448617,0.031340184830872,0.0928095959040164,2.921590170031664,1.5237422350054717,0.9721710846646818,-2.295382779631334,0.041704188992678,0.0,Alert
771,25.7,0.3181082231835734,0.333814296166202,0.1602485184617866,12.51374076012748,0.0691256230222323,0.0684554254857885,6.851941581108774,2.3813147072440413,-4.65461226290438,4.428659885113193,0.0130458153938119,10.455784504064114,Alert
2166,72.2,0.2976388996683125,0.2920355474289917,0.3460208361235189,21.397292423972587,0.158013670284882,0.2226714556235282,11.819153089739183,11.678079264405747,-0.5842717684333136,1.724375525678674,0.2138747893873701,42.36358823467474,Slightly Drowsy
438,14.6,0.336308258454417,0.3299556877501226,0.1674169574202434,15.891220885790243,0.0,0.0931890248222722,1.046792449976973,-0.0098710368187027,0.9220368501239102,-0.4955048364794185,0.0664082801956766,8.3746654760305,Alert
674,22.466666666666665,0.315397828324602,0.2529732664268467,0.2299680964105958,13.061249899811072,0.077978569875828,0.0424998522505612,5.874055207820798,4.9499713242244665,3.156633467871176,0.194868220594606,0.0354611506772415,13.441292367186543,Alert
250,8.333333333333334,0.3413493994138056,0.2945202925126668,0.1938986559035432,14.108786671608666,0.0723255805807402,0.0294087984461139,2.721623685111639,1.258481352325504,0.723965804750343,-2.302028167239014,0.0477264663562312,10.777034182103264,Alert
2202,73.4,0.2337401068118012,0.3951801934039368,0.2096118960539814,21.717462715904706,0.1741176750751039,0.2239652840549957,5.944061451103437,2.012458058021773,4.049922821943758,3.8574608533977672,0.1038107512550402,33.14936559370744,Slightly Drowsy
1575,52.5,0.2772709189327922,0.375096531750151,0.2597751765632325,22.28055916170644,0.2830923429855788,0.1203125773460314,11.389719380841823,5.991892411962726,9.53222959432642,1.720328997266206,0.191037117183726,49.41341088881613,Slightly Drowsy
2143,71.43333333333334,0.2442296704960886,0.3398951947751735,0.2721185255889269,21.61982370738672,0.1581998126493745,0.1915037030472718,10.909972789227096,4.0126509216377695,10.095783236653132,1.0006496296250784,0.1651607716213863,35.705778683601515,Slightly Drowsy
2082,69.4,0.298899626013328,0.3383143546654488,0.265893780525437,19.30069746942144,0.2900581943498854,0.2325994981918506,6.675471689208166,3.930728963439158,4.120935210869343,5.381286896489744,0.1953278460483363,44.44705840011476,Slightly Drowsy
3504,116.8,0.1139520550577175,0.3178215609357249,0.8566359301478211,6.741134655845433,0.1012016019967101,1.5128329185221598,38.95510386111621,35.78375233497364,-8.47853027306926,12.85059181782175,0.7432609481811885,100.0,Sleep
3438,114.6,0.1068737356762432,0.3220246040053993,0.956765652426461,6.569231906930112,0.136860789433987,2.2827372991568367,38.43993903125803,26.25928967693405,23.00810345056862,16.08433380646,0.8586506753829972,100.0,Sleep
3669,122.3,0.1205911301288917,0.3364472824793533,0.9775028056631124,7.813389704916444,0.1657332260872082,1.033273306927561,37.039998492033824,34.93839571073519,4.557063924790233,11.423798047730198,0.8658745092040336,100.0,Sleep
449,14.966666666666669,0.2877359644513445,0.2749859379622533,0.2128964135469076,8.521865372086797,0.1113792840717806,0.1024474843740631,1.83875030607251,0.8505884604238092,1.6301724836154288,0.0062954538126532,0.0645998073687736,15.98483146501039,Alert
1470,49.0,0.2362787694691264,0.3423909775940206,0.2771792178909033,16.52300951265589,0.2612514485186156,0.1808523124424323,4.907424282558249,-2.743006783293346,3.904516126762189,1.146071852766231,0.247552887692107,36.760282805289016,Slightly Drowsy
717,23.9,0.3051883636154871,0.2914475331207246,0.1625381599772096,14.997610351616316,0.0,0.0752249479587313,5.2244458306972295,5.213955585904198,-0.1711838742934678,0.2831915734797656,0.0495051720943462,16.96482455348425,Alert
3225,107.5,0.2073586984517347,0.549373257977308,0.306111761576204,26.96689368742502,0.8467621115942444,0.5746912771830098,23.66651459305135,21.022179999993934,6.136340992449144,8.973136589585364,0.4391370261235275,83.66328598567969,Drowsy
3944,131.46666666666667,0.1559954293521806,0.3107316295487492,0.87551059040924,5.095263830723069,0.1739168490709567,2.031309690631064,28.916279559090487,21.312264976695523,9.20772982741995,17.238221965383573,0.7967882714963078,100.0,Sleep
2049,68.3,0.2660524952015695,0.3315953224204487,0.2174033630335972,26.80327380842809,0.1117552588695188,0.2980685049998917,13.609235919915433,5.287336685882281,12.533058726247422,-0.4216776713001446,0.2210197434506501,43.51684539149232,Slightly Drowsy
1902,63.4,0.2473438739584661,0.3421791732988628,0.2831039355898135,22.777152418511253,0.1208686335935503,0.1860211504833049,5.29088617509538,3.306849193790896,3.840618308876857,1.51916948786493,0.2108313259192502,44.45750491993831,Slightly Drowsy
3333,111.1,0.1948160981380691,0.417647078135026,0.4660060441942936,35.58211830850629,0.4106995391978802,0.6518075148525606,17.737251585180406,15.642805630467215,7.683413291108328,3.2981640349485257,0.387325495140312,78.74471671894844,Drowsy
1169,38.96666666666667,0.2806696765109573,0.2407970203616063,0.215673893443604,18.39025397423384,0.0187128218418946,0.0707886794048088,5.696817540666559,-0.9224522755312492,-5.434919541355161,1.4368233955532594,0.0444604060592432,11.602938453455184,Alert
83,2.7666666666666666,0.3207186205733704,0.3247458151912555,0.1857329720405971,14.116091370390372,0.0,0.0949250713205444,7.453512727957896,7.843510981818261,6.489764169916381,-0.6155564699060017,0.0443830065532787,13.110715957030392,Alert
3228,107.6,0.1952733277987485,0.5971319574127018,0.4215269074896608,32.1854601786367,0.5608330172564467,0.20907870799801132,29.85272304069001,25.62378331909231,13.283390990769828,7.626160577032592,0.4346220486387002,55.88284972611759,Drowsy
2725,90.83333333333331,0.210386793486194,0.5410975357338981,0.4099691812871742,22.990945368826544,0.630717413445643,0.20907870799801132,27.400873879278397,21.31136123845404,12.56557791664344,11.77879548735788,0.5384248495838749,63.65285301861847,Drowsy
3045,101.5,0.2158531562560021,0.4470820184657283,0.4774510463907782,27.236848808488805,0.537841517854968,0.793730462401017,30.77061106708079,24.17043372461117,16.12947719991659,10.122282561907893,0.3915940114991877,76.92194013689766,Drowsy
3095,103.16666666666669,0.2062585249431971,0.6378833894893566,0.3363129525415373,36.30504441420674,0.6888784464917521,0.6013892717760426,29.09057772786843,22.620472652680363,15.826457819650418,9.170559546359248,0.5399794567024798,74.28256813987187,Drowsy
1461,48.7,0.2440203200525632,0.430742006822963,0.3474025738133274,14.930258391202038,0.2872822327353181,0.2100059086414142,10.48736188888528,10.233939376920524,1.798046958929482,-1.4206587737537149,0.2033795515458984,35.86287335914905,Slightly Drowsy
2819,93.96666666666668,0.1731424473723695,0.6258573361524926,0.3576361871901937,32.121832638709485,0.4224745887227877,0.6514508030327776,24.02982049851242,18.05096457653163,6.647455621317457,3.289651897105,0.4351801505027237,73.61835901167206,Drowsy
1894,63.13333333333333,0.245386876622639,0.363091583600906,0.2766037070585859,26.69788734206264,0.1735865549994535,0.1627165434577057,7.729192291456483,3.956361377838845,6.620401086490123,-0.507846020222499,0.1719525531939633,48.182526047479456,Slightly Drowsy
1669,55.63333333333333,0.2588049606042079,0.3188325230818681,0.2703471444824859,20.988579596068444,0.2420090354308652,0.2416765041670991,13.675664060986891,2.9812744780990155,11.355018003648455,7.014225269552108,0.1449870572963582,39.958531717523016,Slightly Drowsy
2757,91.9,0.1826388849212701,0.7273415123612151,0.5258252423674928,31.786976266855657,0.5514696329168012,0.700847324012041,20.133695977611367,12.482976070108707,14.517805073226944,6.226905973897747,0.4225774676241339,80.98019361951485,Drowsy
2001,66.7,0.2228473511010218,0.3536605374167029,0.3261507415635427,22.240280099759996,0.2751271154904904,0.1763154351465998,9.3506264313747,4.165291001237864,7.39549532114019,3.923163836640475,0.1325761596890216,35.17276907831261,Slightly Drowsy
476,15.866666666666667,0.2931667991944276,0.2649903226037874,0.1924751050885818,15.500532414360697,0.0883172822086273,0.1161521701553852,4.578612401627916,3.265394138651781,-3.1680923999000026,-0.513890250243563,0.0461566474502777,20.290627273854767,Alert
518,17.266666666666666,0.307558186914274,0.2356152118258641,0.1749522259653737,14.170928914919148,0.0,0.0866329533425152,5.275273229349924,-0.6178939217256616,5.133086427572363,1.0479210241534695,0.0320020001978136,8.245170092351296,Alert
3469,115.63333333333334,0.1163319070206653,0.3763967085019209,1.1886977260361868,8.107753583249607,0.2135075076195069,1.7325271407228788,51.01151273678097,43.8374003607263,21.208699319543825,15.187094339647162,0.8676328572472561,100.0,Sleep
405,13.5,0.2715811824374384,0.2533525655566871,0.153652102415296,14.249717386023033,0.0692297831907193,0.1099342081489196,2.845474720881956,0.7625862990798173,-1.4927174949276416,2.299344037757494,0.0459315387706061,16.950293430649864,Alert
385,12.833333333333334,0.2856649277757562,0.2981965748835063,0.2360645352163156,15.049264020893164,0.0610632602236419,0.080171121616487,4.663143141871667,-1.9272036428147803,4.0667188071310445,-1.2217152796101316,0.0500896651276603,5.511702512921593,Alert
3240,108.0,0.1723723740405898,0.3998580880384987,0.4331980507355286,34.60431258987752,0.7855373077208471,0.4611573700925201,23.90225391542577,18.265235158057365,10.930911851683932,10.872630452152215,0.5019473866488742,67.91552147978058,Drowsy
2153,71.76666666666667,0.2586922143109784,0.3924423770312325,0.293545006305464,18.19922287858655,0.1403389004711467,0.2093725595444621,7.519528052090479,1.0929050715647255,3.035460222448388,6.792263383339703,0.172801778032785,31.04871462396095,Slightly Drowsy
1634,54.46666666666667,0.2639053845417749,0.3782085031571205,0.2400325238815337,17.61450084991062,0.1850014810006974,0.1518365219931521,5.57194405507544,3.2848445947673035,4.462483161685734,0.5853209143622582,0.1970615716010617,49.26976119023961,Slightly Drowsy
3835,127.83333333333331,0.1295603706812318,0.3300408755100462,0.98315518145187,17.429845700042602,0.1819995303647837,2.2913906397089856,46.53165878941964,44.238705872708096,6.064775364920251,13.090098249289516,0.9094449394815414,100.0,Sleep
689,22.966666666666665,0.3494133313446941,0.259569725325309,0.1474275686765535,14.07449041280356,0.0243938217266155,0.1096748782040741,6.0155850951750764,0.1629727561645229,-4.197684777673894,-4.305827031515031,0.0393842699517317,8.914961495571054,Alert
3254,108.46666666666668,0.2008811904402302,0.5847494336257248,0.4809669306292193,27.191471303276067,0.5357996386094416,0.6001604488321362,31.57626296370805,30.229694653370625,4.065213118386504,8.167005951957838,0.3563004156943172,76.00628481998163,Drowsy
2875,95.83333333333331,0.1936897509340389,0.3530020476792685,0.4983051211986694,24.80571385545562,0.5676670013215231,0.5184960912567282,19.912538068373998,15.771036422540286,9.29362306083014,7.836590641762367,0.5223255341744657,85.90733421177077,Drowsy
1241,41.36666666666667,0.3126642149421672,0.2660201326654894,0.1346016159252668,10.738627751039726,0.1013966713950033,0.0705223426042856,6.984752749983596,7.843510981818261,-6.132991428603224,-2.6361840715910114,0.052196250397495,13.317113413454612,Alert
63,2.1,0.2446494854373704,0.2971281096429771,0.1433361657332416,15.78249607543097,0.0403869840736746,0.072503583849008,4.070167743510916,3.7773999205087287,1.332789934458119,-0.7219323316381598,0.0631865960672849,7.965897243794973,Alert
853,28.433333333333334,0.3052521150937516,0.2915863615986025,0.1557195994561536,11.435691512563482,0.0,0.104436093699534,1.106083624606074,1.0005737213923562,0.4714373511076035,-0.0044762329483621,0.01865132134079,6.516225826997362,Alert
3683,122.76666666666668,0.2446494854373704,0.3835335398196235,1.0967835943306552,1.0,0.0054368311105852,2.2827265535878194,32.261062152734176,29.16200624309449,11.01259403384934,8.311215058336627,0.8655079479319443,100.0,Sleep
3659,121.96666666666668,0.0840602692947295,0.3369479986400363,0.748735412817237,6.284338800387724,0.0,1.991747795730722,37.88368908046155,34.2645845243789,4.120935210869343,15.95301351416459,0.8912847427056156,100.0,Sleep
1263,42.1,0.3391046904033891,0.3490383670566417,0.2214730002271629,10.63913498792362,0.0841850924220281,0.0667367524838142,2.0521240043499835,0.5443323437280572,-1.385926793913852,1.4121338997108608,0.0591850675289807,11.536513936599556,Alert
224,7.466666666666667,0.3021060002722312,0.3038718222999417,0.2246173846600778,12.549866896574892,0.059576180021415,0.0899937022060586,3.517195989752223,3.180005677298186,0.2278658037482622,1.4853648367194447,0.0496449790536131,7.216311778278618,Alert
2194,73.13333333333334,0.246316749209156,0.4274463753059541,0.2699929348301235,19.92056736512053,0.0591424549401083,0.2605416574240918,12.714750016858623,8.991598510935109,7.18403988002343,5.404220129823438,0.1734107908496414,41.55750944493165,Slightly Drowsy
374,12.466666666666669,0.3421547797146199,0.2778076147935468,0.1872937037553868,13.264393735908856,0.1042633354331192,0.0759929484441167,4.570782719374143,2.57960523033712,3.438090432426195,-1.5547429696918131,0.0711757836899378,5.749672557210359,Alert
1825,60.833333333333336,0.2153940904020849,0.272444569706384,0.3053429097632687,23.707251061288144,0.2109386124697208,0.1648034638110745,12.1542213274571,9.603403721037434,6.721211568241904,3.2132612876186357,0.1329071583492091,37.62699200653404,Slightly Drowsy
3387,112.9,0.2065202014426736,0.5120983538445919,0.4270414262675816,30.361289023743705,0.740796861994889,0.4106368909400771,17.18142972103002,10.779649126030549,11.59723187433354,6.671199654582732,0.4486874040170746,74.55664390826,Drowsy
3848,128.26666666666668,0.1584024448107557,0.3702892150986727,0.7071597631717971,6.155410267391782,0.2111681445085308,2.37003843242498,29.36498093091153,23.52501540711895,1.789044045463216,17.483565899753014,0.8872616048215206,98.41505639977336,Sleep
3739,124.63333333333334,0.1470134867006011,0.3369015765627929,0.9973873212759904,5.400267532091824,0.1476620803795281,2.2038303913223727,34.284458166850186,31.14826678435332,7.541276750848182,12.179437306065047,0.9187956822362712,100.0,Sleep
3594,119.8,0.1410402586387495,0.4258839212606451,0.9530712755492748,6.05499750746567,0.0,1.5701955708232518,30.96791923300296,26.012882280538545,13.23837390301306,10.348305826784465,0.9250051211006582,100.0,Sleep
2872,95.73333333333332,0.2122886653596076,0.6173053306045978,0.3567120048396578,25.602195805886915,0.6551495036446865,0.4683094253629509,26.89433557048837,19.410818693069164,18.54887311819764,-1.569939326164473,0.4161126176469866,77.57187736589532,Drowsy
10,0.3333333333333333,0.3141353216656213,0.2304620240282355,0.1673806403170392,13.143213708683076,0.0179089092311352,0.0767742857666798,6.418882328527679,3.010127142036346,5.65855770363159,0.3491556256636779,0.0451510078144552,11.343966676099726,Alert
2498,83.26666666666667,0.1778456610873843,0.5115495895348591,0.4054279463942834,28.39582701378074,0.5120704300715462,0.6632133692456975,13.852833350200376,13.606659524141786,-0.3878956148660748,2.5708647211537707,0.5095917632410923,69.05466484058678,Drowsy
1945,64.83333333333333,0.253761991323055,0.3853756436041164,0.2958359242777347,26.84509113560775,0.1584959966102902,0.2292907047971293,14.196844858547328,10.770957745982606,8.861303881905828,-2.6484272095792445,0.1560290208693942,34.669144542916925,Slightly Drowsy
1839,61.3,0.24878120976428,0.4188318774308371,0.3385012153076578,21.161576900903068,0.2639362175393713,0.2145556544860021,8.614355484767799,7.026029985834701,4.817019770628104,1.2799779628879058,0.1677560242667566,37.25026127177475,Slightly Drowsy
709,23.633333333333333,0.3185540846905602,0.3194725809489076,0.1834191200438331,12.01635067529132,0.0129966151808545,0.0709959621666831,4.97817352922376,2.1846585860272008,3.580759606428786,-2.680977282732873,0.0336034744422248,12.43067090798534,Alert
256,8.533333333333333,0.2755938416633387,0.2771790087746134,0.1550083182899772,16.288475688900405,0.0280183890161786,0.077664681684095,5.272023474979426,0.4111053964889914,5.216554055559994,-0.6424855322358234,0.076651140869584,15.495373307384162,Alert
2931,97.7,0.2221307422725206,0.606131805960032,0.4408958803231529,31.743590049951223,0.5860720001475,0.4313807584261174,15.228904224123022,6.0120764649284695,6.595929089756259,12.339699343593118,0.4100070938157369,77.42557206471493,Drowsy
1618,53.93333333333333,0.2564404095931042,0.3013091001450788,0.2129663934179261,19.939576163578028,0.2316569225933562,0.1708820053010274,13.864897285492155,5.757775262052682,12.509189654998274,-1.6135597120113392,0.14979864016358,51.15841056326521,Slightly Drowsy
390,13.0,0.3290992657713185,0.3532619276273481,0.1346434974131035,16.898452608251304,0.0889240624406028,0.0644181452124659,2.883277578082597,2.5080898864650774,-1.3728997480128458,0.3713771608374778,0.070182620268091,14.758575633818865,Alert
1582,52.73333333333333,0.2726032938453223,0.3795642478560437,0.2538158791628405,21.258312922828814,0.1432125872444221,0.2014836936774582,6.115776046375153,4.446197411970579,-0.1119762928697563,4.19779781945693,0.2051492219303854,39.33752484846888,Slightly Drowsy
2957,98.56666666666666,0.2084075410565002,0.2684901806002818,0.5134414716363151,31.605183828824053,0.5065224603209912,0.3525793272267308,23.47486725933575,19.212370128172036,11.959964824818991,6.238066069756624,0.4530689807042684,81.8799992002019,Drowsy
925,30.83333333333333,0.2580801983280728,0.297538150325807,0.2255800905327193,14.29165437792376,0.0087557578682294,0.0697374550727143,7.097087787716536,6.424782669138983,2.729887622581676,1.2800532367686586,0.0471282516706875,10.142261499861338,Alert
3714,123.8,0.1340850260014268,0.4881226944970991,0.9267479163854548,9.255574640787962,0.1759433403456609,2.134555348548413,29.325812819978093,14.703986622635767,18.45413287444193,17.41381792732947,0.8211944598411396,100.0,Sleep
3159,105.3,0.2036012269423307,0.4519392874458834,0.5539427781287276,25.956797017504435,0.6925107939275831,0.8639113997281345,19.67303386392859,13.633319730928111,12.05430939922778,7.473585446976322,0.5821617088445982,74.10125819083386,Drowsy
2509,83.63333333333334,0.204208117334058,0.3594366708377455,0.3962817709482542,29.680009924164725,0.68672660300879,0.4949506883687882,22.54597445750366,17.795965600680333,0.3940453319476589,13.83724325341504,0.5179619212563185,79.93745251811787,Drowsy
2037,67.9,0.2408998250855772,0.4143409015034445,0.2621966685750694,14.595535050584624,0.3023340621878553,0.2293958777015333,12.47777696675981,10.042890112775767,-2.975134586981576,6.781139314618036,0.149068956595552,37.83285081874432,Slightly Drowsy
3967,132.23333333333332,0.137142229936206,0.2673837814503993,0.837097950246577,9.991992646636744,0.1636352390133989,1.5989416594103247,40.477924988919575,31.3680560553442,9.965489379022324,23.562607923444656,0.7707178389459977,100.0,Sleep
1225,40.833333333333336,0.3265164038676301,0.326113928665609,0.1972097088983014,14.14438536666807,0.0755895002679558,0.0890499291220536,7.84888997694448,3.884002772899535,-6.071794832948833,-3.1069122673265306,0.0600965829896647,6.236687814927843,Alert
3007,100.23333333333332,0.2024186651764779,0.5806895757296301,0.4400397584458306,26.246420074740676,0.7020874219394956,0.5409267909452861,15.314759957776724,11.92394291040838,3.401865478386852,8.988257300534006,0.6501856739438181,70.3967433814991,Drowsy
2550,85.0,0.1857323901047484,0.6160570457026548,0.4523382707745835,21.516236295530582,0.2937646299904374,0.5797897175460474,19.3467809687561,13.852631005611482,12.586372776378717,4.897526764544263,0.4493230040746505,73.07410855324831,Drowsy
1947,64.9,0.2545484253587543,0.3076571020770831,0.3310793223625221,20.440131410345067,0.2813937335847121,0.2045965090548592,12.721886593396414,12.717546913431704,-0.1655163540860966,0.2881029962238752,0.1437721763598276,41.26114786554307,Slightly Drowsy
740,24.666666666666668,0.3270302920646016,0.2704447638192095,0.1975506399686339,14.702980044775687,0.1233024496142405,0.0493944172814042,3.428921953999348,1.6939100256315065,-2.725507534536573,1.2082149108780882,0.191037117183726,12.617188948032824,Alert
41,1.3666666666666667,0.3296016362234827,0.2788556838167068,0.1179767369988037,13.77719990121803,0.0,0.0933934509766007,4.18479983074218,2.9164956152421206,4.120935210869343,-1.027733834673387,0.0188157295622209,11.236555797349403,Alert
869,28.966666666666665,0.3043114999313981,0.2081279707970439,0.190822672639915,14.180720867812171,0.0722330411030051,0.0754694505523432,6.769832234900804,0.9239307529982104,6.0254190329450985,-2.9447081230215555,0.0546790095672847,9.19692359277314,Alert
2780,92.66666666666669,0.2602677293397015,0.5177409015996062,0.4816368468165364,25.534752160082665,0.3962458096004991,0.5934235939200532,23.58422023496458,18.14094141718596,-4.313324858394942,14.440114862960476,0.4691175063435981,75.77910072916022,Drowsy
540,18.0,0.3300818640759293,0.2461654338254069,0.1561180758683809,14.257293476308092,0.0,0.1134688377124597,5.7602824475152135,3.104366840943893,3.681103791146617,-3.161207881618338,0.0648913032071051,20.725517616796036,Alert
2746,91.53333333333332,0.1957370952295586,0.4174545452781089,0.5247550371316053,30.722073504201447,0.5806483479934715,0.2843226004886002,20.515891586329808,17.8105287144197,8.55277777914602,5.526017259782638,0.4927964694994999,80.48441377016198,Drowsy
3353,111.76666666666668,0.1896685988397608,0.4664406754943693,0.3922213297698605,34.50207898390713,0.5678099045845953,0.7472393462628082,18.84112920264114,17.984647884876185,2.968741305604233,4.767301663208922,0.5117118742930771,68.04347595944849,Drowsy
2724,90.8,0.1668930461513088,0.7845298965121208,0.3879702046890131,34.43482534055355,0.54169784563206,0.468133326279987,25.264628410418396,19.32557002690705,16.17475266973821,1.7891807970209506,0.4891112194500907,77.57592481994212,Drowsy
1372,45.73333333333333,0.3182636215537245,0.2812530910012544,0.1841444266910272,7.961591844803676,0.050586236394805,0.0354084885177624,6.004813201109567,3.8305451827274872,-1.6653754674108363,-4.314073450446701,0.0237159064522924,9.450068708633534,Alert
1146,38.2,0.3000846857593005,0.2807004831750564,0.2026093284490039,15.95915118556677,0.0676934503990479,0.1050431807393222,2.134575879565312,1.6925776334140763,-1.1001530057280997,-0.6937279758492212,0.0571674646394425,13.454481500747296,Alert
1032,34.4,0.3071132681729035,0.2631943200882434,0.1809042198394553,14.279954831553145,0.0317320342122594,0.0745369550696019,6.800220404887379,5.360711438086491,4.153514887953103,0.5040679598697541,0.0131748054552652,13.930897279975463,Alert
373,12.433333333333334,0.3171629838529465,0.2877545465768474,0.2170425574213438,11.420111894763911,0.0738196359055703,0.0682021048707421,3.4405183960290464,1.6695766108890704,0.2168368961528666,-3.000443722893872,0.0244232591435913,16.966950684238046,Alert
668,22.266666666666666,0.2765548846038375,0.2806316538363879,0.2163202365762659,12.50090001294699,0.0664781199624723,0.0970318209178639,2.460249973145717,-0.2742010982811886,-1.3539085930309938,-2.0358229809543182,0.0235566878662118,6.498444826572993,Alert
3020,100.66666666666669,0.1733540758431807,0.42543860161395,0.529244871764693,18.96738299171286,0.6239645282647412,0.5126440319202317,27.99483365444972,18.80061240831726,19.34859271200364,7.475268856538708,0.4837771603854038,76.11816201978348,Drowsy
358,11.933333333333334,0.3315620906016713,0.2387220807428584,0.1851676315923311,15.678827929322631,0.1111212543755133,0.0977500793482811,3.982731730130063,3.9021166357786954,0.1802579838454908,0.7766240108468992,0.0649900980141231,6.500116732701424,Alert
968,32.266666666666666,0.2902313549815832,0.2638862683570171,0.1791609175653905,14.684036452914263,0.0259797345834414,0.1013856741279036,2.8245838280844966,1.479486855025085,-2.3631672997965576,0.4525845344868727,0.0792710566708763,13.52888202028416,Alert
2832,94.4,0.1915650628189578,0.5667592021984271,0.4469123396809772,30.851944153194548,0.6189974726419865,0.5864902856399072,25.52383863150368,11.505720481149677,22.71410036885387,1.7760571866707568,0.4309903576229437,67.35071767334325,Drowsy
2784,92.8,0.1927564722613636,0.427685210986783,0.3655589507793731,27.73345711806098,0.8172566872642824,0.6257743317447857,27.87692453232249,23.052663835191776,14.783574630513067,5.209945549283131,0.4617582560381312,83.45308304733983,Drowsy
1354,45.13333333333333,0.3288348449364739,0.3009875274253762,0.2181509037456767,13.625084272072847,0.0053831998587917,0.1060225970435714,4.201283105513805,0.6755543699232041,-2.071014370031714,-3.592395510669103,0.0514256610632859,5.220260427051384,Alert
1036,34.53333333333333,0.3159836678408481,0.3097843937477368,0.2027191267132424,15.512832539397372,0.0387886914769127,0.0523869565977972,5.872353294505684,3.03017784266506,1.5755079397865053,-4.777062924955372,0.0233132362683467,9.042985263386289,Alert
3019,100.63333333333334,0.2203633846136438,0.5767466853335019,0.5527973731569352,27.32505637891265,0.5240020814434763,0.5567351297780782,15.175747991694417,11.28679458100629,7.5822935462972945,6.73946732103974,0.4201200039699183,76.57874401770206,Drowsy
471,15.7,0.3277473694845159,0.235424505799119,0.1675611929828441,11.512065100251906,0.0719873274516103,0.1160286019853297,5.704202404477711,-1.2539699570083285,-5.559055448692707,-0.2497737707001348,0.0403139559191551,11.957523363639377,Alert
3467,115.56666666666666,0.114606638719392,0.3507643175493727,1.000010665488221,5.670680956738506,0.0860982033825303,1.6984109448294495,36.50092674297006,29.906165878062737,6.405550861656948,19.922545362683675,0.8148308141952768,100.0,Sleep
1397,46.56666666666667,0.2994034672344228,0.2676970318134385,0.1569256416058014,11.664986244843211,0.0,0.0813895623244215,4.137321569543186,0.5782357335073665,2.898836217704015,-2.894792184117881,0.0291583288990424,18.794293166167968,Alert
1550,51.66666666666666,0.2624921328978855,0.3463196721732915,0.2868497619073998,21.014889720390965,0.1995150539381124,0.1820285860825676,7.072570319650645,3.6117074379616017,5.894926643074628,1.4921997794346995,0.1865580592357924,42.57117396524992,Slightly Drowsy
1257,41.9,0.3221002547731088,0.2523763691789831,0.193257267664926,14.425025547450524,0.0615072817470288,0.1135025987938045,5.061639868880782,1.905705125586022,2.2701810085602845,4.103018928171163,0.0661323413859009,16.399652527947033,Alert
2095,69.83333333333333,0.2254841651843654,0.4459992265164701,0.3361447867411334,21.425399333662245,0.1282165454860624,0.1829692050889856,9.877301837483436,5.965170357701001,5.534268526828259,5.59908082325279,0.1385394947696563,46.72349218663055,Slightly Drowsy
1556,51.86666666666667,0.2243011067609034,0.3427431384761704,0.2705586323937584,25.77597348278137,0.0272584851744185,0.1800396694228084,3.4910057089606856,0.837772448318737,2.8596179366866465,1.818747767287739,0.1831877626953084,36.45571531602348,Slightly Drowsy
3461,115.36666666666666,0.118677446738642,0.3539093858692346,0.8914350148070543,4.700323435417936,0.0,1.867243178663727,36.9672535929063,28.27961410256632,9.125594908168315,21.990106456863472,0.8306267708355708,100.0,Sleep
1251,41.7,0.3149269010866443,0.2780838761513325,0.1673704239596047,14.225103959667395,0.0485196762370706,0.0631790313920341,7.778061616541852,6.207220972369578,-4.4614627071293125,1.4366630863884924,0.0379760474536493,19.724814004099937,Alert
1700,56.66666666666666,0.2467550292008301,0.3208255935827063,0.2446961085542595,24.715178848489536,0.1133438653452319,0.1872352764120838,11.992005360010818,10.553699751948487,2.5891968199855717,5.071851134213937,0.1563581711709263,34.19205778310984,Slightly Drowsy
1253,41.766666666666666,0.316569707423895,0.2997193482787746,0.1751126341987129,12.4155283855555,0.0335135541980714,0.0691847329004555,4.662642713808272,0.408173602229857,0.5214705757345451,4.615376455470902,0.0251260016618963,10.235545928198956,Alert
3703,123.43333333333334,0.1193767993194532,0.401419879581773,0.7129322450463199,4.146216294058732,0.1979166356524926,1.8103250905451012,37.52281770266356,30.529232129304567,12.774421206500625,17.684512907662082,0.896807751473041,100.0,Sleep
3727,124.23333333333332,0.128013190207656,0.3593099496313768,0.9956301478327212,3.508559970012607,0.1420532443180686,1.3604775478053763,34.570173517431506,26.648835448845176,13.31856531410831,17.537168648887604,0.8972256201340282,100.0,Sleep
2934,97.8,0.2089383299692873,0.6081913663042433,0.505425754556664,24.70477460671629,0.4154701530479938,0.4515246895041405,26.373075117994688,21.95487336061235,14.004358928024873,4.171397597198661,0.5892850818440545,70.17324058015853,Drowsy
80,2.6666666666666665,0.3702551134691587,0.3507643175493727,0.1560510826638463,10.551701929963684,0.0207627984023232,0.079337460542524,6.684678972908241,6.486394658794469,-1.5528338971085145,0.447575903277797,0.0396715420785449,16.455921307892506,Alert
1173,39.1,0.2867337729244843,0.2530150345513445,0.1695460142591406,16.485006970922118,0.0483092800626082,0.076277035620687,2.9173841818261863,-1.1216585619065684,2.356447769488729,-1.3039043080467714,0.0379994428211732,17.409765868909385,Alert
815,27.166666666666668,0.3129439852019193,0.316777100166524,0.2877752059173907,13.10646237957325,0.088120379928562,0.0740024505100677,3.2199450252254374,3.15103912460706,-0.4186261287837106,0.5135665146494457,0.0354305491238091,14.66800491382948,Alert
1853,61.766666666666666,0.281652380874681,0.3642398816956547,0.2673974556160334,22.23162591152786,0.1924183462395894,0.1337213417704509,13.395395711436532,12.433681308247756,4.983140069524762,0.0922520373723645,0.0972990671920636,26.06874376664415,Slightly Drowsy
2221,74.03333333333333,0.2707535908146052,0.3854370359903603,0.3053002790424722,24.296421597290266,0.000253600702326,0.2004079072802846,6.4755540858939495,0.7123944759049818,6.036557902686162,-2.232770368299242,0.172782458585972,43.0968391430027,Slightly Drowsy
2720,90.66666666666669,0.1882194198985336,0.4996967035365423,0.4307664295363264,28.6333412222586,0.611929933436263,0.6307255427935369,33.049940289246614,29.27758491468261,10.740975586000436,10.943172215918858,0.3288710276625207,72.80491602762919,Drowsy
3517,117.23333333333332,0.1284102558412888,0.3289013622641448,0.9842129792508436,2.8316088992469264,0.2352828363205045,1.4651921396788534,40.721984709558,30.999994590906898,16.250348347153114,20.81361459827189,0.715506931351734,100.0,Sleep
2106,70.2,0.22674365994678,0.3822605439457031,0.3064472396237088,24.33637633177946,0.1782928667819192,0.2101813720414779,13.081916985321536,4.7241841981975,10.69920671174292,5.860512896644829,0.223318273161627,45.817650199031576,Slightly Drowsy
134,4.466666666666667,0.2987369886447675,0.2596816792568347,0.1976573521326182,18.174761260878515,0.0657868611929192,0.0560823387592963,4.90470761166923,3.111506670550352,3.5898944599369536,-1.2195658086387644,0.0373196566665416,11.901612499763274,Alert
1141,38.03333333333333,0.2985223931487465,0.2546413705838013,0.1702895173787643,13.333631739298133,0.0239682537972615,0.0648367236100014,1.640900313664776,1.428039140201546,0.5030746045786838,-0.6325930727296892,0.063173340466826,13.941915884100592,Alert
934,31.133333333333333,0.3160897680301799,0.3067283852401649,0.1920221176107484,12.933500909284907,0.0450112736705405,0.0770355422231375,3.531316690163792,3.2631533579355043,-1.101067844164925,-0.7808183728432666,0.0793751461886791,16.133932506628142,Alert
929,30.966666666666665,0.3202505287935142,0.2558956948294168,0.1706708560054178,15.006290524338304,0.0767775348616987,0.0777574711277731,4.398147936204151,-2.7833508368070072,-2.895136741728539,1.792999340400332,0.0,15.438847766846267,Alert
824,27.466666666666665,0.3116208256693404,0.2189413488987881,0.1592917130028838,13.541149194958836,0.0454019627403263,0.0503553715264538,4.889346292839858,4.8791639576186885,-0.3063091766743168,0.0751061533211258,0.0480128327667967,8.667479846954368,Alert
1532,51.06666666666667,0.2699660913715677,0.2848805509155241,0.2842874585912966,23.16550745307164,0.2261250412690444,0.18867683705607,11.009581297292726,7.949240163479907,5.883868279140648,4.837412039379962,0.2493376535753705,42.20813948469601,Slightly Drowsy
1215,40.5,0.3389238184031955,0.2753265992591629,0.1643413330357231,12.132243115832336,0.0,0.0998370740101571,4.376790309354743,1.5632224051750638,-3.7390208808626215,-1.6529827514204694,0.0226605308713489,11.470267938361753,Alert
505,16.833333333333332,0.3108689755627538,0.2215090579627077,0.2410762060554537,15.17244519537117,0.0303217238052206,0.1065611377797393,1.3393371287817009,-0.4319112919000023,1.2198661026680222,-0.3452582685816693,0.052773542797606,11.100843627353084,Alert
3977,132.56666666666666,0.1335052367937192,0.3882488921206944,0.988977761599838,7.5826439082597155,0.1433846972530664,1.991638179777156,23.760878802830444,18.30675254300294,7.263344957451335,13.292328345369702,0.7695896687986978,100.0,Sleep
2396,79.86666666666666,0.2371631147625311,0.3517973338455594,0.2812653606471566,22.68376138865609,0.1947455621754409,0.2291836168393781,8.997171667765302,7.326854395528298,4.805303870486455,2.043369129221207,0.1379023229354231,41.14756400442944,Slightly Drowsy
1997,66.56666666666666,0.2624984092820471,0.2972400942542084,0.2424153767488389,18.327748308474924,0.1859820026695563,0.1859018918584857,8.915431783161138,6.99571236592111,0.378975360894227,5.5137383007659455,0.2133611027490532,39.42651438374698,Slightly Drowsy
2435,81.16666666666667,0.2011408196395758,0.5251829595245769,0.4619352294716092,33.65399338208372,0.6789940766444713,0.4318139322531144,29.569458322062133,22.9270090845347,17.146860236488216,7.395289306590535,0.4755912972658443,79.77341379273932,Drowsy
3073,102.43333333333334,0.17394793197599,0.4533254606655554,0.5038115656113153,33.12085145050602,0.5024767284558507,0.3631688688860854,11.192089825241988,10.21616769435972,3.5941265688438198,2.824012482999504,0.4585801263245196,88.29927279327218,Drowsy
1959,65.3,0.2600956272183014,0.3262060817823844,0.2868081129845415,20.20317879369873,0.1175347778039947,0.1864502795291436,12.269258966409655,9.443929377722334,4.175256771327044,6.626774810336058,0.210631221579211,44.80311542816357,Slightly Drowsy
1385,46.16666666666666,0.3277032084134126,0.2772986903360206,0.1962859116107466,13.93149427283374,0.0363992083750617,0.0785012485655255,2.3012743029217626,2.0721222369829624,-0.9149438995449912,-0.4062640926468562,0.0319281332602617,14.96802182015134,Alert
895,29.83333333333333,0.3741380363051639,0.3169117219970562,0.2107432233684518,16.921450910683454,0.010047165226638,0.0555527077002552,4.220710081661873,-0.7671757288351415,4.003518400013514,-1.094383577764982,0.0149728763552142,9.190480709333343,Alert
829,27.633333333333333,0.3583095095646905,0.2947187847066425,0.2354432731231665,15.350044504307853,0.0924866979035464,0.0735297010643108,4.6924747813603895,2.035718029709973,2.7328332115184257,3.2259563411861087,0.054584738986215,11.273849952110355,Alert
3916,130.53333333333333,0.135060474987217,0.2361006448623689,1.0990508516692945,3.326191473583376,0.1490623733109763,1.6454797548146265,35.38079264297844,25.83571925510731,14.328562858783648,19.468137687477984,0.8525056890408856,100.0,Sleep
2524,84.13333333333334,0.1979255939230687,0.4054494853595489,0.490025868639058,25.06205746637048,0.5463915259552314,0.5944372964417798,30.061783399054494,27.712787945176963,2.093379732722541,11.459928740264896,0.5008106279321778,72.00572433979775,Drowsy
1684,56.13333333333333,0.2475896325124161,0.352138664155444,0.3174725726769067,23.622057283406217,0.2058151570428346,0.1985639480959957,9.871292641188226,8.20844678364301,2.1266052457622022,5.053847043270526,0.1369656575264853,37.75173845570816,Slightly Drowsy
3576,119.2,0.1071343280928582,0.3596125732653977,0.8400255146056664,3.382134499705225,0.2190389964252524,1.9193984668068147,42.23100200920998,35.230494783762026,12.051899937535362,19.92539775986541,0.8561713405052157,100.0,Sleep
3794,126.46666666666668,0.1317094739997004,0.3036894150013108,0.9144389014551864,3.8098400232626735,0.0766176613484699,1.798653847696487,41.45405960021886,26.323429052295936,24.26686383473877,20.895823982161783,0.191037117183726,100.0,Sleep
3570,119.0,0.116006732180358,0.333613858414729,1.2155337889986848,8.465159457391358,0.1595370654205521,1.3411366473100577,47.75091661644316,43.09374596823058,12.625749132948924,16.237904882341116,0.9229547015289166,98.67735622058328,Sleep
653,21.766666666666666,0.3157895071992779,0.3011276008636259,0.2212383380272966,14.899202119215802,0.0974831071496702,0.0607042052474062,2.458701757445274,0.9634237279649236,-2.1729076026230003,0.6288891817497051,0.0328208322964117,14.572964390621298,Alert
173,5.766666666666667,0.3090903527368357,0.276163656862596,0.1773491112238399,13.07497242529468,0.0396481574933159,0.1119729434100943,3.7821151795794727,3.402298619853097,-0.8864409540874811,1.3939088090214713,0.0333236102048798,16.524059976798966,Alert
3198,106.6,0.165352606040624,0.4938352254140943,0.4341054384049401,34.5450370230802,0.4802431133992048,0.3198265507209837,14.327292535794957,12.98015246501587,6.03284069567326,-0.6259285357106155,0.5078091764494113,64.78540206444576,Drowsy
39,1.3,0.3494824296015956,0.2823631468493538,0.2418224377464596,18.38835210610801,0.040041434060837,0.0994314190190871,5.799967924421404,3.613439873962869,4.105894672597046,3.289651897105,0.0537210291999687,15.99820852422833,Alert
3838,127.93333333333334,0.1278839354194953,0.4299930762667951,0.8568978076590975,4.791533816641397,0.216396666544134,1.1105441756823955,41.184119380723246,35.090637334503995,17.6713165984765,12.349227923250393,0.8519346596845156,100.0,Sleep
714,23.8,0.3101179112995955,0.3357537433609583,0.2239563151044414,11.77114127536374,0.0527881707771712,0.0669868675732761,6.153554532470008,1.1833810920284713,6.007282402934392,-0.6151428342315984,0.0472045207415485,14.203493919059472,Alert
91,3.033333333333333,0.3252095701986888,0.2085392796051498,0.172584678524382,12.295039380005504,0.0099351996042033,0.0743779941422809,6.868474611047657,6.494216317123806,1.922528583801029,-1.1423579795655936,0.0514516556271231,17.452379770763862,Alert
3961,132.03333333333333,0.1093240343362329,0.274224140785677,0.9070194660806314,6.636283123943434,0.0597709054743716,1.984203339035327,40.621656532017695,30.2778718314488,18.55176181728299,19.72819277679475,0.9574861314367404,100.0,Sleep
1206,40.2,0.2446494854373704,0.3449291500562371,0.2877752059173907,15.198776407353256,0.0715861909738028,0.0922525275467422,2.061864142239974,1.7927825403128366,-0.9622391144365386,0.3336321190365549,0.0631360789782694,16.777019144929678,Alert
2924,97.46666666666668,0.1891791009708916,0.3419671213047628,0.5329458957334733,23.594909154862854,0.5015490333425507,0.5349157558433426,25.060016261629787,17.744942159481596,15.77175197523411,8.023296231693108,0.4310852136818469,81.6609408473384,Drowsy
3302,110.06666666666666,0.20607439496755,0.6623707890358543,0.4439443764617021,21.49354564321595,0.402030060606394,0.5688281388659945,31.227914974370695,22.97627197338028,20.89445154904769,3.270396660389057,0.4497842066899023,69.49981278895953,Drowsy
3457,115.23333333333332,0.1327314433349613,0.4309308369102537,1.0780494510598069,6.47496798360433,0.1844202413284478,1.9091534205459164,36.0896484123603,27.95482585688695,20.304081018325157,10.427594537581186,0.6861483625356923,98.83381130189976,Sleep
3142,104.73333333333332,0.2113309680334557,0.6178130449354458,0.5045139198118238,24.87884643719503,0.5341563408979534,0.5610364631359772,28.347477151234006,27.719442317097283,3.057449208506005,5.085664440980802,0.4145948225641789,71.8507833239866,Drowsy
1828,60.93333333333333,0.2867687379905665,0.2728152746471381,0.2877752059173907,15.316460314810843,0.1367734894641226,0.2624409172179184,10.217543078145203,9.909774890665965,1.8151183380512723,1.7029073929457796,0.1840248844334177,43.23599874727626,Slightly Drowsy
1156,38.53333333333333,0.3434727208009889,0.258244208419026,0.1400034883814701,22.21029550321971,0.0813321694835485,0.0746599247646593,4.534055369892404,4.172578188827099,-0.3733698891432663,1.7343137782003726,0.0431878639555244,12.007663326795466,Alert
1325,44.16666666666666,0.2912854171190315,0.271342717549788,0.1583220965579556,15.10204949726429,0.0240747026444888,0.0417671557816191,4.339048325754812,1.4485936639775263,-4.069635156859617,0.4086397679766395,0.0162573933543335,9.631812338049432,Alert
217,7.233333333333333,0.3110057838552729,0.2335883309871286,0.1675960451663017,14.650701266457215,0.0114496429515755,0.0608569817020991,2.863943613416553,2.859469703874713,-0.1459570547113534,0.065593990823173,0.0248300933059986,10.542540430717846,Alert
511,17.033333333333335,0.3364882867397284,0.3418279130114672,0.2111581820762645,14.232895844249356,0.0295604331921709,0.028929008078882,2.014810271033763,1.5790376938178687,-0.9780374874505476,0.7807323887907514,0.0369218954605062,10.51281575737918,Alert
1681,56.03333333333333,0.2557255644616377,0.4502224485993562,0.2760621874329301,26.70052829307646,0.2699291265454288,0.2294177314481663,8.169392269022959,-0.04021963911637,7.716758246190843,2.6812300527271167,0.1622429402226043,31.176236918550607,Slightly Drowsy
500,16.666666666666668,0.3103885780255727,0.265614127222389,0.2106486895221911,13.053100408492266,0.1333064128843919,0.0886172483803007,1.806004335905239,-1.189206649989329,-0.3856388797558705,-1.3033502443128313,0.0,17.37392510736359,Alert
3602,120.06666666666666,0.1239653148822394,0.4788586371335072,1.1455169450158706,6.336142877954521,0.1004515403030993,0.5931849800166682,22.11679254149592,20.68160118614204,1.03395069044673,7.768837150478998,1.0,100.0,Sleep
1857,61.9,0.2603976586353589,0.3901598036529342,0.2204530926487257,21.998567849356053,0.1179150535286086,0.2160586387033811,10.25367405456981,8.676769694241083,-0.6886921881057528,5.42007401799087,0.2735529176611297,46.72983832072517,Slightly Drowsy
1389,46.3,0.3449681642520775,0.2481430452820231,0.1743005572950876,14.08688619572962,0.0541653355208536,0.0983265790687714,9.67555812404576,3.0217119056885213,-8.808602831334346,3.289651897105,0.0,11.734602065583683,Alert
1520,50.66666666666666,0.2674270735146203,0.3064490218734256,0.2743085723021941,23.05338931824844,0.1363094795565636,0.1648338720362581,10.760421840515855,6.527343893480291,7.206558867614768,4.609335002980274,0.1455434908325463,43.66400512961777,Slightly Drowsy
2387,79.56666666666666,0.2651661485254993,0.3495023216094785,0.1967425135293358,23.9348419271755,0.1293970352682274,0.1855361047329392,16.73637929962815,12.435959212387743,11.09124689648436,1.5612664122679716,0.2031114652252736,37.83724605079904,Slightly Drowsy
3670,122.33333333333331,0.1430910280104119,0.3433548420620643,0.8050079325664936,5.3767145498285,0.2281615468514251,2.020385504878754,43.65597278097358,30.56646205149571,23.28174231602,20.724281214025787,0.9130785788914212,100.0,Sleep
3237,107.9,0.2024275408437246,0.3358849054339594,0.3901865333031318,31.05753702468314,0.4598791147522704,0.4197540289177988,26.98171166001992,23.308042664772977,13.094104324418216,3.6458665887316366,0.4496952691102469,67.74612659492276,Drowsy
2077,69.23333333333333,0.2637901365665812,0.4418090650528549,0.3864527460703134,19.411298330359944,0.0543299558545544,0.2223678573631336,16.1721995783809,12.636696573631212,7.254759868162914,7.0158675988257775,0.1709805331759152,37.66475258321513,Slightly Drowsy
1541,51.36666666666667,0.2461579063874064,0.3525689808284272,0.2487409573679498,22.501245791221457,0.2860475926558664,0.2125715726191483,4.379974705997527,3.1109214538500503,2.6226163802651663,1.6211814997459255,0.182117578729392,48.15855961509571,Slightly Drowsy
1218,40.6,0.3619421022724952,0.3124675936131155,0.1610866442762046,14.931985396323014,0.0567072533379695,0.20907870799801132,1.293848528586046,-0.5471061734366298,1.080049395714676,-0.4563026985764686,0.045648995281112,8.421039824864394,Alert
2682,89.4,0.1900501397619206,0.4782503624336022,0.3298461087580702,26.06764899887936,0.3417053283473781,0.7567069687386115,26.4378187175265,13.72440921566645,16.653885131879306,15.272424831567962,0.4551340985969592,74.34453280690053,Drowsy
3842,128.06666666666666,0.1166349762295886,0.3818038251018345,1.052044924180937,5.850173336471478,0.2407540220638327,1.89124755177108,38.684465277903165,36.57574885648825,8.954227009726011,8.861391994640984,0.8227973046245144,99.72570056545314,Sleep
2994,99.8,0.1673698209617549,0.5371053284661962,0.4910953247493069,31.019216224646,0.4137414236887317,0.3875366929880089,23.21803199410612,16.438380130492177,13.098663942853545,9.863147128425284,0.5500488435530502,74.12670811329475,Drowsy
1417,47.23333333333333,0.2515615542779197,0.373546067135372,0.2843041374489181,19.869928680507524,0.1962700187828265,0.2109437829304671,7.63873395976939,7.386921918432458,-1.911088431013268,-0.3624666715210232,0.2233136573566556,39.23510239156289,Slightly Drowsy
2218,73.93333333333334,0.2724961261339575,0.4023998766981425,0.287043819529234,22.1227044625489,0.2040774174079745,0.2271975949133898,7.00096017371814,3.998832787099541,5.703932487140147,0.6985226388260233,0.2334622068700893,44.009307151281305,Slightly Drowsy
3365,112.16666666666669,0.2190133731437906,0.4807719303964242,0.4795094031752371,33.28589965577854,0.5093042967822178,0.3670901265270776,22.886720474070614,15.984661083025754,11.13570244945263,12.01202377105123,0.4035187516834871,86.59706041721174,Drowsy
1677,55.9,0.2537420307444454,0.3330825271244511,0.2895918733496795,25.862694186556755,0.0,0.2196711955840276,7.984121229086204,5.389345328857424,5.841689071937556,0.7588264056244989,0.227850439532275,46.18259902611689,Slightly Drowsy
1198,39.93333333333333,0.27731642615876,0.259551981738277,0.2712206086247832,11.5799675885268,0.0959121116703901,0.0682809846257237,4.434162887454828,3.27261286199286,1.9630670717886525,2.257913470365895,0.0359949234637444,19.97197757527745,Alert
1543,51.43333333333333,0.2157251285174152,0.336657229480004,0.2654486188156051,19.304583124688865,0.172091840224704,0.2413024688144221,7.668317976952661,4.501164807441564,6.180563518042163,0.5858759009817494,0.1724200169443148,42.32483736741271,Slightly Drowsy
2961,98.7,0.2084759806835723,0.5960264216357689,0.2877752059173907,25.192931085808617,0.3738814523606591,0.462646458761665,22.16402186915567,21.649605984524555,2.794920437225832,3.837557280461972,0.3667699199469628,62.47316287742952,Drowsy
2540,84.66666666666667,0.2078938369788884,0.640623467527049,0.4979433093856524,30.92868548534327,0.5422280251648353,0.5093292984633788,25.79259227163133,19.44447571782697,14.928449938601643,8.019449019734365,0.5247176413939384,75.47610578081418,Drowsy
954,31.8,0.3353042904654646,0.2999251263144523,0.1821500566164073,13.394061354737222,0.0884884231432439,0.0602853393314505,3.029799793887632,0.0655485527733557,-3.024319520281284,0.1699459252716544,0.0182421397578148,8.519198838643053,Alert
3146,104.86666666666666,0.2008401561138054,0.475317822468303,0.3857260243151589,28.946033193268967,0.7028054187880767,0.5270875372990266,17.74429831797363,14.495681730858989,8.462975948370584,5.754421956390043,0.393311363662166,64.29738760263686,Drowsy
3081,102.7,0.1832121264936569,0.5990780841926205,0.4014254446754209,26.226998591371824,0.5526989485824219,0.714131244658128,23.57811224873446,21.285669539716157,5.362879452393345,8.607390628931572,0.5555918232347087,81.77043389433513,Drowsy
2636,87.86666666666666,0.2152392925016183,0.4430461287764025,0.4348671575064391,28.199434073826023,0.3322285855446581,0.4102907273605968,27.92441777227521,24.431422181833906,3.609238620984576,13.032732433006784,0.3458210427931668,79.25646338996695,Drowsy
751,25.03333333333333,0.3097664856195344,0.243036095078452,0.1235913476829364,11.436952285656416,0.0545976708703652,0.1085465730318953,4.895984741339449,4.8042228559697975,0.6872844949391381,-0.6463353314049693,0.045376247128243,9.846681357377092,Alert
2706,90.2,0.2047294919027158,0.6067495498713357,0.4649795025186634,25.48322884697849,0.6254570968129911,0.5520887162999079,23.68317387557572,15.762114105552232,14.142163747467468,10.604135433128,0.4550336544120554,87.79229384677262,Drowsy
235,7.833333333333333,0.3855198272757494,0.2410811540979043,0.2239253171625731,16.49214693366452,0.0612254561796054,0.1151724096839026,3.156063430047424,2.930263681517157,1.167477587003786,-0.1062413060350906,0.0644713776483725,15.694864232162503,Alert
733,24.433333333333334,0.3094077320772331,0.2628795338685524,0.1638606441353413,15.166111492100653,0.0531619120860111,0.0742368793897776,3.864185854932005,2.457532320778705,-2.974581123313897,0.2105572478193559,0.0430120498568926,5.752822105941773,Alert
3629,120.96666666666668,0.1175587376602915,0.2864975700632375,0.8932087274677649,4.202425561081134,0.1471081614635588,1.8006103520771144,31.2099397465186,26.908691438984626,10.817490736568208,11.53102589482386,0.809001640276512,100.0,Sleep
1157,38.56666666666667,0.3171604532942303,0.2293416533287918,0.2381428469817942,11.646165199330644,0.0,0.0757428023448726,1.441908986694923,-0.4036795337762666,-0.1551383716808131,1.3755276971235373,0.0599060580105844,14.67704015350506,Alert
3444,114.8,0.1292301175922628,0.3675470402019855,1.0532740090799004,8.432094451857775,0.2478898600817999,1.6663324237926338,46.16906385438069,31.98323861545976,24.419499372033144,22.634994041875025,0.7799275076245171,100.0,Sleep
2446,81.53333333333333,0.2018504591303587,0.4508640319247937,0.4193352843708675,17.429845700042602,0.6258495260237698,0.6168393370590788,17.40073476286237,14.357516328167698,4.420913721908741,8.780820977410025,0.4938897770440031,75.28645983637192,Drowsy
2983,99.43333333333334,0.2194988815826567,0.4171512682147623,0.3436406597563624,37.07816712578053,0.5869378016267605,0.6136669941161338,27.183355682767253,23.760111514226885,6.833111141212255,11.300465439050669,0.4871480913616172,66.76362360797488,Drowsy
1210,40.333333333333336,0.282443368691493,0.2854984527725341,0.1820604212895161,12.640224866216856,0.0830341067931083,0.0427427282709752,3.6422839027491776,0.6630693598554906,-1.454866634632845,-3.272603570198919,0.069894620145386,6.746393377116845,Alert
1066,35.53333333333333,0.2782166933091307,0.2929868808375377,0.157950746962282,11.88400423555578,0.1197641273786391,0.075724595038753,2.860731662332705,-0.5082545774387417,-1.077394884326624,-2.6009004578438275,0.0686776893639254,9.342429316943964,Alert
2157,71.9,0.2735088128991173,0.288762704532691,0.2993371292258985,19.86144976883803,0.2642000922954696,0.2063458980484911,11.35479447794314,8.416464394311543,4.2592955950217615,6.320829515960882,0.193896419107804,36.05381136596501,Slightly Drowsy
1063,35.43333333333333,0.3687982272379356,0.2827278053795373,0.2154870146816257,15.267440864570354,0.0945544959192888,0.0240007139481282,4.268455940288601,1.2388549471294263,3.921406269452141,-1.1434716454986673,0.0752494632973922,17.525193951752115,Alert
2617,87.23333333333333,0.2077395361440789,0.6011669508098589,0.4212886444018162,40.30250692385186,0.5293350708213654,0.3821605957856847,29.068892155906003,24.06633596004249,13.64276382309806,8.926755283821,0.4074555376235755,78.82853304932175,Drowsy
1168,38.93333333333333,0.3050174302844068,0.2938125429174833,0.2877752059173907,11.892244238342826,0.0033116205754256,0.0856316681017166,6.653997962906466,1.5453498355245952,6.471647662343212,0.0732073131261579,0.0762850565540055,7.514774428987316,Alert
3223,107.43333333333334,0.2023075114719702,0.5416414517053282,0.3517311987013602,17.824516913539988,0.4369883637031289,0.4968876977201096,19.81939155531473,12.107740654747811,9.665956786753902,12.360427875152794,0.4908223215799516,78.72307751592045,Drowsy
1493,49.766666666666666,0.2920197437962622,0.2720356489979711,0.296773674898465,19.205178627355902,0.0474222400248957,0.1919290249480336,4.938618045093276,1.899895555526652,3.354288407868733,3.086923120236142,0.2247416563734379,30.66591560532318,Slightly Drowsy
2939,97.96666666666668,0.1835783075482645,0.5473792169898128,0.4891682854011663,28.67645748967849,0.4424902149316088,0.6198944914005985,19.435065112411102,17.573301457320262,-7.2362732986787,4.066593237666454,0.5380792565481913,87.04664522637968,Drowsy
2996,99.86666666666666,0.2111013924211731,0.4691175235756105,0.5120521371495517,28.71182575381243,0.5957941886919782,0.6940505323550152,23.64184887906882,19.78283438788099,10.428471123491878,7.66964614756751,0.4305740128153481,77.37689559487549,Drowsy
3097,103.23333333333332,0.2199739459448261,0.4981634976010495,0.4688974655815108,33.913214305678444,0.4399966606740183,0.5508049247972828,24.23528280151849,15.523364274783304,8.366922132773656,16.62434083162583,0.4719743118849195,77.44825420312961,Drowsy
3792,126.4,0.1621625724628368,0.3841991977577652,1.3126583085126726,4.890984901562975,0.127375837085684,2.035580657732062,33.320877113773825,24.689560256408303,18.621486236145067,12.407526600151192,0.7264699535998489,95.63733888356349,Sleep
3565,118.83333333333331,0.1509033355743635,0.2974138949724871,1.3005503466566033,6.6040502550545686,0.1555461523920437,1.610906812773026,40.05954343787824,7.843510981818261,12.570074924952834,16.502370972339747,0.9173458533631832,100.0,Sleep
3141,104.7,0.1792590959377968,0.7761845686913262,0.3866511419363995,34.82938706975313,0.5968613589370927,0.7545830806014822,18.26225886498742,16.40869917845067,0.3545144582986737,8.00868338878377,0.3359486653469708,94.4366303657222,Drowsy
885,29.5,0.3012343294505811,0.2695157706080283,0.180065507725111,10.562286917082288,0.0314986813474648,0.0877535975806569,4.462226136060218,-1.1935915096133565,3.469744954782719,2.5392265251996857,0.0150969884807982,16.649793483482693,Alert
144,4.8,0.2860854548844149,0.2963250493851734,0.1789307555310754,9.962170460236226,0.0965895741782868,0.065308168464039,2.374906318324129,-0.0256310925359524,0.6017075916928285,2.2972746988574304,0.019683563620432,11.883933534193162,Alert
3947,131.56666666666666,0.1484645098110648,0.4408007843055195,0.843680056119452,9.823976476394964,0.0079161163898633,1.916374085996592,25.830445750917605,16.612274605006213,2.0068467121504128,19.67782575420603,0.7946933781971135,100.0,Sleep
851,28.366666666666667,0.3281195398527529,0.2967978909401897,0.1497841503741906,14.420576352959236,0.0,0.0896506741964237,4.356883798605442,3.650857636406704,2.2426383773593783,-0.790093704339135,0.0461809367004806,17.631743648689074,Alert
2783,92.76666666666668,0.1850092511620844,0.3507643175493727,0.4477767073696869,34.548581359673875,0.214617947391731,0.5211669726846488,22.55874248789741,21.37607432663116,-0.9409785992888082,7.146668335195672,0.3602379928813221,67.27120714171795,Drowsy
718,23.933333333333334,0.2786193821952641,0.3004583418143102,0.1719558258227471,14.416594738279596,0.092398006790495,0.0561162669717631,5.933120148739239,-0.531611103607724,-5.806289879141419,-1.0983178835275529,0.0666086468875763,11.653913256130547,Alert
3853,128.43333333333334,0.1180155249261683,0.3087151514101672,0.8281830683813798,6.270753794063739,0.1439254766117223,2.2878731948707007,10.659546637155405,27.61366120435241,7.776308518786182,18.285103145774706,0.7715979903620266,100.0,Sleep
2503,83.43333333333334,0.1857257601177772,0.6474337877677029,0.3890167032350732,30.81396818482977,0.7037933333831023,0.5115405161584843,29.13811942275219,23.779972268361576,12.385701004319154,11.407775113585052,0.3814271016228189,77.69373272533687,Drowsy
265,8.833333333333334,0.282070657583208,0.3062702708632618,0.1675141678534423,11.174826652399105,0.0319994856801674,0.1051429843372514,1.931679645212656,0.6616622824594423,1.0753608546288609,-1.4619125514309466,0.0551584369984723,14.884567647042129,Alert
76,2.533333333333333,0.3563346119279425,0.3352850251005749,0.1643141991854019,12.949532957260356,0.0387286156455797,0.0531109897793144,3.39422005717488,-0.2966298662104956,-3.012422300256204,-1.5355951302082569,0.0393063022522643,12.376007196127013,Alert
2493,83.1,0.2057373424308305,0.450656193765395,0.5028487360877523,30.41951652927282,0.5713569801024706,0.5068683149418508,18.482853646720056,15.966346547392956,8.789217381990344,3.0726722354889366,0.437251208598213,81.07124325323075,Drowsy
396,13.2,0.320682834496286,0.2783420254109447,0.1325346970996161,11.649002708789116,0.0275695637208055,0.0392755899428812,4.030094222400903,2.118733670629108,-0.7472155339591222,-3.3457878026231485,0.0480842573055466,14.632454369966652,Alert
3404,113.46666666666668,0.1360964708323711,0.2913965969785378,1.278795975715844,4.977053861439803,0.2339408531975154,1.8704082373980415,37.41854536799474,31.57167075662461,5.837482519076199,19.217204295408187,0.853891770553152,100.0,Sleep
2225,74.16666666666667,0.2510945285022004,0.3646402273028214,0.2677833111987591,26.964389039802025,0.2608595809308287,0.2007352813108408,7.636791699314216,5.435309474118778,3.524716629083678,4.044053790929365,0.2399976037014524,32.76966662493264,Slightly Drowsy
3091,103.03333333333332,0.1680628845399632,0.5169757328527402,0.3743799244412606,22.2937385536206,0.6142160348213943,0.508073871933476,20.602849714138408,17.28614175526795,5.981890397337638,9.48070181127931,0.4874842819723322,91.2856166240284,Drowsy
3775,125.83333333333331,0.1556080462717219,0.3837157502853782,1.159943926416291,8.841532763011783,0.138590900815189,1.5590108665526097,32.90226868928637,26.667607116795256,16.905869148671936,9.251464959357934,0.8137015307475008,100.0,Sleep
397,13.233333333333333,0.3256758619716222,0.268657613867686,0.1977432645525556,15.700550901191727,0.0622961427887875,0.0635077549913047,4.6401091974945,2.691501913777952,3.586441952476437,-1.1932581172234604,0.0819587867826486,9.974095496828197,Alert
1366,45.53333333333333,0.3436560917903828,0.2559171255696889,0.1740419353393954,11.525211717441127,0.0415804787785186,0.0936820998186948,5.113726084378685,2.336458212030617,3.934442456880885,-2.2828315844544385,0.0500047670139647,6.52081917739082,Alert
3338,111.26666666666668,0.1846996455594238,0.5769733144763333,0.4101621571726662,33.526917218601426,0.4066521395872352,0.5360527183947899,23.09101902279132,16.32542854211244,4.120935210869343,11.706817931306826,0.458634763447226,74.97602150813128,Drowsy
1904,63.46666666666667,0.2765510930141847,0.3521527597361411,0.2856710624319796,20.878187967169108,0.3116565985494005,0.1575707350417786,14.136363690993123,12.160611143123925,5.585083683780445,4.556660539795395,0.1668318174668433,32.83341915616983,Slightly Drowsy
596,19.866666666666667,0.3107670307460453,0.224719729544884,0.1554632447358448,14.978023318093484,0.0732712708251345,0.0796755376480811,5.252482237773082,4.8920844525924725,1.1921910703777028,-1.4949113079164245,0.0343899589317676,6.109105807501563,Alert
2110,70.33333333333333,0.2315794814354694,0.3225921031350704,0.2749228319971411,23.35863802453453,0.0,0.20067679196667,14.794125225785557,4.388576455952376,9.6094506138009,10.356881615013592,0.1656288386018513,29.77209933152618,Slightly Drowsy
1297,43.23333333333333,0.3410270384651604,0.3230054819330122,0.2105119663191046,14.313896306183944,0.0220610496714741,0.0783744090397282,4.215490475658959,3.146501134694077,2.724667572275187,0.6678900959980786,0.0324018406691884,13.996998246704145,Alert
1822,60.73333333333333,0.2737181651085972,0.2944019227316939,0.2986587876374523,24.54883337557053,0.1886279061118544,0.2357227130794709,11.65338990411562,7.516781441881076,8.868519684624449,-0.8055132623146353,0.1660489895597252,39.51355347546884,Slightly Drowsy
873,29.1,0.3513086590574502,0.3197759451013696,0.1830935377715161,12.871386524187669,0.0110868842966817,0.0792487298126761,5.655824897466349,3.4243972992604474,-0.9725305831219238,-4.39500201052406,0.0653742778915314,12.79548584926818,Alert
3470,115.66666666666669,0.1359005753673746,0.4155845020236148,1.0553912126820646,5.638632215619104,0.0321040529897862,1.8846259211629384,38.20289833215308,34.59415778854894,7.150126617513613,14.545837110023136,0.9573172660192314,100.0,Sleep
3902,130.06666666666666,0.1337369507722335,0.4077812478800433,0.920234366841512,6.804679460313443,0.2182839378642411,1.8606577077701292,37.52318240991459,25.505411328878672,13.85344135884123,3.289651897105,0.8766456173264783,100.0,Sleep
2327,77.56666666666666,0.2824022321001287,0.4027675603500543,0.3379071996188447,23.097679486694943,0.2031455485422265,0.2169577615628253,12.87533995183339,10.74555487044389,3.011527029648541,6.421692483391966,0.194633222282635,26.587838826638908,Slightly Drowsy
1549,51.63333333333333,0.2435587720704333,0.3835540202048443,0.2832657883607302,23.38090412010836,0.1985986109683401,0.135835159501187,9.036242737630522,7.10978945634898,4.254151820627268,3.6064898428836503,0.1562508322525703,33.31996889262829,Slightly Drowsy
37,1.2333333333333334,0.277171636772728,0.3273855330957895,0.1765638046424214,17.094540779933656,0.0,0.20907870799801132,2.2096853056000185,2.013109249295458,0.1409417812942261,-0.9001309429584873,0.0524569986469499,8.124953765165792,Alert
3498,116.6,0.1222094843337645,0.4480025943391095,1.1192398547268432,5.6318657106831225,0.2074761477282339,2.185521203225084,33.840559258965335,26.975080530424616,13.431329466556369,15.398956786012032,0.7621743873403362,100.0,Sleep
2711,90.36666666666666,0.1722679916385567,0.3069336521962608,0.4316381020053274,26.66734695638264,0.5206055700448802,0.5752858245898352,26.024788788373694,13.603015883931503,4.120935210869343,7.866823967473986,0.5300501324143039,63.308032549988056,Drowsy
3375,112.5,0.1783395850052728,0.4344535979890738,0.3976180215283619,27.117341061612688,0.5450426724270593,0.534002897426512,29.77936119899849,17.428775194647585,21.28747358752642,11.397000346372684,0.5231751729583766,79.22002849989957,Drowsy
2144,71.46666666666667,0.2351883691959019,0.3612320783318973,0.2759106316046795,20.391888633686765,0.177321920675655,0.1712074579602692,14.854950296295865,8.406039732041561,12.220770970362857,0.812896806916954,0.1957585289493841,41.24253644291453,Slightly Drowsy
3417,113.9,0.1424472666675057,0.458790973967596,0.7566997124274907,4.800244202050439,0.2576866731074346,1.8236155113039871,40.82566265079578,32.83508007704664,14.491380600244034,3.289651897105,0.8910345312438426,100.0,Sleep
978,32.6,0.2964654628465183,0.2136896597334694,0.1751988397926196,14.813712780811544,0.0939833785731067,0.0350300693100068,1.9224822574207456,-0.8127408175575725,-1.7422232716693509,-0.0069616971464036,0.0370993261694315,10.749689033084682,Alert
1572,52.4,0.2611711630656314,0.3895344022422095,0.2236406280019306,24.884303031904924,0.2242523062701018,0.20907870799801132,5.129086444053799,4.376165671689302,2.663787671772618,-0.2468542165262297,0.248890695639481,49.9517341811098,Slightly Drowsy
1123,37.43333333333333,0.3017917682894565,0.3068867944837047,0.1523853363678126,16.125090987973923,0.0583141295255058,0.0790991104308969,4.282941097221326,0.3582240005588335,-4.066625583492379,-1.2953055127560913,0.0333998626275022,2.263823606108772,Alert
2787,92.9,0.2399356442645634,0.5977368298213863,0.4854958353981302,23.890568944492845,0.4803362270984434,0.3511739077690449,20.642720919401228,16.392569938161465,-2.351156532999488,12.323864683454776,0.191037117183726,61.44715047201925,Drowsy
2240,74.66666666666667,0.2422892180517548,0.2949063074063606,0.3181617364585324,26.066098051770183,0.2201583048724835,0.1780649752146252,4.62585884347276,7.843510981818261,4.343228399693553,-0.3723758617949286,0.1204404998944829,39.02103263268307,Slightly Drowsy
2968,98.93333333333334,0.2174630069575036,0.5684914396815284,0.5337101409859764,32.903291792526595,0.530987570151641,0.7135599730102096,27.674638124335758,12.379419549397667,24.34176702970417,4.48485727805642,0.4366398087825623,70.98677509522368,Drowsy
2505,83.5,0.1839239438309228,0.5521244695295906,0.3781154337301725,24.617517605627384,0.6244580228712746,0.4260828116886183,16.000625086449244,12.334019935149492,7.608767482059568,6.782227716642716,0.5107011002054921,69.57516555672359,Drowsy
1893,63.1,0.1930294582269678,0.3562347789629582,0.3196154494644541,22.36925262428698,0.3113596558490136,0.2332220116132053,15.701337644027952,12.95751563225762,8.640843072428378,1.992642328476239,0.1826690582493935,36.39731888183292,Slightly Drowsy
676,22.53333333333333,0.3334941128207085,0.26857124516129,0.1448722531857764,14.505958426496738,0.0,0.0807942764343927,2.785236274926025,-1.557192269528886,1.3838162529534936,-1.848714667260751,0.0309801196594138,12.25478284465468,Alert
2809,93.63333333333334,0.2145940425971885,0.5388099030207107,0.6097006351623849,30.96543130063393,0.6238294314784444,0.5113652372839498,24.06351796401869,18.247067428498237,7.53584202481471,13.75894298416581,0.3273410099607776,83.88650704823759,Drowsy
3069,102.3,0.2096894304640384,0.4806993649083977,0.4489363656242205,36.16332040050412,0.7643548388663972,0.5092615676937181,18.2100481263692,17.08819098920211,6.285828995615168,0.2965388998393194,0.5125332541567702,92.75952783801996,Drowsy
729,24.3,0.3121790881737119,0.3160821768428418,0.1713581160494616,15.077557395027233,0.0454574974083819,0.0788829563469437,4.420710018609971,1.0565337063444753,4.034562093542084,-1.46585207621707,0.0251953549490258,20.17455936232966,Alert
413,13.766666666666667,0.3325207897751053,0.2492534169530279,0.2022737674077786,12.40603114481009,0.0586673247585714,0.0739329986504573,3.4238712415541963,1.4528343706609357,2.2987289251215284,-2.080387439631796,0.0789039014855386,4.486078941307792,Alert
3147,104.9,0.195600650847286,0.5635777153843388,0.3742667089961363,24.047471123794654,0.4362325606614144,0.4113322032953799,16.10636710993649,13.222039481803666,8.812861427044247,2.631768775820645,0.4303720272774615,70.20474004387549,Drowsy
1517,50.56666666666667,0.2327280321453636,0.3507643175493727,0.2677267302244562,22.01800099189647,0.231470267557577,0.1927779883645704,10.207743956046103,3.396206605076532,-1.5923281596751329,9.49359301843806,0.1348073987894174,36.64084551840856,Slightly Drowsy
1650,55.0,0.2820079459777859,0.4305156153295322,0.2586581865046379,28.2437151231262,0.1996598322624046,0.3035755886955619,11.761932753867592,7.506401456837628,6.304771001313688,6.499758602923896,0.2311053339923123,44.27260039124762,Slightly Drowsy
826,27.53333333333333,0.3585701693442421,0.2682474921357088,0.1453609698381346,11.335793255451083,0.0,0.0778524276317991,6.05943491534023,6.014194895206137,-0.4249878956167298,0.6046458006965498,0.0675119392860841,10.382833740976464,Alert
3268,108.93333333333334,0.2025235203270845,0.5348140431321612,0.3535399935835605,21.77331098021446,0.6903192551968852,0.6382286705943094,24.81799668717137,23.151355862336416,5.063079737172281,7.369728955324326,0.5262260130200801,68.28069049616109,Drowsy
617,20.566666666666663,0.3418038276421014,0.2913412754947287,0.2047230869056711,13.589626468195563,0.0980772667815817,0.0801757688526414,2.666141757504211,2.144660118566891,-0.7967778997872341,1.3689009552728555,0.0315760236677417,15.408227513663212,Alert
115,3.8333333333333335,0.3506917248118323,0.2376625643458078,0.2301771716051311,15.047547523415114,0.0217995257696636,0.0788846184468458,3.5699577674401475,3.395817281304306,0.2280161742372345,1.0775119848927384,0.0215865281384126,11.865669328893247,Alert
418,13.933333333333334,0.3429728713664582,0.2639120129704451,0.1476047265665553,12.466030986593012,0.0578496376266688,0.0909157342706471,3.4435609430856737,-3.428928511901119,-0.0243396048352508,0.3161784506463688,0.0344491148736889,15.992470747530856,Alert
3070,102.33333333333331,0.192017910122286,0.4583206272710728,0.4309007242561996,28.382707215228635,0.4137363867751744,0.504152153901587,28.62566189367909,23.07448626969009,10.764283806803627,13.08154411251592,0.4655337497003051,68.34582509793869,Drowsy
1626,54.2,0.2333161181225243,0.3448456961443993,0.2984131127352593,16.22375923545915,0.1214326074559827,0.2052142881062844,10.024896703949835,7.297108845343335,5.510473625680372,4.109189317220291,0.1935437773246345,41.93478009331143,Slightly Drowsy
3018,100.6,0.1944219669183139,0.5266607370796152,0.3424064891693975,20.06887298158603,0.6112185031648855,0.6488462347353358,23.3911391559328,21.037887514205515,2.4761463149288616,9.920754980288168,0.3706857218407406,77.99214287744518,Drowsy
2653,88.43333333333334,0.2152292893384634,0.456610131493322,0.5868878992102445,17.429845700042602,0.6157798670741479,0.4268280297331187,25.25938921331376,20.00704312992281,11.691868009386791,10.052621104873989,0.5513324990602815,75.09342726403766,Drowsy
3942,131.4,0.1303474405220441,0.4876838965328943,0.8136183329110295,4.495490517878191,0.1460073465967906,1.6272699635316443,42.064683173488085,27.014695470598983,28.199005259780748,15.635213509114234,0.7872251653201763,100.0,Sleep
90,3.0,0.3390103664036074,0.3075030055527791,0.1927637268535489,11.582559642176967,0.0480915457543208,0.0799279492181886,4.921745041637097,-0.8959117229813569,4.510194905301452,1.7547245811513428,0.0355807165234067,11.44919144544909,Alert
2897,96.56666666666666,0.2026207551228619,0.5536049234191441,0.5110374367237069,22.39719285707268,0.6219385028281816,0.4183230748994491,27.84768823175586,21.885943688364357,16.376184407998874,5.32163442544043,0.5253390206579078,65.82081241039683,Drowsy
3503,116.76666666666668,0.1372123521684518,0.4871314241288474,0.9416669295915944,8.183036513183366,0.0672474541249202,1.8724948114283133,38.01651680973836,28.214709148782724,22.313126316816348,12.300818345318085,0.9841610147091951,100.0,Sleep
2083,69.43333333333334,0.2323446304332217,0.2661137568044897,0.2450013993327932,24.407183555039296,0.3688846382907913,0.1828214404188956,16.66645698521627,14.96549558656903,7.319279069966752,-0.4825807542720657,0.1885613535124412,46.287820504809154,Slightly Drowsy
754,25.133333333333333,0.2464214608632066,0.244857212846574,0.2083315566850616,14.379143180362544,0.0090497620916859,0.0673282096901237,5.221817827447448,-2.7655915502234514,-0.265119862579188,4.421379452031529,0.0560986678146465,20.54900990520504,Alert
2547,84.9,0.1848153795878798,0.4925236758185123,0.5378259231448682,36.08266320242541,0.1565871280820747,0.4496289230275423,19.313726571687894,17.281066217889155,4.120935210869343,8.076180640837693,0.523002045982099,66.12176331034918,Drowsy
3325,110.83333333333331,0.2178472277364101,0.5757932278123458,0.3566406738669443,28.28275488674914,0.614145736130706,0.5734039658533321,18.65998560494936,15.658629131862751,8.35635807927879,5.759659376956979,0.3472362042879173,64.18523631930175,Drowsy
1631,54.36666666666667,0.2269268129714686,0.3553189340464694,0.2877752059173907,22.060949871493808,0.2388475136035202,0.1651395762266737,14.819167218928296,12.206909562412298,6.246844111673774,5.619253922194025,0.1946064252990067,46.3272396020646,Slightly Drowsy
12,0.4,0.2972653136301315,0.3290978008827635,0.1379444681162315,15.467142734500676,0.1376182250323991,0.0601892734973862,1.2019480783942091,0.5842556759930702,0.2989540952629236,-1.0069513082323984,0.0089867313786773,11.939911275982958,Alert
2445,81.5,0.2025302519027148,0.4537861217546328,0.415327391261129,27.425841937170112,0.6752794229596824,0.642879059831682,24.974869890242665,17.72645764373013,17.593020936401796,-0.0493940372834433,0.5714054384836559,81.2328867428931,Drowsy
285,9.5,0.3165150699834191,0.3058878603103635,0.1227193173747812,17.295755812131674,0.0529072209731736,0.0717701371087564,3.893374030260684,1.7769146144463777,-0.1127119349384438,-3.462402606889851,0.0698987645490647,12.289300377702224,Alert
1067,35.56666666666667,0.3332324983485917,0.3274637349973614,0.1649954195635581,15.330056080681963,0.0087965578038228,0.1289153913822736,4.644008278307473,4.340950336541555,-0.5778193162824181,-1.5456674617779276,0.0377200689432074,10.672819521878226,Alert
1192,39.73333333333333,0.283634631285571,0.2838792732542278,0.1372060826572876,14.895835177992303,0.0,0.0429682633141882,4.792480530068927,4.046371791099996,-1.640515365584348,-1.9757161472644815,0.0654169124215109,13.76963048862534,Alert
1441,48.03333333333333,0.2510215260893015,0.317339094092906,0.2532626787740492,37.67679487859015,0.2814899608027049,0.2344439195602669,12.724440832740973,4.818868896421776,10.278336265124317,5.748539004482343,0.2552648515743108,51.86174355752609,Slightly Drowsy
3758,125.26666666666668,0.1263702996552692,0.2999822635424756,0.975986119990594,3.464896988138151,0.1219995175516676,1.6779513672838713,42.10148834882136,35.00441126220143,14.27820974430781,18.529955204213525,0.7543405922336224,100.0,Sleep
3753,125.1,0.1227669147999783,0.3817307881591718,0.7305269510056549,6.863896446278118,0.0469596300005493,1.4194652259211282,31.20093364524313,22.62084779777956,2.515932724666296,21.34163976290269,0.8917271011041488,100.0,Sleep
2739,91.3,0.1694003634807618,0.5327453384726489,0.5246809172625737,26.546778968226967,0.5981754999046444,0.6926497272718584,29.30540268817113,25.0075815661518,12.572895325610697,8.680425914629371,0.3336956865697847,70.98487629759158,Drowsy
3801,126.7,0.1358844002666652,0.3032944195593088,1.1396090689809182,6.855662685998039,0.0813123184535209,1.6805872790083003,44.346231672511394,39.71227707554765,16.910956553912083,10.175601282414878,0.7873195924935128,100.0,Sleep
1569,52.3,0.2304470632569039,0.4114438720839471,0.2076663178390306,21.511700900834253,0.2488106836070347,0.2136847768043863,8.05450869886025,4.489509594445159,6.641034826826196,0.7849015290352312,0.1791046137401276,44.61468938309243,Slightly Drowsy
2428,80.93333333333334,0.2316247230475893,0.5964591901208071,0.5053184322866877,32.70462625209733,0.5635215215498883,0.5624055417838539,27.117835498643704,24.406700120971543,10.668150974188588,5.0872926128135605,0.4810030992113556,61.83449526973936,Drowsy
2738,91.26666666666668,0.1974281064898165,0.664558823698008,0.3877419682274867,23.744178458325017,0.601452662816265,0.5131232454694821,30.767113984503,19.308162823094847,21.957892719066948,9.573980294015902,0.4548518677204883,70.38816157552294,Drowsy
3448,114.93333333333334,0.1107015538358449,0.3075407836414565,1.2192230877628276,6.645403272151328,0.0496594781231521,1.754924313433654,30.672927379788053,28.467758449642307,2.1864441369775847,11.208687029908855,0.8478895430499759,100.0,Sleep
1688,56.266666666666666,0.2462049688548063,0.4859853822822687,0.2853962846535251,19.919552054977096,0.1083945666813968,0.1269639562354957,10.783021306710705,8.272544958461665,6.618567971298015,2.008259550086983,0.1794011832787618,34.308783233474934,Slightly Drowsy
852,28.4,0.3553442412072815,0.2789789555270704,0.1841795889218868,16.777277861836083,0.0,0.0735384851464595,6.132593263413664,5.338926138841892,2.9256016250542984,0.7385275552998093,0.0098833518933875,11.23522604863052,Alert
2208,73.6,0.2490320189874284,0.2903533681205691,0.2561803837277259,21.83572985957538,0.0759106353120696,0.2202553015395223,4.063021736161116,3.626836356809637,-1.806883832054209,0.2989556604290739,0.2670381664734195,28.87419113790554,Slightly Drowsy
896,29.866666666666667,0.3140348617071343,0.2893944645793097,0.1875285306213613,11.92954859031623,0.0774262557005484,0.0672161293249968,2.9124804617838747,1.6093091582373924,2.060322211510065,-1.2836428078886828,0.0286129715283772,13.99842625911951,Alert
497,16.566666666666666,0.3042836423731357,0.2702870233398918,0.1489107225787868,13.491347147299235,0.0485364010262827,0.0931929999616474,6.545858296945632,4.725458677551117,-2.244288193864941,3.289651897105,0.0395751044144751,13.209613009488798,Alert
2306,76.86666666666666,0.2186489925661792,0.2562426516916106,0.2571995400570299,16.44107199795465,0.0504870874823477,0.2451587680560834,7.704413935807,6.658011885471475,2.938214487097988,2.528985459623128,0.1344867139682812,42.25854663624359,Slightly Drowsy
1783,59.43333333333333,0.2468011570340233,0.3324659576671618,0.2747921786878095,22.05754325016784,0.1281655285295954,0.2252271944839152,6.117885061525373,5.703502999356154,0.6324625988586265,2.12098142929533,0.1896903262648114,40.90340329352718,Slightly Drowsy
336,11.2,0.2987366180313239,0.3669816470837612,0.1879432593293394,17.18847684499754,0.0439314226569108,0.090667184894109,5.884488273653184,4.098671261296012,3.654584135262768,2.11473661075645,0.0574439400014595,11.418974892535976,Alert
2840,94.66666666666669,0.2105136232478324,0.7557835072079893,0.4049118337659732,32.11241006551309,0.5728610778745152,0.4050481983627687,15.95338933893757,10.640630785800417,7.288097518368723,9.389954336563676,0.5014861078781959,65.42734132955066,Drowsy
3088,102.93333333333334,0.2600348274165466,0.5119439207679649,0.3611375734121688,23.488502317386786,0.5170312612768928,0.7018775005491651,10.659546637155405,17.0682806892666,19.39631259019683,9.7377004615125,0.5158358507452362,78.3048079472741,Drowsy
516,17.2,0.284093653376797,0.304287313161694,0.2014976801927895,9.674343173789136,0.1033554298200229,0.129948302528397,6.330869856588804,2.1150159668408524,-1.9233427806739345,5.648661182006093,0.0136206300339497,11.92682110329407,Alert
1349,44.96666666666667,0.3475304895181927,0.2505472389380964,0.1989958553601574,12.339330337603544,0.0701661820380111,0.0895322701403962,1.5946082545881275,-1.458668281139965,-0.3655368339331057,0.5305140471608045,0.0312741961801168,12.148207181795152,Alert
1016,33.86666666666667,0.3247113399107321,0.2355329114046362,0.2088967960168181,13.730040784968477,0.0454807550757355,0.0978891768621025,4.595626207702352,2.8359368671832463,-3.557444733044836,-0.6494838701639477,0.0532230585732269,13.686806999807994,Alert
2817,93.9,0.2085339440237446,0.4682082969883971,0.4140110975297838,27.809091844375416,0.3141341206671853,0.5013179856600931,25.967444791212092,18.022448156167133,17.857113438803424,5.533809815725716,0.4968496677780131,61.27005468565069,Drowsy
3767,125.56666666666666,0.1239779568081829,0.361987895800586,0.7890038816520639,6.307841305333879,0.0,1.7132824783685026,39.09591305257067,38.24830165851512,4.222635555085125,6.908486565256283,0.939297867807021,100.0,Sleep
3760,125.33333333333331,0.1266808960406462,0.3152557584290959,1.1152122851248207,5.302560372927822,0.1921572134214517,1.1793912217662208,44.56535517123862,37.80750363853392,9.206328915725198,21.723421877235893,0.8990190019102138,99.86881215666864,Sleep
2810,93.66666666666669,0.184207834483437,0.5342078796836488,0.4293348528523039,25.659313810771568,0.6327740977762593,0.5494810786671191,19.013047921926656,7.843510981818261,10.923973181066762,5.215653093333962,0.4023557150699005,64.45624286990368,Drowsy
3295,109.83333333333331,0.1949973703037283,0.4882069437679011,0.5208290170029866,25.93502607551786,0.6025196268132773,0.5833046796159413,13.084593919477078,8.824408289464401,4.120935210869343,1.0290567129009895,0.4645899652917962,69.5471455004339,Drowsy
3252,108.4,0.195421794095844,0.5468426312386122,0.4383761932215792,26.805818884920217,0.5771195059558719,0.6031405974981049,14.926611636240048,12.2795238358013,8.485624783716354,0.1058363600246039,0.4286471648676058,75.98896615818384,Drowsy
3442,114.73333333333332,0.1442114897248368,0.3246008567825801,0.7948995733612298,3.8573905380622415,0.0529597839699522,1.4233675038952445,40.74185136572685,36.01112335949658,17.904948748847964,6.519989064041939,0.8091866411674998,99.78094475884572,Sleep
1782,59.4,0.2307916615918154,0.4382551702787122,0.300013328292825,19.28889528240141,0.1204939768914183,0.2122881578359149,11.134202023641004,7.154721612081584,7.328440868884509,4.367421182817999,0.1694207860492551,37.74181300759156,Slightly Drowsy
2570,85.66666666666667,0.2446494854373704,0.3975926357332915,0.3120996250487777,33.9684319758681,0.429154114286519,0.4784053260615623,25.422943523052005,22.948022713786727,8.168570366485593,7.279338505083671,0.4258539165493449,77.51430191981785,Drowsy
1786,59.53333333333333,0.2835204291751986,0.3585022676936735,0.2932669584654111,22.14787361549392,0.1676676875434142,0.2014602488954208,4.452628920628749,0.1331160226258942,-2.1908256049647497,3.874076354174069,0.2427279876210994,42.30426600840537,Slightly Drowsy
2071,69.03333333333333,0.2801998864886386,0.3731493062052358,0.3034067497683675,21.51971188204512,0.2231563959087309,0.2373160664443836,7.772155836307067,3.512953449091328,5.059343986071927,4.740105783519728,0.2417918938553704,52.33070760139047,Slightly Drowsy
357,11.9,0.3178141167805705,0.2991911869644075,0.2084878371409346,13.851462046818764,0.1242201325917705,0.0844846948907058,4.99360691145326,1.133933734982751,-4.834702077308483,-0.5253190406323355,0.0332722610917772,15.490778170119402,Alert
3825,127.5,0.1447563594071523,0.3411742081142052,0.8744439744204907,5.580980769882188,0.1178040547004297,1.340861632975293,36.06252238734758,28.87770102442133,19.85468135297437,8.507381080798696,0.8643305510701478,100.0,Sleep
3326,110.86666666666666,0.2070203772096986,0.4528541634471097,0.4902918899216441,25.322196306468115,0.3924221695942062,0.5092056364775452,31.804295663408165,28.471874862090267,9.426335324901816,10.583466673328925,0.4518162666946854,66.3870716995486,Drowsy
1313,43.766666666666666,0.3561705710027883,0.2885395165799176,0.1857576601510834,19.330366150359254,0.0598539181179399,0.0658362767728083,4.425934505083036,7.843510981818261,-3.406296927091706,2.5118740800313937,0.0514912343507343,15.985382694049097,Alert
1636,54.53333333333333,0.2726568442342579,0.4152656950746644,0.2817800832927695,19.49331920235336,0.2153089803289289,0.2376892007027134,11.471863357061922,10.58523126450988,2.28129549170162,3.788432240318475,0.1276488678205617,46.38978614419096,Slightly Drowsy
551,18.366666666666667,0.354429523412614,0.3157012777415732,0.1691060505954876,16.1360050028018,0.0636486336996813,0.1100054921800197,6.493688687748613,2.1862739845669314,3.076896341617747,5.28402382098524,0.0519619831009493,11.928630094052515,Alert
2389,79.63333333333334,0.2681335806340561,0.3398915421302818,0.3195714430557636,26.508456840402047,0.2512122753885713,0.1675210682908675,6.560205158762596,2.6220890273045843,-1.7362906533409443,5.757276754253278,0.1746079955119926,36.21734715624425,Slightly Drowsy
2480,82.66666666666667,0.1745510367492137,0.4471868106150215,0.5585769859437855,21.579422352291203,0.8237199205689831,0.4928637824088221,29.37934778539689,25.904074531466165,8.166617232142977,11.199614366004605,0.5376523198084482,86.78613313407956,Drowsy
2522,84.06666666666666,0.1846476727914637,0.5605400772601911,0.5054935600551064,25.361939915201216,0.5642783705674008,0.5354538410730078,32.08623699658314,26.311833348052424,15.109288811587149,10.436638446993566,0.3198314386224195,76.61487801237178,Drowsy
2266,75.53333333333333,0.235751428201268,0.3912455044234421,0.1872240744041425,20.423533897013208,0.2122945410541523,0.186202027391421,7.059193182227268,0.6058139361190635,7.032109515041883,-0.1209695303176303,0.1772994396988684,41.07199946951339,Slightly Drowsy
2960,98.66666666666669,0.1988399129809132,0.4905331942099608,0.5030425920694231,28.114275936251023,0.5571645327246845,0.3948784387118973,20.776224681004503,14.427348088870538,14.511162803900888,3.595732637005651,0.458599496902172,78.02820160916026,Drowsy
1228,40.93333333333333,0.3521563021613715,0.2842413753165237,0.1739204021153355,15.077115012924368,0.0594616877445945,0.095341253789794,4.80907672303112,3.344959180377353,2.1535386869888,2.701987811455032,0.0576724909794194,11.123232405809324,Alert
3589,119.63333333333334,0.1330129533184137,0.3695475112194873,0.9106882134686288,8.342380841544983,0.1154522124946366,2.2713365743926146,35.00838965563415,31.183885261001333,11.424834283921664,11.07365377345454,0.83763802160538,100.0,Sleep
3060,102.0,0.1950386402059779,0.3507643175493727,0.4560479045724379,33.62501448033268,0.4352453304802769,0.4168487700887783,28.3369311792858,21.01161841502548,6.958092946444877,17.694024493867296,0.5060254267032943,72.87606710950868,Drowsy
958,31.933333333333334,0.2963358870368046,0.3195684316838059,0.1809242140499385,17.85188094129193,0.028940705808203,0.0713041061325556,6.775677650329542,4.038985611490407,-4.868924886010692,-2.426926720305846,0.0619496994270632,7.812814900651487,Alert
1774,59.13333333333333,0.264952204905441,0.302816434923047,0.2632796348546632,25.358515623347973,0.2823806531447226,0.1813396989059953,5.697197536834528,5.568795627780048,1.2027245069733126,0.005365636685223,0.1546081807158303,30.068645791819883,Slightly Drowsy
2142,71.4,0.2887030453653063,0.2726635316741954,0.2877752059173907,21.234969285692262,0.1559439294426194,0.1720934861594776,7.895449362666113,6.975640409806747,3.097888690713085,2.0203086822186016,0.128051214600425,29.573098575570462,Slightly Drowsy
1009,33.63333333333333,0.2463273945178996,0.3361657254303198,0.1947301183787326,14.824557652171276,0.0475289575091775,0.0832685564077226,3.242283785161531,0.5068026603843807,1.8497380569218131,-2.614196688798265,0.0437213686494109,14.694397305825367,Alert
3119,103.96666666666668,0.2372380297935387,0.5299134890294587,0.4518347204063055,29.754936377350838,0.4195665610819927,0.6821371105666576,15.023824618608598,12.873352246159744,2.491176625831637,7.333903949187897,0.350449175154729,84.72707393630189,Drowsy
1093,36.43333333333333,0.3038367880130871,0.3096369888152885,0.1805699724677961,12.696862982859676,0.0747362886297653,0.0654509215055376,3.841486366863916,3.595460101820532,0.6381783635753546,3.289651897105,0.0505726963066911,14.419122515975266,Alert
3580,119.33333333333331,0.1429340264590387,0.3972283339842428,1.0768047843048996,7.014582758354887,0.2025828006955266,1.9547446747974304,27.550079502420203,23.45586923910917,5.804649573151769,13.233862707478687,0.974131242254108,100.0,Sleep
3357,111.9,0.1666255434112163,0.6061653766715723,0.3878879944192599,32.01293925961579,0.4910038103696986,0.7225957971760368,22.64243258912635,10.832465555099658,16.137553020116165,11.615370251251148,0.4768603506924953,67.97882670559027,Drowsy
2745,91.5,0.1998944569402164,0.6426296585269112,0.5055410306846018,27.269496162882035,0.3659362309846953,0.6329783007949004,22.261896103202364,18.848323105009875,10.133340782203552,6.135807919961138,0.4921254264381421,79.10955297899474,Drowsy
3812,127.06666666666666,0.1148863051084786,0.4007638398740038,0.7003651717717638,7.959775189137114,0.0803061572463372,2.424445045068289,43.38737552414499,38.9099230570057,17.74951828175983,7.310050843636167,0.7997688913385974,100.0,Sleep
997,33.233333333333334,0.2661602971763862,0.2878547013433787,0.1904884599308515,14.333748547653428,0.0,0.0546872710982037,1.057020965705309,0.1297725428783436,0.8749767995671384,0.578677811285969,0.0365955241605764,14.47990577161523,Alert
1680,56.0,0.2531105007516731,0.3098283094620885,0.2412470354386002,15.004880517055726,0.1334942872699507,0.2317578321452869,10.659546637155405,11.633161883042938,6.742233452868736,4.386580501601703,0.174938958018854,45.33645063927381,Slightly Drowsy
154,5.133333333333334,0.32810898204304,0.2387336073094069,0.2156303816538469,12.838456756754017,0.0580463862349135,0.0856657574309228,2.4145226038003904,1.3527375657398066,1.7600814044258242,-0.9498073132450487,0.0574259459491448,6.14441067528115,Alert
3148,104.93333333333334,0.1832783229412347,0.5777208816373133,0.4051912076280268,25.884937602695576,0.705760817200026,0.4579944366258029,27.234468722755288,25.82937273796182,7.913253225684036,3.45546146851214,0.4012236161256588,76.74897560606605,Drowsy
3730,124.33333333333331,0.1007840384756354,0.3989829199387554,1.2280396841275345,5.029328549329141,0.1581453084225866,1.2506626953218656,33.2244819733794,30.183341754310987,4.120935210869343,4.534778217949596,0.7670130911761108,99.660186848415,Sleep
2909,96.96666666666668,0.2080601651252857,0.5546055848297892,0.4286744241111907,22.56168174930334,0.3776545689365072,0.7686800997443227,23.56173393759677,11.236325574450014,20.187793116108253,4.620963409536177,0.4953022797278226,78.69323358843535,Drowsy
2838,94.6,0.1726548759407624,0.4330975414145603,0.5022735317132165,19.00757914080593,0.6495728621373226,0.589205574829023,17.42782625016329,16.712490247340426,4.120935210869343,3.289651897105,0.4947332836407444,84.4499069735917,Drowsy
581,19.366666666666667,0.3714452794274441,0.2296556091621904,0.1645448730272394,13.683702757615125,0.0675781076183196,0.1053592097420617,4.980330123289862,1.9390035819096083,-4.266688948518622,1.6850277929100086,0.0550991753228392,3.4041732842931296,Alert
1471,49.03333333333333,0.2280471327284277,0.3853966334981007,0.2535821052796967,19.271903295617182,0.2407601106259524,0.1583813076844173,11.928815983001115,1.8995421963019143,10.903992008377347,4.448746844001612,0.1694316286002254,40.21601335308391,Slightly Drowsy
704,23.466666666666665,0.3200448718219527,0.2841197596461335,0.129847161800155,20.775829110837236,0.0707948407240764,0.0842001661604517,4.1382609238101855,3.537909960696451,2.128232941759815,3.289651897105,0.0273751772751859,14.135585337763366,Alert
1213,40.43333333333333,0.3322211472453247,0.3634609230116015,0.210099399384447,17.16380730354635,0.0423199491895432,0.0679959155082874,4.359319528959868,0.0479876210525165,-1.464821174090064,-4.105564866341051,0.0255016131421679,9.427937706382968,Alert
3344,111.46666666666668,0.2106573989860768,0.4711738552476704,0.5046008401080023,31.165200054716205,0.6984831658883,0.630224275326752,20.577973048470422,19.425718250538797,6.172409517946687,2.8276856220273707,0.4553311296707766,72.58965456413891,Drowsy
897,29.9,0.2985566705848745,0.2665322791738576,0.1966722653412867,17.429845700042602,0.0742161801905098,0.0894527952598002,4.635519609229825,3.327003959181824,-3.219570822201148,0.231193477359816,0.0394046702332719,13.207293290932215,Alert
3309,110.3,0.2001746232493682,0.5202168108889523,0.4743350511685069,24.96296317647336,0.5980473901687702,0.5080492917519641,31.53957846781633,30.681427795197177,3.196386297183495,6.571005479743827,0.4178165102133211,67.03293602267667,Drowsy
488,16.266666666666666,0.2973763041765483,0.3507643175493727,0.1717546409799062,13.884346956834143,0.0545640596890608,0.0812376670577427,3.0654195287886106,-0.3188833270293201,-0.5707225332396471,-2.994893337211497,0.067264579502645,10.38101049320606,Alert
560,18.666666666666668,0.3264400214349532,0.3462267116291574,0.1534884257792681,12.067425725993242,0.0151708891342503,0.0944918355744624,3.652289466588886,3.1212136354911,-0.4756130772493701,-1.83603812327793,0.0418475358327984,5.841721599200039,Alert
1142,38.06666666666667,0.2802288535785326,0.2983304717894849,0.1981663194775674,12.91316257968952,0.0,0.0801613351882227,4.865207729869368,1.9807283712943895,-3.364938709599584,-2.902438432519871,0.0382489290709312,11.148074889954628,Alert
1120,37.333333333333336,0.367422218696802,0.3372252508005997,0.1932310750455229,11.903548351296244,0.0,0.0722523650997057,6.767920961468352,3.883033616040392,5.479941237935813,0.8348940688215997,0.0633744558846247,11.03756648012766,Alert
2850,95.0,0.2052435882131442,0.5561870828779082,0.3997362961638926,17.429845700042602,0.566186704771278,0.5283378357917833,22.99946512160803,17.582591259622895,12.66350077512896,7.711266341879583,0.4343619428872787,82.95262074179712,Drowsy
513,17.1,0.3237850761987933,0.2904458134893504,0.1565220420774423,15.767580899026962,0.1333885168492406,0.0598417660914358,2.068913528615224,1.1506024808811903,0.6948224225042755,1.572812423991633,0.0288090742942106,0.1829782883156711,Alert
634,21.133333333333333,0.311446283721819,0.2868276923897911,0.1961243611381928,12.553850677809171,0.0469002280042804,0.0788313976200502,5.174057513883859,4.066008293326312,-3.1980965148830416,-0.1030844172153031,0.0782401093810539,17.037810725661323,Alert
3456,115.2,0.1306469014317053,0.3472446840618191,0.7393187924007444,4.212955750013319,0.0987475418976533,1.731206911263647,32.197070379595615,26.58847726298025,14.560181814777584,10.849208422057153,0.8118513839198933,100.0,Sleep
1665,55.5,0.2395154310379082,0.3768160904810843,0.2512744936494908,19.84612685985793,0.284245577407593,0.2059281187451159,8.874268796789009,4.540455271004475,4.070567234940079,6.447278107504206,0.1917514675309889,44.14722206306327,Slightly Drowsy
1013,33.766666666666666,0.329063577277324,0.3206926820540168,0.1854101607199166,10.641976523540247,0.011625801574075,0.0563600895620435,2.4825996826592016,0.6551400841671491,-0.5487047022717807,-2.330883052442114,0.0694132398130457,6.679475710788901,Alert
1932,64.4,0.2363473595597575,0.3753513758964681,0.2649137686875491,20.00790577811724,0.1641370188603742,0.1726523805950299,8.722382712477845,7.696573894669562,-1.6503327301762436,3.757540731187407,0.207061950416118,37.59098006756864,Slightly Drowsy
1151,38.36666666666667,0.3539846305807686,0.2321825943184221,0.225277200594825,14.955292926481295,0.0564274199250261,0.1122956650849465,5.784616774123055,5.361712933076538,1.953992855985612,0.946434131623966,0.0523278858106071,10.038256342829584,Alert
2839,94.63333333333334,0.1814354692824572,0.6541863510283779,0.498011266289569,27.96923261005847,0.4614573844431518,0.491860997872001,32.1740566970608,27.1146130807715,11.070650885278344,13.319473368043637,0.4569090588301698,74.18111441812106,Drowsy
3762,125.4,0.1363583037744491,0.3461092729751683,0.9661825860735012,8.39124363842058,0.1370517088079416,1.4939176102639302,29.887772985372468,23.71526265583754,14.515326631642044,10.9622344422358,0.7353807156593183,97.82066044612408,Sleep
117,3.9,0.3779832384995423,0.293766124378803,0.1857614734947009,13.227208839493748,0.0553416361912912,0.0769506032723891,4.992352177496671,3.770271691721476,2.870106950383752,-1.571978921015899,0.0133753409288444,3.8609237999450814,Alert
741,24.7,0.3042487892162915,0.2543043346857645,0.1366050538937793,12.837310134497486,0.1565871280820747,0.0794962263294104,6.160905427811902,3.569201044686186,4.993925465898825,0.5275111696451515,0.0288240085587531,13.6017004104858,Alert
3699,123.3,0.128815913094955,0.339950730125544,0.8596891838243652,17.429845700042602,0.1998182312605076,2.00185811878152,47.90480246294378,36.97218302573732,18.32257344935776,24.33538747416888,0.6824284537349772,99.45035873860448,Sleep
1975,65.83333333333333,0.2392011617056131,0.3613632253817237,0.2693558377901513,16.773614741389405,0.1197339634036774,0.2283153805764892,7.862785541966721,5.667582588141562,4.102819528111628,3.5873076262430263,0.1925220019527488,47.51465947949758,Slightly Drowsy
1082,36.06666666666667,0.2446494854373704,0.2480562433756447,0.1716403099836207,13.031278341825772,0.040113135510224,0.0733752138224321,6.156698264982838,2.698100253052499,-5.130525304175383,2.074342945064009,0.0526516559928439,6.348889715244728,Alert
1811,60.36666666666667,0.2385187057286392,0.2681755580714786,0.3350905561525293,17.450439574210417,0.243380751299884,0.1986015721538647,11.966421541975803,11.513577668686658,0.8309836289009742,3.153131775850968,0.1120629236305059,28.323554126063485,Slightly Drowsy
831,27.7,0.3505137650982808,0.3504744003127045,0.1873229533050716,14.684777717117948,0.0,0.0693717719772315,3.7045935684197406,1.5172948149834684,3.150958656829065,-1.2220022481792585,0.0559268003949766,11.902772498371869,Alert
120,4.0,0.3318674558219988,0.2791240564439199,0.2045329889760086,17.475518872543283,0.0723124122540744,0.0802070523968676,3.4957409189880138,-1.2795905808753991,-3.1953409892261178,-0.6104494087093353,0.0278097559568143,10.39293392518243,Alert
657,21.9,0.3052151317540488,0.334431948695157,0.1465640305497581,9.651987119568,0.0942684169714927,0.034507579375876,9.470962682145847,1.4896755778182096,9.353043387624142,-0.024087105919863,0.017584646986075,11.57566286193879,Alert
3657,121.9,0.1387031152188252,0.3725017617871212,0.824835729848544,6.084959945434971,0.1265767815148095,1.1901623915436448,37.56406810227243,30.57320067452781,18.060514707900097,12.253832926596369,0.8709370266148099,100.0,Sleep
3605,120.16666666666669,0.1539155678224668,0.4572591726439516,0.2877752059173907,5.16703147272028,0.0930055676452597,1.950581829194447,46.8737717756567,39.18091347346761,22.299335214374103,12.835347632922543,0.9503845654195568,100.0,Sleep
3931,131.03333333333333,0.1381924870043701,0.2872768256337549,1.1032503535995628,5.463323091743753,0.1695781387321008,1.018094961210971,34.786718159004344,31.462415894272983,6.697971824197085,13.242708175145411,0.7246027565986337,99.44558713489909,Sleep
636,21.2,0.3061245824613973,0.2309170750801661,0.2427328281819743,13.943909870048566,0.0476819783294913,0.0917615335033566,5.663446305376708,4.405862923166424,2.8376644696639177,2.147243887815143,0.0273830889841828,10.478538678040678,Alert
370,12.333333333333334,0.3140747007496843,0.3062465083798299,0.1883780351464957,11.62272317578192,0.0627408401919549,0.0601660667311937,0.922268816275935,0.4177993127880202,0.5679849218771224,0.5944885467602481,0.0162153506984574,15.688511458896558,Alert
269,8.966666666666667,0.3153275960459504,0.2229334364699701,0.2161798354964044,15.94351838191128,0.0686668392786432,0.1104201245431876,5.576201984538505,-0.3722913020620932,5.242089593746675,1.8643831285207693,0.035268894255621,15.699986815064026,Alert
2704,90.13333333333334,0.1872403664881135,0.6842656768851779,0.5169176568344722,33.46020609669599,0.7039256749804264,0.5033681942826798,24.533891352696543,19.479059677042315,10.455034017087774,10.638154102365688,0.4197582228338323,76.96971274820056,Drowsy
2984,99.46666666666668,0.2272337356054283,0.6706860515979534,0.360139793267359,28.90128898657808,0.5222704315704468,0.6918307469925938,34.24370906611497,10.946939969406946,31.614490145263176,7.3020633225125025,0.4916911616326833,85.50965431043348,Drowsy
2871,95.7,0.221580370102822,0.5227744105225114,0.4628149077079518,24.410989482069404,0.3448109866775553,0.7288338353462747,16.50558851243685,6.387564747032304,-1.0150419059873157,15.185623420638583,0.4411630783269313,66.26021200014623,Drowsy
2915,97.16666666666669,0.2133498274886587,0.5194464088337463,0.4784120525793788,17.851844254936623,0.6103743738354472,0.4779404088183667,25.22603037306977,8.605740244208658,21.30843732872305,10.404054105978508,0.4559094188875718,83.30603358573512,Drowsy
47,1.5666666666666669,0.3051901518940282,0.2497603230612064,0.1814556488383448,11.922624708972403,0.0608182730311935,0.0789952378110172,3.272778248706489,1.4026298828339756,-2.722690986124793,-1.1535426611366657,0.0551078245165151,13.752290384099878,Alert
3422,114.06666666666666,0.1387017005948846,0.4796563291219873,1.1643675808220153,4.831911705403485,0.2034924128926687,1.992588832065704,38.137302491166615,29.71708644096,15.239039488225863,18.41521898429522,0.9206700643498752,100.0,Sleep
3720,124.0,0.1094408608291631,0.3272209160983429,0.7569805175923376,1.0,0.2173726190040999,2.300389790389124,40.56348751628495,33.61396726844969,16.660518983497568,15.424812192046776,0.8544115076776649,100.0,Sleep
992,33.06666666666667,0.306661409354423,0.2269955078160658,0.196461014291847,13.793716202721514,0.0,0.0633034017890665,3.559621838882526,2.8415035689054173,-1.6290658391573691,-1.393882920276193,0.0385081464598384,12.975308226446735,Alert
877,29.23333333333333,0.318094024566985,0.33239080958478,0.1616674481256984,13.398189240027373,0.0,0.0874812417626208,2.70306967253351,2.6612042123784345,0.1911070792973127,-0.4336541004442867,0.0341448416245509,13.982371623674062,Alert
774,25.8,0.3134209681985043,0.2319656591853542,0.1708310267277961,16.62050991918819,0.0164729407067387,0.0679932268198702,3.674836213847158,3.4838485807329773,0.0091803502157185,1.1692459049734816,0.0447565908151667,13.616912594769994,Alert
1220,40.66666666666666,0.3314868764742252,0.2538702826705531,0.1925464523479859,15.418326192466573,0.0897765768036095,0.0774568794108653,7.847622323290542,4.441244256932223,-6.115339574646519,-2.1126162609515062,0.0432774280347291,13.062889238830644,Alert
1127,37.56666666666667,0.3117818796758427,0.2307616309388295,0.2877752059173907,13.75594826056481,0.0991428832824799,0.1240448654674582,5.9874095079902805,5.338684744626637,-2.326137089017819,-1.391619221252331,0.0368134284498129,18.949791431662543,Alert
5,0.1666666666666666,0.2830369502408143,0.2548054527061852,0.1661808368712063,16.642805565547288,0.0637447315827384,0.0447391968927453,3.326374701724581,2.810209923486988,-1.1552468412489496,-1.3538440006119177,0.0522335257768173,16.187086001705087,Alert
3052,101.73333333333332,0.184122068723431,0.4344888464991298,0.4331594890946947,31.72953427976029,0.4109457442409172,0.6549687019009196,13.186375784027016,9.787059328073935,8.519524746434255,2.3476954915894366,0.2573070445071737,75.06640669401412,Drowsy
1596,53.2,0.2446494854373704,0.3621821818439794,0.2855930108530422,28.893798397328837,0.1169200529908619,0.2015784879721572,8.181620032255566,3.292025075212801,2.0293805871463864,7.209930075173345,0.1345465510737603,43.44898282676844,Slightly Drowsy
3125,104.16666666666669,0.1864219536141668,0.6675897384550694,0.5032798918856926,30.85002341925248,0.6018294257968161,0.4569623621220545,22.13816752789628,15.97210907521442,14.997510418727956,3.17251862450021,0.3671457426222886,77.50862337046769,Drowsy
2312,77.06666666666666,0.2449516055651925,0.4717842340712759,0.2371806839650638,16.024429203907644,0.0844491588401383,0.236248634768224,7.720312946275656,4.920327053114001,3.3636533425255464,4.90708160418621,0.1736766148816835,42.102986807011405,Slightly Drowsy
3041,101.36666666666666,0.2142936736800327,0.3207701091819056,0.4060136816863504,27.81560872851402,0.4585850580452856,0.5124515599811859,24.952531321538004,22.52217175338254,9.853023912896452,4.2776767801417,0.5058280046205454,77.20686446151112,Drowsy
3852,128.4,0.1296942633462966,0.3689832666570324,0.2877752059173907,5.888289991714324,0.1882837016572616,1.5217363023129191,36.45390356252008,30.8776769809161,16.455326113282915,10.231245853425044,0.8903097296282396,100.0,Sleep
2492,83.06666666666666,0.2161390446168526,0.518615415205867,0.427268315169534,26.558735722722584,0.5381806712644553,0.5081521465057247,21.751038947382245,13.743731512179185,15.935109303856215,5.503619798444216,0.413153136855767,77.62570479950229,Drowsy
3051,101.7,0.2278614092382562,0.6095500480447231,0.4585957095875757,26.203758080433403,0.3977291389040954,0.6002045615466345,24.691342373846854,20.92678667397802,7.901312008556057,10.454724112466534,0.4167475517880599,81.8070069910247,Drowsy
1078,35.93333333333333,0.287250586140625,0.2000866477884736,0.1735970190873622,15.17132814226281,0.0560907750323,0.1046440847482782,5.836176799731764,3.093431685449171,-1.6915449955795798,-4.650840308279361,0.0352537553160956,15.726145280554434,Alert
838,27.933333333333334,0.2739265773438081,0.2886545008238065,0.2065973847827295,10.371934252747105,0.0130292638961971,0.1042635837678318,4.507187323724815,3.3322293005676,-1.8518571206366612,2.404498006722342,0.064130714469086,13.552600732179016,Alert
682,22.73333333333333,0.3006449045411775,0.2589081493384905,0.1800534912331382,11.351970729067745,0.0299895593365329,0.0696776671625713,11.0829566903523,7.311390574572535,-8.32144481980175,-0.3592394428112665,0.0745138758562954,13.103037182913058,Alert
1716,57.2,0.2554558677257196,0.407916635734257,0.2286977322797885,24.837082406020077,0.154487611752846,0.243834938199073,8.893109978456591,8.17095172088258,3.1618864739317782,1.5249350772729464,0.191037117183726,48.75805951958149,Slightly Drowsy
2353,78.43333333333334,0.2553959814911598,0.3318065048747333,0.2356295008837086,20.98556037562945,0.2146588479228072,0.2099870011195114,14.640220869130584,10.69608660799094,9.22923647588631,3.8407020768933897,0.2006842550803763,41.51417008310117,Slightly Drowsy
3414,113.8,0.1628515716868724,0.3804751003923803,1.0074349678599397,5.810348782371396,0.1539116680557238,1.7934853260709165,36.03760573650449,27.17494675469576,15.241475604284414,18.108802210615544,0.8164394656503473,100.0,Sleep
2618,87.26666666666667,0.2291422924279573,0.5601632937340146,0.3470976489232352,12.459906625655051,0.5961471472766063,0.4514086458739892,18.78336057754404,17.50143641302098,5.145534261919605,4.476364063213608,0.3864308106699613,70.10800235783218,Drowsy
2362,78.73333333333333,0.2275908203512307,0.3657646134785096,0.2881663824096818,21.745379905418755,0.1111897647214162,0.2453339197441317,3.523033654661511,1.0991777962576237,-1.9330759617937796,2.7325430701137967,0.1294306407262244,46.99807234912626,Slightly Drowsy
2198,73.26666666666667,0.2590457433156695,0.3916004161429929,0.2579410435488206,16.775370884328915,0.282543900367952,0.1552021891769115,9.319109400718895,7.949144717653571,3.4720764050772708,3.406109763010188,0.2460493588682743,59.62073387636868,Slightly Drowsy
1149,38.3,0.3254939520985035,0.2298252626962096,0.2378780998986384,13.743081346281,0.0441662226811124,0.0606920757973415,5.084137779810174,2.059865956123153,4.160879670819842,2.071832418864068,0.0570887550228111,13.757644649202533,Alert
3262,108.73333333333332,0.2291041048042807,0.5866424234164963,0.4190777198907442,29.648880053608718,0.3188565129209774,0.6328986612501025,26.35954214014381,12.699834027131947,16.73488765584704,15.921156134762867,0.3384345960120564,73.65257786802889,Drowsy
575,19.166666666666668,0.3475332541222388,0.3050719028189144,0.2497409674297025,12.677633093188252,0.0882921929037412,0.0778781872931716,5.14241667608171,7.843510981818261,-0.0230669871641084,-0.7757515637249391,0.0661214440774325,10.198411684903435,Alert
51,1.7,0.3221647446868225,0.2745512967612772,0.2150334618497942,14.636052108253033,0.063504106483008,0.0717624606775506,1.707707802404877,0.7809844398187662,-1.297674563458863,0.7889042847565937,0.0315803103835947,12.59843950171528,Alert
854,28.466666666666665,0.2948671218500691,0.2546891046409713,0.1909981874104141,12.01070584119847,0.1198596252637848,0.100543020717863,5.0466500392856535,4.020898874164271,-0.3589767074194504,3.0285614714409674,0.0356398873775775,11.79795165297952,Alert
1983,66.1,0.2292205303257047,0.4112703285375643,0.2485633774876197,18.010240548224367,0.2654305573365976,0.222966568334554,7.570015845263581,0.9671011750434592,7.420006538840889,1.1460184022648587,0.1650358188974432,41.34177635272458,Slightly Drowsy
2775,92.5,0.2026202506479154,0.6915026384104714,0.3840819816593778,35.89557668903377,0.3773053012709935,0.5378781949278822,20.2119165519692,18.86732832834325,4.704208502092588,5.515062540271197,0.4957641335534966,87.02181555281695,Drowsy
1824,60.8,0.221806414106807,0.388671689584399,0.3150389535165032,24.76102475548244,0.2887021328245786,0.249645372800592,6.055624171483537,-0.4500657308942575,5.801647839717866,1.6759795010761032,0.1501030301603825,43.23741865683418,Slightly Drowsy
834,27.8,0.3466999444514743,0.3128639314046677,0.1780836650150596,10.864943368928708,0.0100425449501763,0.0854526702863882,4.361887040682203,2.855563948560864,-3.296038120303155,0.0891392217785432,0.0526244871394356,7.247614737633411,Alert
3426,114.2,0.1178861734762324,0.3647413930833215,0.8534226843389496,4.403262734212436,0.2863835326099668,0.20907870799801132,29.142829430042674,20.38089061588105,7.8693061666281405,19.287245146674564,0.9274949475043606,98.90332533162706,Sleep
1116,37.2,0.323655369909439,0.2588348396677583,0.198886750981975,11.786683919454848,0.0190945244138759,0.0395799535824751,3.429577340673449,2.424861777628707,-0.4827148148297962,-2.376769341480142,0.0438759742753418,15.744458362156124,Alert
1167,38.9,0.3240813906573041,0.228622863782642,0.1937748394793567,11.24964395932241,0.0875681140664818,0.0665757784973222,4.525886715383816,1.5967864158471374,4.116836740339725,0.9927632930576904,0.018410521608509,7.084580768128247,Alert
2519,83.96666666666667,0.186993990407711,0.5382769935789083,0.4353459856325782,24.286132828800252,0.4127458295436514,0.5391243907741418,19.715110090777653,15.829011910280848,3.1517981603088057,11.32228405368563,0.5640464925577674,83.40691665912819,Drowsy
1907,63.56666666666667,0.2478403306650946,0.3670090015500796,0.315908862738377,25.252590555226615,0.0,0.1891111131290921,9.551762383205654,6.2150942299618,6.677010256504648,2.833072955723136,0.2087673352379714,34.339540511622225,Slightly Drowsy
972,32.4,0.3223837568583195,0.2737129369546069,0.2033739187676505,10.056929072701248,0.0159920901674137,0.0472350868181093,4.006886576913004,1.351008195476825,3.6342825108972914,-1.0108944193070544,0.0297863212360869,14.959356358551576,Alert
2702,90.06666666666666,0.1646036648785054,0.5016953322302493,0.349823175519141,31.205399197017115,0.4115795712949449,0.6985155563709162,20.7410482287194,17.971035553823874,10.355045167565375,0.0774746858213442,0.4501403840195366,75.1788953195882,Drowsy
400,13.333333333333334,0.3346324859129084,0.298020925862673,0.204597757579057,14.810850525037171,0.0286909800713238,0.0967932772886237,3.600315105601052,-1.3937938496048377,-2.70201414753744,3.289651897105,0.0616011211827862,15.310830625437776,Alert
2560,85.33333333333333,0.1976318806536336,0.3894180600659235,0.4944904042418995,31.45449950582628,0.4767065322829965,0.5383241044665285,20.583363590069588,7.44279851438877,15.836738884552158,10.838694961005608,0.5205059683216269,84.9711837721154,Drowsy
2369,78.96666666666667,0.2744478687530114,0.4410466392666558,0.3106687313048112,30.81766476935266,0.1540197613434069,0.1666183779026918,12.954180513789114,12.142705026606732,4.491329278385347,-0.4398508085382024,0.167357481134502,42.68144748489853,Slightly Drowsy
20,0.6666666666666666,0.416318287266368,0.2999811678742609,0.2140669692054179,17.429845700042602,0.0760556500522319,0.073694615107193,4.559557868949815,3.8974230512331687,-2.3184756436127154,-0.4736372134800177,0.0302927290434179,11.439525694343146,Alert
685,22.83333333333333,0.3181723174497765,0.2523230178320126,0.2104781167069067,12.991550635078294,0.0,0.0390105102866063,5.477025394261118,5.152123799998274,1.8499919294133549,0.1759470942583379,0.0311945072629839,9.67740034537901,Alert
36,1.2,0.3237598446619052,0.2919614591522006,0.2362851251764765,16.376059595465126,0.0269238537735038,0.0620317065730328,6.287742122021381,3.2297979287662644,-3.9606996210619263,3.662917531708708,0.0635888024144257,10.201893747067826,Alert
2951,98.36666666666666,0.182775148772435,0.3499225871615018,0.394160953349128,27.421671292007364,0.4614600162739011,0.631933803039557,27.719538771721822,16.85423432049623,21.24144145017172,5.754022967083404,0.449850175909109,72.69930464358023,Drowsy
3796,126.53333333333332,0.1305120611666667,0.2968825454733121,0.8795480775921856,7.682971900568221,0.1226456977309073,1.5205665228154082,25.696233065619843,20.160401853261263,11.040793817102458,11.487186895228374,0.8430901476124468,100.0,Sleep
2876,95.86666666666666,0.2117128718439486,0.6671555913470857,0.5097903229522701,30.22576345871119,0.7246171522352134,0.4191525369074677,16.864904883701627,14.577688993753815,5.074590838863441,6.794448333442166,0.4880130250659006,68.42424996671099,Drowsy
525,17.5,0.3226801990510033,0.2688403775576844,0.1987930401736183,13.800228868343623,0.0582030135693852,0.0475323494011751,6.882032516331123,6.721092349035642,-0.4927259550960956,1.395173940678398,0.0232781665956074,13.1496908051094,Alert
2456,81.86666666666666,0.1998488356879818,0.5887009259173539,0.3940348839081014,31.881271300158893,0.5924279005468975,0.5236943662110449,22.875425937282937,15.561109842457292,15.04678565060085,7.398054735399575,0.3910774832919114,72.3696113924275,Drowsy
921,30.7,0.3825792947726428,0.2630605481139806,0.2009763731601596,9.980896723692007,0.0388154912038129,0.0774560123203511,8.771635168283323,3.1820376748195813,-8.167362422975817,0.3322812261566613,0.0170051708926421,12.290306703576835,Alert
1842,61.4,0.273347813574023,0.3602105260437893,0.3016149652372415,19.036883051641095,0.1505096039402624,0.214159075402547,17.31899510246679,13.624287979179895,9.719099438059496,4.457070173640347,0.1860573504064287,49.49368855737206,Slightly Drowsy
1891,63.03333333333333,0.2440814491958247,0.2969677942005672,0.3058432375055092,23.69162237519061,0.2556575760676061,0.1692771857814252,6.02055809170541,0.0574851265987339,5.869324518582596,1.3397182134257164,0.1443732746701719,31.68935018893718,Slightly Drowsy
538,17.933333333333334,0.2475121530032879,0.3384971651403117,0.1529587296030847,15.264338581181995,0.0465319545540716,0.1051523811271872,3.5750877846110307,3.0151403060702022,-0.7047728145629238,-1.7870301850385604,0.0559570140276427,5.329707556740235,Alert
2807,93.56666666666666,0.1901026350825065,0.5856697562490096,0.3709914899466138,23.57122248229355,0.5436969877960777,0.4873486668415132,25.212701904094605,19.67616786686541,6.460664323802904,14.380145057502348,0.191037117183726,81.27676822867325,Drowsy
1706,56.86666666666667,0.2169192899947859,0.4154685784729642,0.23443271502945,20.92420388105969,0.2995153539972899,0.2131203887193362,8.22940455948662,7.843510981818261,-0.7225041811804429,0.3897851604403981,0.2176502558667567,38.05246534006003,Slightly Drowsy
3928,130.93333333333334,0.1389759734229516,0.3257147229617092,1.083500683015158,6.198611911493636,0.2336931451583634,2.3417646663929954,40.80562264923952,29.207869292639334,20.13057876368301,20.168267397458308,0.8626999894237045,100.0,Sleep
3111,103.7,0.1636311229305581,0.43418702820727,0.5723075566041361,17.06245244269767,0.6477308766025001,0.4799672836972858,28.23506793440876,19.2735130182305,18.48269442315612,9.172827484315322,0.5404173363732713,72.99696655764004,Drowsy
3248,108.26666666666668,0.2065817753636486,0.3507643175493727,0.5836512207611684,28.96931399200276,0.5153122189710837,0.5887531769053554,18.48285860239672,14.818246363025594,-4.026029385748126,10.287211683734409,0.5339731696353732,79.40869071009962,Drowsy
246,8.2,0.3557841695457795,0.317861835468549,0.1406334241970578,15.55517497576512,0.1031573327814164,0.087736170413784,7.936233969059707,4.727451062964917,6.036811337102296,2.047419092213963,0.0449861719128345,16.095996542740362,Alert
3465,115.5,0.1307034405501417,0.3973949241172633,0.6723344489114449,3.204597023355596,0.0736261447009613,1.3438670940830124,35.68351635872248,30.546553812645858,15.69806146128406,9.684640223162326,0.8599358749546043,100.0,Sleep
3176,105.86666666666666,0.1575102531672114,0.6788322204587888,0.3633034968815693,27.163183594731876,0.614059989497502,0.680854971817918,19.346963478906492,14.03923496813584,-5.055111565837372,12.314654864045147,0.3525353579501653,77.8294588583576,Drowsy
785,26.166666666666668,0.3455490694169535,0.287392328972856,0.1698140953000204,16.402330446520654,0.0758761809302626,0.0663111919582763,3.417052639083435,-1.3194966836985773,-0.8655987020453886,3.030827630696418,0.0629297431746607,6.970606974223078,Alert
1410,47.0,0.2468848938283358,0.3556726919659698,0.3236391611047786,27.819720512128143,0.3040877354772497,0.1573454769846072,8.798484577005665,6.76564388389664,5.110098737905181,2.350805091231177,0.1955143017366238,45.60845258497275,Slightly Drowsy
2538,84.6,0.1845000581947217,0.4855522908224141,0.5371286168916697,25.430768202283037,0.3974151699666133,0.5631477422496669,20.809642321149955,18.145903303388373,7.047681927938812,7.355106136615493,0.5083358960197599,80.79465063688497,Drowsy
155,5.166666666666667,0.3231594894886603,0.34786251496704,0.1499900602618327,12.305637573687871,0.0705563139863566,0.0835916356387919,3.4698569082594832,2.876575248183898,1.4675613904429905,1.2694429371235398,0.0621939968391244,13.9529087798496,Alert
3010,100.33333333333331,0.2289474471132204,0.4642365127909688,0.3953360573967445,23.932914489620444,0.5213384251972021,0.5502504061366319,18.616199320084657,11.37182045213593,10.580543607485112,10.261416749143825,0.3374155911644879,69.60274095924134,Drowsy
1687,56.23333333333333,0.2422603180168462,0.4384620590642354,0.2499084471295413,22.75440972253483,0.2617218024700896,0.1996634533611454,11.954119566640513,5.957925228915691,6.904510085401495,7.728637788173052,0.1920234769855652,37.92389398475154,Slightly Drowsy
2902,96.73333333333332,0.2446494854373704,0.502916047475418,0.4728358715004207,31.33373039123463,0.6199795254979363,0.7658500605916299,22.43948400454935,18.637407938968423,10.16143109974196,7.2748048573209,0.4787085186002122,75.53677882317112,Drowsy
3360,112.0,0.2132231547281469,0.5600124063950963,0.4712764766603097,24.566733673076342,0.4584768848806309,0.6211026546582014,27.362734877619904,22.566960118185207,14.213574231481276,6.117669374306406,0.4126074545735801,69.20474987906942,Drowsy
626,20.866666666666667,0.297530004743904,0.2992855971079205,0.1579955379996516,13.247935109919254,0.0,0.0837398041944932,2.914593883744392,1.889316700388378,-2.1868777500994865,-0.3780285953649483,0.0436058976100688,8.73170599809052,Alert
2734,91.13333333333334,0.2111602443437892,0.5817378362143453,0.4678119301280778,32.98220159124106,0.5687806544613124,0.7785148572217706,24.148783932584625,22.80265786406219,3.162755813561861,7.29380116406807,0.4677954319643468,76.73910518235535,Drowsy
3857,128.56666666666666,0.1405041797230394,0.376548270153463,1.1407313612918883,3.4654931747637345,0.1307440281698251,2.039836113079869,38.10352313735427,36.52436361295061,3.633576059923149,10.229685389327264,0.715899246320344,100.0,Sleep
1347,44.9,0.3218657002454212,0.2580537221797555,0.1581128120033882,12.978950374671708,0.0215723203013195,0.0936723662387266,4.457123598928224,0.1626203079115555,-2.708730021143782,3.535857333679067,0.0592148002364807,4.127699599454568,Alert
570,19.0,0.3117161925228038,0.3295744127095102,0.2031971995999727,13.60540622539935,0.0623316825455528,0.0679922861425778,3.053014338041476,2.349134223913377,0.22001023433441,1.9375397913627064,0.0593435624487789,14.208401099066828,Alert
3932,131.06666666666666,0.127546625278383,0.3636948545967303,1.0826795525731483,2.2638577513502405,0.145890456359928,0.20907870799801132,34.7689758260124,27.02425408583184,7.60755879078218,20.51088541089898,1.0,98.89428191549064,Sleep
1759,58.63333333333333,0.2381671271947295,0.3596381343275232,0.2671103538465711,17.405871064965584,0.1938405068689329,0.2505966357988921,12.96818641800587,10.51097951156948,4.927171050503699,5.780670732587768,0.1376192566122329,38.61741819792902,Slightly Drowsy
1817,60.56666666666667,0.2351450885780584,0.3083485577482527,0.3085494087864544,23.147896366652816,0.2770073586276642,0.2205039804509119,6.967657644571257,4.364109469309409,4.30440966587435,3.312832476924193,0.1432336536610399,33.15157971909418,Slightly Drowsy
2066,68.86666666666666,0.2663397028628657,0.4072630038947069,0.2861855983450539,19.471832316524285,0.2352843290252516,0.2194793883063545,11.976112310181374,9.358805366226084,7.461613080008957,-0.405411429803054,0.1596028301853703,29.295778160920005,Slightly Drowsy
128,4.266666666666667,0.2957096490372337,0.3220144867780549,0.1602931716308581,11.38272254329515,0.0714661101010914,0.1037140830932599,5.063602858222673,3.797383276662667,2.988143057417449,-1.5135901771389215,0.0115637866651631,17.99510604373225,Alert
3395,113.16666666666669,0.2162702819983492,0.4557384959411091,0.4722268144220426,31.40136250109821,0.7161043712065263,0.6471769468897978,22.29197383115521,20.862147231988622,6.173608221100041,4.856899390774341,0.3602994780409224,65.84788074133962,Drowsy
3328,110.93333333333334,0.1977734240073326,0.5767234279322115,0.3716291722324166,34.74570466468752,0.6021371981421005,0.5182359535153573,24.80661479974472,20.118387508139875,6.440115028379303,13.005519609630303,0.5110709021275524,79.28770798944433,Drowsy
3994,133.13333333333333,0.1451516909483289,0.4190737131054459,0.9614387359435632,5.86106893050298,0.0531276878333157,1.5319648550209015,30.919585909340206,24.13826762866376,11.540575382387791,15.497740110593467,0.8413652719494956,100.0,Sleep
2007,66.9,0.2431162189634045,0.2537273201027928,0.3032866798694939,21.56167849849644,0.1217285647898117,0.1777488374051836,12.735355926113655,12.020488607556803,-0.549360802440618,4.1707729390530295,0.1887183270254961,38.518612991837976,Slightly Drowsy
2976,99.2,0.1957645698092202,0.6508703997068713,0.3485815892607068,34.28212397573608,0.6632992069853386,0.7104347433793773,25.57731551991864,23.55290158754368,9.405710884745933,3.3154937438525653,0.3978562969745173,63.9440358581733,Drowsy
981,32.7,0.2888359508460143,0.2229126331181757,0.1577651199409551,16.019348889960376,0.1132135908329187,0.098331352275554,5.8104140440079926,4.64356821778534,-0.242446719490673,-3.484164915411928,0.0308955883823458,10.792130616935244,Alert
3990,133.0,0.1502403968392872,0.3257077293895938,0.8856680210339458,4.272978201714834,0.2265115462980536,1.9007489222073832,44.44566273503529,36.01822158834313,24.955132170887275,7.439491105113637,0.7892678902112374,100.0,Sleep
191,6.366666666666666,0.328168619115058,0.290516602586379,0.198666214321302,11.152917205548077,0.0915644714968107,0.0784847142692908,5.788870731808117,3.6762015431030313,-3.215571699120466,-3.1075175320321287,0.0563577931605005,13.514070250316806,Alert
1140,38.0,0.3205125432341917,0.2800111514012774,0.1632815607115633,14.67521102836941,0.0935236985283435,0.0659368707548837,2.869345934566973,-1.833480222296826,2.109654764570232,0.648731948487601,0.0175960239711764,8.145002144958461,Alert
993,33.1,0.284091188574021,0.2992544968426258,0.1559912015517787,13.955180079375504,0.0485831943723396,0.0694586776352045,3.40793100003317,-0.5591493653267863,-0.8570596442767907,3.25066061815039,0.0127664993907273,18.314545109415057,Alert
700,23.33333333333333,0.3150976697330765,0.2943389870311292,0.162090192347372,17.73250776110801,0.0435947944160825,0.0923672113251933,7.022630010168762,5.639001198143245,3.094961323725525,-2.817838205381049,0.0488979179001976,15.656670453949925,Alert
3658,121.93333333333334,0.1456823833385616,0.3737784563798795,1.0701637758740346,5.373294488362284,0.3073857569196151,1.6471054404760397,30.959988350191093,25.54750569184004,13.296555163892435,11.359905472447137,0.7501074852884932,100.0,Sleep
607,20.23333333333333,0.288662349690706,0.2724765806672367,0.1915724990454508,15.756649996248264,0.0596350702880163,0.066686130702129,3.490712456366792,2.9225410945629178,0.3728570845525521,1.8721123358720324,0.0555387340586303,12.272631211535646,Alert
181,6.033333333333333,0.2957085816364678,0.2317133642323874,0.161198483262301,16.155983680956897,0.0881250018150434,0.0902617084019458,4.310561101408258,3.812739467119993,1.548534861344875,-1.2829631904459045,0.0486384508934788,15.112194724627711,Alert
302,10.066666666666666,0.3312368478208077,0.353011646733799,0.1495572152044244,13.096343083265037,0.0666578415240581,0.0789219030198852,5.750231080131706,-0.4557589509432862,3.365573568691413,4.640081444034519,0.0439226291804781,8.142540688868985,Alert
2545,84.83333333333333,0.1993811252546744,0.7620351794126492,0.4687842667205925,30.55048606556745,0.3869884905871326,0.488591568487747,24.310849527424956,20.598398502579887,9.494633425518504,8.750732540138543,0.3828454371000064,77.20704993058524,Drowsy
3706,123.53333333333332,0.1544540267718427,0.3662304067828376,0.8724649897945176,5.971096076798946,0.1832044911628082,1.4048905974778547,35.007476936768185,28.41107265035085,13.653258054203532,15.229016279463638,0.8384365612241014,100.0,Sleep
3721,124.03333333333332,0.1532377744881938,0.3448981654188239,1.1163203513975395,8.458854939064588,0.2020314663796509,1.9356532494740104,33.275668685564426,32.29627419767354,3.6258994690163657,7.146583271796816,0.9126633110248288,100.0,Sleep
1061,35.36666666666667,0.2979545375253645,0.2593074533265169,0.2264402466245607,12.428893277111634,0.0540569185695863,0.064925847102765,4.417810320521224,4.106935075247567,-1.6161788410393236,-0.1951877803088285,0.0063323573391434,5.183445102526102,Alert
3783,126.1,0.1251131049868868,0.4034739672110707,0.8475732373629927,6.638466418885094,0.3219874718857948,1.5737991271117893,32.124672951293,28.49196354658072,8.702636455814845,12.019431941892012,0.8177844774931506,99.913963771054,Sleep
2566,85.53333333333333,0.1921187687759717,0.4398185204437612,0.3869628402694599,30.782696142280148,0.6557996378090857,0.5172883843709384,20.3131535414086,15.837602133768105,4.87811172031478,11.747280174297032,0.4421697038759135,77.49290655943783,Drowsy
1070,35.666666666666664,0.3260612545158955,0.2823872373910993,0.20453976297772,9.65578450438664,0.0534137582208204,0.0785990711254407,4.379052999626323,3.813547067894415,-0.5631048176221106,-2.07746886832534,0.191037117183726,7.50490887712834,Alert
2525,84.16666666666667,0.2107910692649356,0.7043436151291892,0.3964520153551291,29.086614087108195,0.5985761636727743,0.603417885495355,26.44423921584205,21.846458803580063,10.997828969513044,10.05374474539201,0.3761968444913394,77.18002830227476,Drowsy
2206,73.53333333333333,0.2418106388284389,0.359223092063174,0.3505260845859992,24.115865304353346,0.2874000643404782,0.1632522255631975,12.6868928033656,10.835776516626511,6.55608190187594,-0.7489902413984195,0.2015916293348439,38.13147947393138,Slightly Drowsy
1244,41.46666666666667,0.3192164711832569,0.2724917667382432,0.2059761776575303,13.115523172144217,0.0534135910317957,0.1081886884810182,5.530999823378385,2.048047130543176,-5.085053378925923,0.7346387756983933,0.0260741284189521,14.985357690647184,Alert
3244,108.13333333333334,0.2042081293925602,0.4387658216333886,0.3820665019528331,30.778933918179696,0.4868205311073745,0.48846372812339,22.544256004569235,17.096948304828533,9.017015017964846,11.603071904774747,0.4046151611217852,80.17469076689738,Drowsy
17,0.5666666666666667,0.3203250472969476,0.3308736927005061,0.1720602950028613,20.800422916474048,0.0750266939106002,0.0628568488716743,1.659337611322322,-0.6772312451527807,1.447417245729556,-0.4469255706517018,0.0542800098818418,13.70979555772427,Alert
3121,104.03333333333332,0.2162543924070138,0.5861543837997097,0.3290401498988134,30.76965102050192,0.6426968814432459,0.6893696750847766,19.34877999357059,13.250561219540526,9.660384163812235,10.270097001215328,0.4030712411302272,78.66987426542515,Drowsy
3997,133.23333333333332,0.1177556326219686,0.3971448357689663,0.9739315371168712,8.616257185707042,0.1741646005861979,1.355948683001064,33.21502678054209,26.45537030277952,19.20144617488161,5.886922028366271,0.7370912885046844,100.0,Sleep
547,18.23333333333333,0.3119710240323574,0.2245031002630642,0.2142020353948548,11.9072746659624,0.0476511829158148,0.0889307301388142,4.235323737811603,2.499026046006957,3.2825386425644263,0.9580062867855178,0.0227738084060578,20.06863669368438,Alert
659,21.966666666666665,0.2966723480703223,0.2451073930759255,0.2006461591935864,12.890982924481534,0.0158470764998249,0.0671363331594594,4.202314285514482,3.747382679293553,-1.8871135836108328,-0.2353098632043281,0.0403005550057419,4.210506454762628,Alert
3621,120.7,0.1392759498382495,0.2656676067399106,1.0283427566538017,4.120329654344001,0.0549249773631439,1.988501833389952,42.49750945377292,38.70026902861657,15.514843293689728,8.222963240734508,0.7963551591768776,100.0,Sleep
3068,102.26666666666668,0.1746623933956091,0.5212595465307144,0.4346508700280281,29.280690460063703,0.6499595102156948,0.3585418034515943,20.034020205556143,14.64543224404262,4.216670864095358,13.003575154767162,0.4254140374653328,71.58749719761379,Drowsy
3664,122.13333333333334,0.1227973641493993,0.3462388286534657,0.8794696086166803,7.214456116849464,0.1466179038887622,2.1454785830865224,39.709933307293255,33.018739535069564,14.220447216387656,16.86477167799329,0.9457077510530976,100.0,Sleep
1505,50.16666666666666,0.2260566681461954,0.4436494851422476,0.2551546080481504,18.699628196425827,0.3181898048504689,0.2404438802234796,11.48973384003936,11.459208751433785,0.1998324789367336,-0.8127641025359016,0.1853266595745082,43.66973834987212,Slightly Drowsy
960,32.0,0.337812611052304,0.2558734826171975,0.1376859775076167,10.755679060796918,0.0,0.1001917193578238,2.0371754729732143,-1.7864337726463917,0.8221165219479096,-0.531848388144866,0.0379470285309873,16.482122613511592,Alert
2927,97.56666666666666,0.2397513398611471,0.6528309054562671,0.4183856657756588,28.39536105248772,0.4913762725483614,0.6010456730791252,18.17657592100117,13.728928161410597,6.74096070113906,9.821603360777988,0.5417701373112486,81.57664366028042,Drowsy
2332,77.73333333333333,0.2750455989103178,0.3172745261135032,0.2108975584945465,22.52069622237296,0.3484783137445132,0.2212394731744801,19.35127219469044,18.25380968674492,5.3282364837963545,3.588880528220226,0.0937854931576833,42.96692838306747,Slightly Drowsy
798,26.6,0.3246864845522227,0.2818360085411305,0.2033948592226515,13.062227512641089,0.1127407594189021,0.0642390475353398,6.273529735663481,3.642322665855221,4.301498515979534,-2.7545909785442,0.033133296482951,16.326082969245135,Alert
3349,111.63333333333334,0.207441865342294,0.569305882772503,0.4527051601839206,26.5730228372511,0.4975138283406322,0.5352583276285693,28.76483737059337,27.121891952395497,3.7488687102029177,8.818436895103963,0.489791417493118,75.05646697189837,Drowsy
226,7.533333333333333,0.3380390626281536,0.2719196769154331,0.223597819899631,10.65348550069188,0.0777167449212644,0.0678827835848221,8.817738522554784,6.298444765518242,5.977546059504356,-1.5333131755666958,0.0290088572818284,15.263570480841253,Alert
2075,69.16666666666667,0.2312700337323447,0.3126986127005193,0.2863426678187444,19.863396069952785,0.3726415208685757,0.1576948427906077,13.807181760698178,11.902263404000918,4.879011820510197,5.016935089280972,0.2098407837894348,27.94255379006378,Slightly Drowsy
3355,111.83333333333331,0.1914439319973482,0.3380551724932261,0.4596182555764011,24.63823295677537,0.560561365859192,0.353372590509577,28.1856644379826,17.866218320055292,20.192027837400964,8.216564644929308,0.3857722469064621,73.90980163318872,Drowsy
1800,60.0,0.2515238484289744,0.4046736447212995,0.2592023265031117,25.575805548692784,0.2047723652005667,0.193477548810921,10.088235517274391,9.646403116613136,1.872496828390924,2.2832341954908677,0.2068066904852185,41.105509030292055,Slightly Drowsy
2486,82.86666666666666,0.1876869624695349,0.4982257632958421,0.3984500411364312,37.09978686472872,0.550491812494063,0.5657771311253669,25.051415061516195,21.606095239309703,2.707834104357966,12.386189065144894,0.3974507708448503,88.18486435190844,Drowsy
3973,132.43333333333334,0.2446494854373704,0.3449250471508172,1.0786515140944428,6.852713720786761,0.1486698062275601,1.375410986357402,32.46144240235244,23.70954478839007,15.22705502890689,16.116436452119675,0.8487112566427415,100.0,Sleep
3437,114.56666666666666,0.0996872201373202,0.223732401292993,0.889779617827838,6.255818324235593,0.1314149982430535,1.602197341687563,25.892512052027985,19.656014314472387,0.7744645670494812,16.836373904972998,0.8317919016168411,100.0,Sleep
2278,75.93333333333334,0.2857976863110171,0.3507643175493727,0.2745176473834519,23.063656307332792,0.2253481870986631,0.1984045299053159,10.061284410114464,8.54330406972916,4.832907448614254,3.289651897105,0.1321897280246542,37.30112406910517,Slightly Drowsy
2086,69.53333333333333,0.2470973083395731,0.2918267491907269,0.268902059625961,21.0177688224029,0.0029052700875549,0.2212254065497804,11.364467582416797,6.360585816615378,8.727585811087742,3.5388299494852062,0.2094243428126219,47.602889808267065,Slightly Drowsy
1694,56.46666666666667,0.2577642998318215,0.3500771780227982,0.2068362234431513,16.122771684811756,0.2780085714631047,0.1707046901761968,5.606401530269235,3.823762667424029,3.857445756273325,1.3894925042001531,0.1840019451111098,38.944347032692896,Slightly Drowsy
2798,93.26666666666668,0.1840769965345546,0.5210699530430494,0.5668492568056286,28.79734894443336,0.5844032625314979,0.6667268538967428,21.51690565821028,15.493777503576691,9.796236268592487,11.26737958639432,0.526723156189484,59.64334005065342,Drowsy
1046,34.86666666666667,0.3185624257801271,0.2633580340583695,0.1600850069152292,13.397341943835547,0.032638665827056,0.0910725481871646,4.336180926655052,3.0507745437130107,1.7754035734350473,2.5185674228723367,0.0772573824280035,12.594595616332391,Alert
3447,114.9,0.1302553040593442,0.3317208783094149,1.0503201253046357,1.3711858174021936,0.2069511078439198,1.163785190891443,32.79954857384817,28.63538774954794,9.037573184621108,13.196485365955692,0.7276487394578053,100.0,Sleep
470,15.666666666666666,0.2917455317628829,0.2895553751123035,0.1177607988736089,13.770108043489335,0.0506410112918064,0.0958920076589042,4.694020541955787,7.843510981818261,-1.5107088567231524,-0.301228029259866,0.0246775833877865,7.541743798462505,Alert
955,31.83333333333333,0.3023561109443201,0.3507643175493727,0.1353787666078806,14.218012480093169,0.0998921460265871,0.0827098274463352,7.259242525808934,5.853302862003302,4.001994557630775,1.5554700944957092,0.0414937168527377,12.275813661996464,Alert
3993,133.1,0.1425492234491426,0.3160258568229793,0.9358599278370344,4.291244323609743,0.1962879476406143,2.429949888103728,41.79060350040304,37.67691607219433,9.185903146368403,15.573173074305148,0.9717809859122312,100.0,Sleep
2736,91.2,0.1676955501395142,0.4557836236048513,0.363229151594283,17.429845700042602,0.6297031924328311,0.6053875900933228,29.780966919591524,24.283752487732915,16.203854903779725,5.885613140326491,0.4413349980527599,75.80118628665909,Drowsy
3866,128.86666666666667,0.0984962415456457,0.3786806698450787,1.1841201735245137,9.04277619257164,0.250811596397485,2.0905038872922588,39.2338540038949,32.06287029267892,22.063748625419183,4.945568237129089,0.9291830335123108,100.0,Sleep
640,21.33333333333333,0.3280626165072476,0.2322562902163574,0.1640436674913201,15.252293322714644,0.0107070291089289,0.1121071192472361,7.16264625509265,5.059840860594726,-4.714259995014901,-1.8647424863639743,0.0,8.162399154890746,Alert
3724,124.13333333333334,0.1577798575697789,0.2615244254368412,1.044675618824317,5.830410480687804,0.1459747323523411,1.9057428777754108,44.52917214556084,36.48539287816938,15.855511355125971,20.006649848540096,0.8537121624361343,100.0,Sleep
1219,40.63333333333333,0.305373420715085,0.3210844707128346,0.1484535732497951,11.55561399739488,0.0479367497113768,0.0645621924962809,3.034048161928292,-0.2125715806569967,0.3152279136248849,-3.010131713807409,0.0198407553017272,19.80596771448964,Alert
1159,38.63333333333333,0.376852339228581,0.3507643175493727,0.1335239266455648,17.760532251713073,0.0977296910056572,0.0743757507542342,4.81883379114313,2.766742355074594,-0.0448322382632227,3.9451598088938646,0.0240741962201581,11.901204618492375,Alert
1416,47.2,0.2557203161526925,0.3175488283958982,0.3386151770999407,15.715353727751893,0.1016663173185346,0.108021779053204,15.06646158485522,13.303658187887669,5.329385485888014,4.648504474621237,0.192040049356739,44.48535449198162,Slightly Drowsy
3987,132.9,0.1333656944182623,0.4467915456341136,1.1359086330574286,7.119082517896025,0.1676219177387228,1.454293981751615,35.062939172732754,28.64509357995897,11.473733346686826,16.649977787230736,0.7368746714027852,100.0,Sleep
1528,50.93333333333333,0.2400007500558273,0.3955523051272651,0.2331583584135274,29.49339603715624,0.2011533250108439,0.2019539357283794,7.591645797219119,4.666741824647078,5.986951027102874,0.1049954836944202,0.2665957035640582,49.344494571207065,Slightly Drowsy
3918,130.6,0.1220649447920706,0.3297848102896628,1.0773883458725462,4.705427813192165,0.1492396281457281,1.4736712517908603,38.35109578872999,30.479192289452005,20.718112890427868,10.610616562596125,0.9011949211065804,100.0,Sleep
1301,43.36666666666667,0.3235821667970506,0.2535126871542696,0.2242636239312688,10.383107234178835,0.0366090670118069,0.0660776589730739,2.1215105453761223,-0.8988388761262218,-0.8400726987653087,-1.7283441583479298,0.040253089282973,11.350261777301908,Alert
3930,131.0,0.1243274761261303,0.542946136227225,0.9879454901092638,7.419737975595659,0.0997339923030234,2.242610147991104,35.665749355483165,29.82483113319942,13.128245285186932,14.497389444181096,0.7466876560030937,100.0,Sleep
2849,94.96666666666668,0.2258508531147363,0.5512567255270783,0.3973640865195941,25.607719285923046,0.5255773122738299,0.5778668456197661,21.00588482517415,16.4775735924513,4.849674796592945,12.092039536865748,0.458010012165187,68.06073012656287,Drowsy
1604,53.46666666666667,0.2330386614622916,0.3498421816833109,0.2924074606731482,23.90332328860841,0.1280305073963368,0.1754323832749803,8.523541965851258,1.21472903169464,4.120935210869343,2.1459538330742096,0.1986528659673316,48.77645423101897,Slightly Drowsy
161,5.366666666666666,0.3609991132342848,0.3059744621875163,0.1822630091670477,9.99508547025708,0.040157500474802,0.0631350680936761,7.450152281019305,7.427356793744535,-0.5276574372970099,0.2464096135689713,0.0510297075208093,12.319321945135664,Alert
1705,56.833333333333336,0.2777356131457042,0.3258628577597882,0.2918633534860321,23.49298769124287,0.2556214000201789,0.2450912449372828,5.90643085269067,4.489576329544785,3.543318928958077,1.4746256360496373,0.1778955250657449,44.075938959623095,Slightly Drowsy
957,31.9,0.2917914607433554,0.3245369165797066,0.1331948752461016,19.293310360927386,0.0335495827806606,0.0829123399365378,2.7743328405978502,-2.7300839312141747,-0.1864081994079255,0.4569643554363835,0.0382767579180101,9.395787774800878,Alert
3235,107.83333333333331,0.1945357051678409,0.5655015765968402,0.4830567704350708,28.90010532549966,0.388588166144495,0.5672005827201522,30.784922728923085,27.269823430249176,11.44535235087918,8.548222451072657,0.5492026360523578,72.52092204083587,Drowsy
2870,95.66666666666669,0.1785147101640645,0.3460353184802034,0.3876862746830193,29.901338848258835,0.7229738684090707,0.20907870799801132,13.633208587022327,11.932050548319442,4.720476384969581,4.605176303742729,0.4115807978904632,81.70733991978918,Drowsy
3906,130.2,0.132467785480932,0.4263987304491874,0.9327223814381196,4.9544289822537,0.1942916627389174,1.4541798510071944,37.54347803090362,35.64176396818822,10.95105593713082,4.38768478297316,0.8136196827592248,100.0,Sleep
878,29.266666666666666,0.3192795849602844,0.2910240155044366,0.1864494845236364,16.808568217739406,0.0770797638950021,0.0838572368630038,6.480400887021757,5.7960550766304495,1.2608055871696844,2.6099253775808378,0.0521388521677327,4.884201111454108,Alert
1920,64.0,0.2604205737866281,0.3735378261774921,0.23358506195728,25.76425007395723,0.2097240066228123,0.1618014385742799,11.173411417920796,0.5066231115656779,6.42666605395952,9.126139335328752,0.1393898290661487,40.50156744489029,Slightly Drowsy
2962,98.73333333333332,0.1793539214096276,0.640039691332367,0.3998264743099107,20.12977829550544,0.4886027374102501,0.20907870799801132,18.17603425588277,8.846136175581687,15.719861858596069,2.2360767385636846,0.4123161452709319,72.16528638568299,Drowsy
1885,62.833333333333336,0.2352760583123465,0.4095523523463725,0.3264760451982602,17.429845700042602,0.3630913540038613,0.2506721443377334,6.560163381897945,4.215971956936953,4.566552512542602,2.0995052287876623,0.2611635943979626,48.07800616309866,Slightly Drowsy
2201,73.36666666666666,0.2294445216417229,0.3276656573468304,0.2269646369218524,20.61700961980825,0.1429400697532822,0.2150245550858263,10.659330747591946,9.077386452394103,5.040594307113768,2.4113888553162277,0.1695028961723074,35.633089796094666,Slightly Drowsy
99,3.3,0.3575189947658578,0.3097577609739723,0.1695404359677642,13.126855739203927,0.0371345979513047,0.1215349596712168,3.8264121158387656,2.9548386305788834,1.2901249415732088,2.0605669080636844,0.0447757831805302,10.64570995832338,Alert
3793,126.43333333333334,0.1251431451342799,0.4050567017498717,0.7458215381962323,6.357182844991352,0.1645137376049027,1.7413252769853549,32.0169000703794,23.97939461824148,15.681658469052197,14.2883208082446,0.9285394672985198,99.78624640222444,Sleep
2558,85.26666666666667,0.2024295371939155,0.3942088931830673,0.3826249997946719,25.56589550045587,0.4594004178248261,0.6752810945383652,19.750834903017356,18.035070919237494,5.327971914160709,6.036920703987842,0.4046875841517053,72.43564479776934,Drowsy
3184,106.13333333333334,0.1873649142185365,0.5055384714184551,0.494942948635337,27.40825794367732,0.4174031181163397,0.5611574055052281,29.812042112304987,19.928375084192005,18.237331154032184,12.610213074637889,0.4354755117552292,71.79501951666576,Drowsy
3299,109.96666666666668,0.1925478542878533,0.6642688872270892,0.3356233535850761,27.33080994901612,0.6253324810872625,0.5964169500344385,23.151098185355064,18.35092999889181,12.974581074029189,5.556704177582844,0.5752957098733098,66.34468673021206,Drowsy
254,8.466666666666667,0.2939488896939224,0.2629478977581775,0.1694423604655047,12.075009834506355,0.0,0.0708775834505162,3.232554909686224,2.453566550284928,1.7850883975066942,-1.1148461062166424,0.0317400435571313,8.069112226450072,Alert
104,3.466666666666667,0.3313383575378495,0.2714545177648273,0.2089226150486507,16.973676222311603,0.0008956873945203,0.0919480013969971,4.738319407307039,3.7529318557772458,-0.8926905100799758,2.751413626623239,0.0369988882593494,12.204153610578729,Alert
1446,48.2,0.2379064963673616,0.4720306060087141,0.2474966194297893,19.103831370583595,0.1164863215800813,0.2223924704772304,12.157125970350211,7.49917487434109,8.34703590810626,4.6781491651933855,0.1247844061310373,35.860995987786936,Slightly Drowsy
1444,48.13333333333333,0.2539996439972737,0.4078704922616095,0.2310240090711588,21.01547221565651,0.1905172612776908,0.1794292411371743,10.337225827376336,10.14940323646535,1.1184465647981137,1.611499001394153,0.1516032346819174,47.34066044842838,Slightly Drowsy
1649,54.96666666666667,0.2528925526757908,0.4036584646190794,0.2645178789506509,20.98365952922221,0.4257600199870719,0.243146077838389,11.245810755089249,11.025450374377712,-1.841143624235248,1.232028301766349,0.1829872655781695,35.17074424759764,Slightly Drowsy
587,19.566666666666663,0.30084886993999,0.2638556532325593,0.1124161981580598,14.839920433601442,0.0390862181463947,0.0994035016513571,3.617297723635403,-0.7460230449063818,-1.857368844749795,-3.0130505160782306,0.0199141887301149,6.559098905180511,Alert
628,20.933333333333334,0.2918586258049854,0.2785548023375369,0.1357649193885529,16.367018916279676,0.0522001174413349,0.0884486994580288,1.4969162733401435,0.8345284701344426,-1.1016118026352448,0.5751278103346562,0.0167189873518834,10.126585988126736,Alert
1697,56.56666666666667,0.2282717809328876,0.3845778959701293,0.3001702897793661,20.896827790267945,0.2571853350784058,0.1256749994506563,5.613603920782551,4.526013094699797,3.320083255156278,0.069293757742618,0.1100514785032511,38.05245553665935,Slightly Drowsy
3192,106.4,0.1838225103579756,0.5618106868034262,0.3699054939844714,29.20892864425755,0.7590220365264735,0.4243334361382642,18.48862473876726,17.887199418620373,0.2922336517291128,4.668183927638332,0.4891364420217612,73.25415750070204,Drowsy
2102,70.06666666666666,0.2896039268337917,0.3685392073800104,0.2555664799088726,22.179352290785573,0.1879529328473092,0.1945377156318745,7.851503746111553,6.916687021664934,0.2729331646150541,3.705544387426607,0.1236534692896563,35.40310836984409,Slightly Drowsy
2200,73.33333333333333,0.2404755223859007,0.4103167784552564,0.3441347796802951,17.81626604455128,0.2497561793983144,0.1851045125830942,5.039183144658163,1.8645466063276024,4.590823283052033,0.9171555495260986,0.116889870887992,35.04269024935456,Slightly Drowsy
404,13.466666666666669,0.3059610563417343,0.2606418564080054,0.2008759151728135,16.93360569158111,0.0390982111455276,0.0731880258618027,5.228334421417797,3.250357582784709,-4.070806709098726,0.446306109495394,0.051037719436443,14.661854617619571,Alert
1155,38.5,0.3029154740869967,0.3188036046984503,0.2226979476319698,13.666524194720944,0.0,0.0695231365937321,2.9557022777850364,1.5400283497425895,1.5166166307096245,-2.016026446341356,0.0246167536271569,13.863569153477334,Alert
2256,75.2,0.2230823917047991,0.3605348603562615,0.3180368847408467,26.574624011842072,0.1826315402382582,0.2424331474794353,8.124210412556096,7.252937684191142,-2.1256599289729223,2.979808658804076,0.1552436750151379,46.05513096957986,Slightly Drowsy
2864,95.46666666666668,0.2233963519477029,0.4854755430698094,0.4799496169771804,27.63557148497396,0.6634142680566801,0.5875585748957372,23.47471402232849,22.15104694019861,6.69619050907246,3.9439004233666566,0.4656989823337354,72.34820528384982,Drowsy
1683,56.1,0.2187951604489256,0.4527331066929792,0.3252519620099899,17.126206015015327,0.2124601526265024,0.1959981475558533,7.596692271967729,6.041026343929349,2.3639286087402422,3.953172867419947,0.2127270210188589,43.90902410862425,Slightly Drowsy
3171,105.7,0.1911865775735546,0.5810000615520423,0.3645485803061061,33.33284319951266,0.4039313620132549,0.6224950353546654,25.32167127182398,12.122688081120074,20.849805226534382,7.714472872579484,0.5765599966497889,70.87116404990707,Drowsy
3765,125.5,0.1308665334903662,0.429152211093238,0.9232319262409954,6.963215344294336,0.1051914154388607,1.0021761531501117,35.92500106318354,33.88618087140072,3.159237639204779,11.504419362987704,0.9156009390407018,100.0,Sleep
2057,68.56666666666666,0.2861586567790494,0.3067491225392679,0.2423867124996173,23.543079643831188,0.3179103432405397,0.1999161073046822,4.180580395508427,2.697386927156236,3.1655310534485075,0.4251697992205185,0.1532461482852489,37.47242993911216,Slightly Drowsy
3063,102.1,0.185487013316393,0.710201170114663,0.4656575640496934,31.549706204703284,0.5447321072843458,0.4289447354264457,29.159415063891508,21.39057848609353,17.515452228656926,9.269496864674627,0.4742387053231954,68.554944941316,Drowsy
3815,127.16666666666669,0.1240292605175113,0.3051099433903451,1.0026539771515643,7.866678379925842,0.2295699818679238,1.3216968288639417,39.1683240325424,27.51117278717648,22.718275470374397,16.160845864141624,0.8527283800815858,100.0,Sleep
3109,103.63333333333334,0.1914855596267635,0.4762671644390918,0.3582211135188006,25.295096952813736,0.5163371903081138,0.5844718947516921,19.93384093769334,17.81620792477648,7.809583204793867,4.353292992413003,0.4679388765568647,72.07609829399077,Drowsy
453,15.1,0.2947887816863163,0.2069935742793332,0.1358388878091962,10.56541293775335,0.1051387850984602,0.0823164917445389,7.678389326400841,2.9740113102299697,-6.661263026805377,-2.395932858434523,0.0577415955289257,12.948571153748738,Alert
2302,76.73333333333333,0.2599652941439176,0.3614835912488722,0.2523788789671397,26.63497217095385,0.1024055280007827,0.1855363813654374,8.878373841625384,5.230203026375349,6.460150511044178,3.120409227842986,0.1756733901386161,29.19214958391328,Slightly Drowsy
1328,44.266666666666666,0.3415597643979422,0.2233832489480847,0.1934913782248952,17.325858768724295,0.1255143595183455,0.0866244551971975,8.32246698123797,3.2670064863811854,-6.399553282884432,4.199505095991978,0.0284901957380775,7.512156101875615,Alert
2945,98.16666666666669,0.2446494854373704,0.5108974106984708,0.3518611012201975,18.53784210898919,0.4325635013668394,0.5739380890742839,24.298358199770732,20.10756823578231,7.009372112960359,11.703188173731876,0.360497997497345,54.17202676607693,Drowsy
2050,68.33333333333333,0.266754924511103,0.408401135333813,0.2600901943087531,17.419046552989506,0.1959265815728625,0.2089212103034053,8.327346009686629,5.348543825955733,5.110215880639447,3.824063827936851,0.1435989421382453,42.49863777470106,Slightly Drowsy
881,29.366666666666667,0.3100612825863555,0.2315418693201251,0.209631855477738,12.060984096405992,0.0188077329704959,0.0998385261977391,5.312607661237276,-2.7074586166793164,-4.5707934320045,-0.0362684870161635,0.045865688580097,13.054068701918515,Alert
3644,121.46666666666668,0.1475645165028251,0.2669447196223674,0.9358945509425036,7.15092406911791,0.3621793867622226,2.222890172924662,35.97495600353193,30.86200649186916,17.64531458442863,5.511523198575372,0.7660222251275229,100.0,Sleep
3912,130.4,0.129670803819388,0.4587726376580173,0.7914567249546016,4.704722402514417,0.0,1.9293766025847048,32.74442450023452,24.19143932539787,18.193707091581544,12.48841949499164,1.0,100.0,Sleep
624,20.8,0.2768557218796856,0.2807818733761513,0.2308064140024101,14.378518476561943,0.0382925816409889,0.0676367910263274,6.14862562465997,4.246279261378911,-2.477498319714143,3.692791841198496,0.0786671949542871,13.677366662171185,Alert
2394,79.8,0.2724660506222771,0.4016154943127057,0.2781083741716586,19.422081221107213,0.1983348728537647,0.2168935840852541,4.001404843264383,1.912281354485967,3.3881970825351644,0.935169113521816,0.2205536464427256,37.1768632535209,Slightly Drowsy
3713,123.76666666666668,0.1142902505895507,0.4659819572057821,0.8795420142185837,3.397080240613929,0.2709629713225724,1.2988648559710971,37.58782650545456,36.643234361765614,3.078207093438415,7.787343449648114,0.866011305838366,100.0,Sleep
1788,59.6,0.2307300187896789,0.240749560101451,0.2727556175038196,27.317823640331834,0.2584064074030078,0.2091083647390383,10.659546637155405,4.430982519987971,7.989356903036309,2.701726720492438,0.2429973725515623,34.59445604793616,Slightly Drowsy
263,8.766666666666667,0.3048283705535706,0.2960190305118743,0.0975748547182429,12.750674559620924,0.0289500857393031,0.1077667555641689,1.5736049329840394,1.0374454707178409,1.1489669542227854,0.2825142801749264,0.0,14.46804160172954,Alert
1635,54.5,0.2470288917019883,0.3665075530992792,0.3607238693134195,17.843396089179286,0.2952988156144593,0.20907870799801132,14.0547743439186,9.990110687108242,9.166991402930524,3.701437414896547,0.1566828201760293,47.23958564967501,Slightly Drowsy
3370,112.33333333333331,0.2149940575186517,0.3507643175493727,0.4244307227291275,28.425789540031456,0.6772774981779135,0.5891850602957818,20.354240548743025,7.210989536498264,15.347367227751263,11.258554853850196,0.4134654724251612,75.0230376061454,Drowsy
1439,47.96666666666667,0.2665190441785189,0.3971504847025038,0.2745134035650353,24.75545793185678,0.2747419214109237,0.1447214886005198,13.314119098944634,13.124182770582904,-2.235049012552567,0.1617092969030671,0.1695284930550361,52.660946356815366,Slightly Drowsy
2199,73.3,0.2446494854373704,0.4091953077666461,0.2737500890928941,25.66749079799393,0.2765810460943331,0.2563897922879265,9.61489536804808,7.99737720306944,0.4416940601799046,5.319123721774051,0.1847199030457625,39.80120398461678,Slightly Drowsy
1970,65.66666666666667,0.2485587157899897,0.3106543686498342,0.280926643202484,26.61685359606096,0.2124460090206845,0.1397074567407255,7.293862174988693,2.6196702199341413,6.355155508892612,2.439211311943451,0.1770167907958594,36.17053199679272,Slightly Drowsy
2521,84.03333333333333,0.1870507032840126,0.5594775471890914,0.4373888723347405,17.429845700042602,0.3510264094506043,0.4985446416345414,21.80000111694996,12.4476043912188,13.30988623855142,11.964285266389698,0.4918478802746517,78.1108469789343,Drowsy
1803,60.1,0.2664240229950365,0.3877433620107244,0.2441724595321691,24.64793515245869,0.1039029744885389,0.1664903330260457,8.601954513853537,6.595899389837837,1.7862750160991197,5.224648721627337,0.1914551393200437,51.22483302404111,Slightly Drowsy
641,21.366666666666667,0.33915971191431,0.26551367702038,0.193823917308479,10.19416420429564,0.0819190101832762,0.068897815441433,3.2661286067968085,2.030424205707263,-0.2786235041791581,-2.543097041784568,0.0169383133652043,15.107894120023897,Alert
2386,79.53333333333333,0.2273285835790509,0.390214419567939,0.2576554490747549,28.223272568630744,0.2050757382932269,0.2504151407256017,5.060894516436927,4.33535428038605,-0.9941147292970712,2.41435135699722,0.1905073383178734,37.65666214832615,Slightly Drowsy
2599,86.63333333333334,0.2097996747047388,0.5837243217598544,0.4133151418056738,20.406897211700297,0.3831885504100628,0.788236735876152,25.05437964419231,19.612294789025004,8.52589911165201,13.053309036471637,0.3875379418996719,79.4085909809529,Drowsy
3909,130.3,0.1411718317504632,0.3392365138970029,0.6685157435294993,4.554619086817509,0.0836183223510038,1.358171979555315,35.816660538933824,33.575563641490305,3.1723112290662527,12.060312590616965,0.860672627101087,100.0,Sleep
1960,65.33333333333333,0.2178214690110879,0.345742073492236,0.237425103582632,21.35948992131633,0.1445379100861474,0.1848958018776824,13.418608251129806,10.714069563308476,5.900999716023335,5.517786072454087,0.1159726756393605,40.81512050779092,Slightly Drowsy
2977,99.23333333333332,0.1834238174386932,0.5825861349208433,0.4466572984822369,26.993844369405004,0.4548276500863003,0.3727600989141715,22.903047681319837,18.91041556618625,12.274961154811862,4.033745759813137,0.4026591810885396,86.40810768122468,Drowsy
489,16.3,0.3077778470239077,0.3356129114955429,0.1427326039935231,11.186032214920075,0.0061511870052573,0.0786425723660103,6.392608683519252,3.0790790740939933,2.2190264043535013,5.143990634989938,0.0,14.20869204519352,Alert
1844,61.46666666666667,0.2446955226909893,0.3407684933964383,0.2260331158342594,25.585211706950385,0.1462801988842011,0.156518786879949,7.981626799600202,7.745817012041399,4.120935210869343,1.6851181505142647,0.1903384069727627,38.71534831370872,Slightly Drowsy
1735,57.833333333333336,0.2248199454606369,0.3579196252314803,0.3291246117512372,25.9407561572192,0.1657257252195538,0.1486765825449423,7.184172815572088,5.490870978776496,2.1260893970723505,4.116116958261944,0.1757999398838351,36.02853978876546,Slightly Drowsy
2912,97.06666666666666,0.1993848773662016,0.4839440943313389,0.4435305594120689,31.347409235648325,0.5102682412111553,0.5719991473925105,21.406201203521974,19.182477488241275,8.04312611621354,5.0562960413197775,0.4032371650376877,79.91955761267361,Drowsy
3220,107.33333333333331,0.1738463356133925,0.4902372317246024,0.4086436114229378,25.054016618482567,0.4237590210653143,0.5769277273796888,18.188023695080314,16.409648471440693,7.477442465482,2.369704022014893,0.4191497165462107,83.16160708573382,Drowsy
147,4.9,0.3230667578998699,0.3368637460464346,0.1896923781934808,13.369116244684282,0.0383275492433782,0.0487361838260668,4.229679115729732,4.207774442867898,-0.2335115910384061,-0.3609598271812513,0.1038621513568972,14.004195258351722,Alert
1535,51.16666666666666,0.2053973949417077,0.3468085884799683,0.2328748841859978,18.904669246232285,0.3101218127790934,0.2080426796012557,4.121703844224016,3.621113442864048,1.641931470013957,1.0862969488947858,0.1782581731168447,41.522906967047184,Slightly Drowsy
1987,66.23333333333333,0.2508636835243354,0.3625353626931837,0.2895118945255624,21.107423914265794,0.2069508111902249,0.24503328716047,8.27802423112055,6.70631185425599,3.8791490928628662,2.9160364880820264,0.2319109525516467,34.39718809523665,Slightly Drowsy
1370,45.66666666666666,0.2965646552890922,0.3355139945997459,0.1811425351715847,15.412160330389897,0.0304480080659627,0.0841585938392334,4.418740278673846,3.6262240999710897,1.9936572431825468,1.5495467801487144,0.0326333457992164,10.322569908709848,Alert
2451,81.7,0.2080759646907923,0.4555000090908375,0.491758037056614,20.087406872234062,0.3942316298491445,0.7325724547168516,12.24277625284337,11.719099866391067,-1.7597531122211638,3.0743353237352498,0.5618040088437715,63.10981022109567,Drowsy
3938,131.26666666666668,0.1145454813199084,0.3985236996518543,0.9460416569413952,7.525033161079053,0.1306349245844226,1.7266193931908738,37.60507549449972,34.977394110505585,11.395246862964328,7.802048007894733,0.9178037591112148,100.0,Sleep
3003,100.1,0.2137550203604087,0.7045998558018685,0.5579924151415029,21.66359838748123,0.6719628197923607,0.7295570402779148,21.42414680957408,18.147328593230096,1.2837926632616767,11.314610370899736,0.5137700578056226,76.04093540322398,Drowsy
2812,93.73333333333332,0.196501558759836,0.5211314951781222,0.4802943744856235,27.04998746928313,0.6963401491837444,0.4197662760498805,25.58439950656501,24.070718180305484,-1.2404044874962192,8.580409145444888,0.4168270088563516,65.24449698684772,Drowsy
660,22.0,0.2832218398656621,0.2917697261236647,0.1578891191654191,16.641812278201044,0.0886722841700217,0.20907870799801132,6.681418404988273,6.5494294682814935,-0.2492679832295493,1.2977638518076782,0.0283119804680793,22.190616314676863,Alert
1795,59.833333333333336,0.2737834556621,0.2893870686291099,0.3744352868725187,25.070767732222663,0.0577619572238119,0.1910333468203628,8.506707848624808,7.843510981818261,5.5675465157684485,0.5265543231506995,0.1812810137347286,39.233770375893904,Slightly Drowsy
3421,114.03333333333332,0.2446494854373704,0.4336989183404,0.841551617204928,2.3137484292364565,0.0678308321913261,1.6430999177470818,27.01664548147687,21.99567047569686,9.808878176985502,12.242365878596331,0.8487607982306458,98.2137160367345,Sleep
2512,83.73333333333333,0.230491230075926,0.504641518697179,0.4042180673458594,31.669787008616893,0.4645772614745062,0.5355398461877818,17.943617753050955,11.404206991439004,11.112382530259078,8.272389948812371,0.5077614192306201,81.14810840096071,Drowsy
3398,113.26666666666668,0.2160048111261841,0.630276198928514,0.3466253243899782,33.963840253999805,0.8351691031311033,0.5144667316968711,25.9606703599392,17.36599214168389,17.436578765440917,8.267069821222863,0.4397217982976834,89.0859408399902,Drowsy
187,6.233333333333333,0.3200051766229549,0.2796744887601485,0.1701631585046124,14.387976709647448,0.0830039305867053,0.0626573956857819,2.863832745170821,0.3547087773118584,-0.911178086329994,-2.69174184694643,0.02361484280557,9.455066842425351,Alert
1148,38.266666666666666,0.3340190317001393,0.2940128901311896,0.1872687355740695,12.791304662514058,0.0488604350195842,0.065689744677545,7.308364701092555,1.888582751436295,-7.00779209116529,0.8580791351350973,0.0375652549243274,10.267608074774683,Alert
3273,109.1,0.1832450922300984,0.586012018711585,0.293968026882013,23.27880096522895,0.4951185132546453,0.5857337236966117,26.738617589130065,22.34657374817027,10.496937346983026,10.266382937959987,0.4287592667711403,79.06958639860366,Drowsy
609,20.3,0.2761140525672322,0.2556697724673095,0.1941943635980336,12.24272140490108,0.0404877185029624,0.0893286257482463,5.036507690213126,3.301723741056672,-3.238598556498117,1.9941187129072828,0.0625470017871097,7.755679404901214,Alert
2192,73.06666666666666,0.2222724185556843,0.2996602056788997,0.3032223623362598,22.67963316958047,0.2470052476348264,0.1857002861091309,11.594862492546698,9.766853471988746,2.346388406839555,5.791707081855618,0.1937855575788617,39.64268138002881,Slightly Drowsy
2800,93.33333333333331,0.1917042697042436,0.4035264686030209,0.51676514929614,27.621709177288164,0.3696865643050465,0.6036949571087601,17.227376847482702,16.88025541188626,-2.358823835725275,2.5050829101412857,0.3909572188937232,75.80518032461421,Drowsy
3583,119.43333333333334,0.1192084457815817,0.3882287451412047,1.0472322472382805,9.286469771749951,0.1091152886000965,1.6379684798744083,39.71190290004362,33.66162302561463,15.460150748411868,14.314821202525849,0.9774151986006868,99.6480413707754,Sleep
1931,64.36666666666666,0.2680583310282791,0.3085435160960847,0.2598275186598273,22.250709468716597,0.2197509521225813,0.1800283763677775,13.031946819889994,9.754010240573049,6.361809203138899,5.849641510904258,0.1767359230261176,37.31409832983461,Slightly Drowsy
3030,101.0,0.2021866905812895,0.9127833344763188,0.5040680099491963,28.480099637830552,0.6307929666094902,0.4896885945589145,26.1244164910717,19.312127555011525,15.727973108860436,7.884017261834636,0.3870412722166969,76.45293025664157,Drowsy
198,6.6,0.2446494854373704,0.2718093049312556,0.19399075123339,16.468336291472756,0.046961959054299,0.0736030495349031,5.4224885197612815,2.379394980621851,-2.505428704890069,4.179077443389547,0.0078467794576388,12.355931704660671,Alert
3682,122.73333333333332,0.1307349695179806,0.3981282585867592,0.7842598068928692,7.474379050747515,0.187133937354197,1.6858634321823531,40.556840657566106,25.167298626812,26.932991705351625,16.913851180365004,0.7765862963295416,100.0,Sleep
2932,97.73333333333332,0.2033207380720112,0.3706499705385601,0.4215523014405578,29.6149569870096,0.455542449339476,0.5137461842972049,25.60849798001027,19.95873546048556,10.435779994857878,12.18763896369886,0.4668569639214435,68.45017714456559,Drowsy
2328,77.6,0.2676698685421039,0.2963847493369008,0.3143669104269595,25.155312993833583,0.2263914077904966,0.2217472359550677,12.105495708681897,10.846047757453952,2.01748930475709,4.983574149256197,0.2265209321182814,51.50087448050675,Slightly Drowsy
294,9.8,0.3373800725021,0.2899312858281526,0.1503637997729775,11.882872584686588,0.0999847562118666,0.0955869800781066,4.648305737074836,1.90245120155614,-1.2537286372976717,-4.051615746222754,0.0185829516263112,19.022366834101582,Alert
767,25.566666666666663,0.3407624533496488,0.2482970975320098,0.126616832237297,12.667489795434165,0.0193458956293993,0.078424231998394,2.332477045999342,0.4078869643240261,2.2230508540093474,-0.5763005248450325,0.043009489975478,11.866807690813816,Alert
401,13.366666666666667,0.3321826309261249,0.3175175452824129,0.1536215165276403,14.871487799652453,0.0449930228646734,0.0969376420776982,2.331242999103297,1.711939418619506,-1.1548286652302435,1.08181703712198,0.0575233833438246,9.253173674916056,Alert
123,4.1,0.3309234542436587,0.3216726196175219,0.2084866240632397,10.28775507887524,0.0,0.0986863982247854,2.8177615166988925,-1.4171967460385528,-0.6742962056780506,-2.340226052118719,0.0039603912483996,13.274710614837632,Alert
3256,108.53333333333332,0.2138602126836729,0.6262222164400786,0.5235473413718292,20.166131397272597,0.5134428143174627,0.6493100820611628,26.668474183024745,13.381841486810176,17.315605463090037,15.2415104605531,0.5233878023621412,80.87342440275594,Drowsy
203,6.766666666666667,0.3386047992874984,0.2736571539373664,0.1605188088503572,17.30326008068253,0.1067841201805454,0.0679915286852259,4.256764990484193,-2.6663498784015403,3.0225410695107664,-1.369259651520008,0.0558125119832553,3.320522236531903,Alert
3511,117.03333333333332,0.1220130113343211,0.4450033711289791,1.011994308892528,6.296449316058601,0.0371600980812602,2.004716856703777,31.148988424368067,25.69605001252357,3.970129126940355,17.152567397644088,0.7493365903580711,95.19738486832728,Sleep
836,27.866666666666667,0.3183471901511998,0.2201770760279091,0.1917509404803141,13.77699175577083,0.1144117192193148,0.0612086966549208,3.205077776060403,-2.5207383212487864,1.854205481790126,0.6930540366260008,0.019831339589377,4.631351602682473,Alert
2295,76.5,0.2530601074635733,0.3684129551177295,0.271316077506933,27.67825355567178,0.1893072213390062,0.2647728830529322,10.82273841672156,8.974409242400693,5.404680571046925,2.716813116804612,0.2189582677418368,41.83255812300647,Slightly Drowsy
1440,48.0,0.2438348674049322,0.3584033054974594,0.3372831441561825,20.948886501020844,0.1057250629655459,0.1833106065904674,14.79161323194168,11.79777141832022,4.283459988220546,7.82664564764065,0.2095173970504862,37.49743508222382,Slightly Drowsy
1734,57.8,0.2343956570372471,0.4123400451745673,0.2858927543612558,18.726109590061974,0.2672454158233337,0.2071866415548635,11.069818436237416,10.334865720282092,-0.5906505117909946,3.922061030621654,0.2109336677857883,39.03909327804653,Slightly Drowsy
1696,56.53333333333333,0.2655509953104825,0.3544800047950478,0.2888951099572223,22.562139557543087,0.1985466494875636,0.3175275226862308,6.773806136699794,4.666832528768471,1.2971538793652306,4.7352418670293925,0.1561932400369928,38.1781695466448,Slightly Drowsy
3925,130.83333333333334,0.1434378085228108,0.3671514446650166,0.935917410283838,7.913810294071855,0.1390120422506426,1.0729771055882755,43.4969539124667,39.775241743857954,7.1716716406811285,16.07738379709715,0.7445777349332666,100.0,Sleep
1708,56.93333333333333,0.269374892423345,0.3487722479204673,0.2376619804231585,21.167651412480527,0.167131424069082,0.2403641364691221,9.143030597273048,5.708499337619637,2.8951584751986967,6.528866763731089,0.2003306928585339,50.38925505858386,Slightly Drowsy
3904,130.13333333333333,0.1326924655462458,0.3589958503095134,0.7719897766433651,8.944812028156356,0.0812031443251611,1.6225753489593886,31.770117222456552,30.70931544297485,3.69263932034602,7.255529491521014,0.8154651440054749,100.0,Sleep
1154,38.46666666666667,0.2805692590966969,0.2487246661207696,0.2276069897109927,7.848910444759487,0.0443928828069862,0.1034454991921613,2.1598746807715368,1.7668483361455884,-1.2150332143520923,0.2588433536306008,0.032937596399951,11.878528026472098,Alert
1662,55.4,0.2947993038446289,0.3507643175493727,0.2439558685206257,21.523662394614227,0.1841976530024665,0.1780182163675982,7.832318689298812,6.716542317092414,-1.0382509154789652,3.8929821974873473,0.0871405863168968,38.622136721679226,Slightly Drowsy
3475,115.83333333333331,0.1142002671087406,0.4029374264362929,0.8660176222095963,5.619001309380209,0.2049868654331832,1.967698006430842,29.504264733876745,24.046360651885287,13.624945667922216,10.326423990535812,0.9195951159965068,100.0,Sleep
2433,81.1,0.2168662508627507,0.4308119428264936,0.573446353297239,20.97355483158228,0.513461025510961,0.5554777766987373,32.25121202348396,27.620189219193744,15.475954825310351,6.144969220801921,0.3738530610454175,82.1850278162268,Drowsy
3911,130.36666666666667,0.1457150427260348,0.3450680447138728,0.7121563790478382,5.118608834708615,0.1650444569769886,2.007342797920729,27.976723671382626,26.615149016368704,-0.2484191901611581,8.617957886143827,0.8787936746794129,100.0,Sleep
1760,58.66666666666666,0.2579160988146041,0.3534792586591444,0.2701270667809377,17.797746936876166,0.033492688908583,0.2327146569979854,11.097765480858811,7.85127550638279,7.6079935128403715,1.906910144604064,0.1514888846068962,40.293371699305936,Slightly Drowsy
855,28.5,0.3242493634937317,0.3045638064190171,0.1991072423700895,12.812186803888492,0.0286802512229618,0.0927980591430416,5.081222957908664,3.788091459728082,-1.1800533744686184,-3.174376139356908,0.0358536780798351,14.410273246219823,Alert
1590,53.0,0.2376779969352143,0.4024760993497062,0.2453306931735875,22.538466810758244,0.1582342476401312,0.2487772433181909,7.547058972100238,4.6327242393753805,2.592504814853936,5.364222593742888,0.1388784536362854,40.62551382214865,Slightly Drowsy
2268,75.6,0.2422942119277757,0.4118216177872583,0.2899508464018877,25.9103049920687,0.245490766685036,0.2110267230414475,10.570624324442916,8.51890228121224,5.020951824155725,3.735832612841276,0.1736467055767236,39.44876563375744,Slightly Drowsy
642,21.4,0.2446494854373704,0.3167517164543699,0.1897397470650755,14.357476587023042,0.0,0.0745926660647766,6.320611591157308,1.93153919899064,5.859321594817722,1.3739132641973546,0.0707212236341905,14.484477130591396,Alert
2,0.0666666666666666,0.3083567561607436,0.2884686795048112,0.122601592660266,9.687705418717416,0.027508498830361,0.0597433775933115,4.81234308455661,2.785618331488185,-2.724072226563633,-2.824607402670583,0.069312975378431,11.294075733225093,Alert
2161,72.03333333333333,0.2243666016669402,0.3566302873403104,0.25729646580061,22.851688478424567,0.1085626241083639,0.207116250380248,5.563034784774244,7.843510981818261,-0.997187702940586,-0.3182100946953667,0.1329191844790922,38.87538335383911,Slightly Drowsy
699,23.3,0.3024677607302112,0.2493464811373797,0.1959834962796787,11.986183293723698,0.0413954479931804,0.110845532553226,5.333801787026976,4.485878799538559,2.706814199830358,-0.9997448608217036,0.050860645585793,11.09859345384262,Alert
3939,131.3,0.1310032984004017,0.3424091746401254,0.8041247422476657,2.202556547317009,0.177133252410521,0.6121299203916766,45.13637929859686,38.43924104505474,21.224112654786133,10.452488989897516,0.191037117183726,100.0,Sleep
3000,100.0,0.1460526780936169,0.6294249006967979,0.4692363824908709,28.0830850133643,0.3933344046413853,0.3790110235404712,19.99912214873527,14.82735458250907,12.170170596218089,5.65697714893118,0.5030070140169416,70.06309328301333,Drowsy
3697,123.23333333333332,0.1475079079919388,0.3055526732813454,0.9905809954036816,2.31949069348499,0.1719475819910953,2.556728063259322,27.10346055270066,18.43121921277272,6.897334204832167,18.636376072868103,0.9176155579976129,99.8525106234286,Sleep
1637,54.56666666666667,0.2343338248654987,0.3992627679785773,0.2340278169043935,25.60995567251903,0.2257468152018216,0.1687456921753221,10.731788145696529,9.41974733378184,1.6385532327786771,4.873887593612821,0.1690355409847711,30.677690630416816,Slightly Drowsy
3185,106.16666666666669,0.1958905748114895,0.4876266492622076,0.4854312857992763,32.687493051770424,0.6987801231152907,0.5087793547502335,17.157459882468167,15.439868002929408,7.477633452648216,0.2718521996553642,0.3558031349017157,73.98115575555843,Drowsy
3459,115.3,0.1283886062018066,0.3308841500406035,0.9176066525920592,4.917514899505638,0.2403936143008875,1.2105749176494336,39.95277349792581,35.780189294389004,1.7901962351771257,17.68607818804981,0.7829815812630058,100.0,Sleep
3458,115.26666666666668,0.1510468122265643,0.3622740116901393,0.9911193509275652,5.452099966859591,0.1949332263061086,1.824749433102232,36.99699483358472,29.55415193999036,18.29644834535312,12.671610306905883,0.8797662226157641,100.0,Sleep
3582,119.4,0.1219888720097919,0.3549204659820098,0.9741333431736198,3.598714285208277,0.2399533974517331,1.3983527123928583,30.90477263775921,18.77412603654248,20.938071923629494,12.81539337970266,0.8556367672527282,100.0,Sleep
1292,43.06666666666667,0.3245369470469764,0.3507643175493727,0.1849684537529016,17.435339560375272,0.0387590721089578,0.0565703374005802,3.2363955121828933,1.682530466987549,-2.495913324235594,1.189018005262939,0.0370402250495429,18.198951163961915,Alert
3829,127.63333333333334,0.1253701951491532,0.3641434638290084,0.9019733117387402,5.219605391243862,0.2854311371888435,1.2050677167839217,30.851463893092085,24.508318670788967,11.069914109066804,15.119925327054531,0.9068811119414106,100.0,Sleep
2490,83.0,0.1911211090196585,0.5734800291139441,0.2877752059173907,26.375154556372085,0.5638185764605332,0.4136693743762393,16.699024375339153,14.172209550449862,7.993342648013061,3.756642764193116,0.5325381574265293,70.46498466103215,Drowsy
1521,50.7,0.2332812044766698,0.2794915101003282,0.2653142571581107,25.930392800550077,0.2524768441713099,0.1999371277050722,6.88277158994047,5.5415308074312986,2.4409514555342757,3.2719622646519904,0.1372625005661668,37.619341929885294,Slightly Drowsy
1854,61.8,0.2654096087337501,0.3290511215796452,0.2618039732757947,23.708539925885884,0.1587161475118577,0.2218609766421405,8.250369791820326,7.333424225318503,3.663481667403055,3.289651897105,0.1472107457424456,43.59264081150573,Slightly Drowsy
1137,37.9,0.3429815272920323,0.3507643175493727,0.1744616701668885,11.105717690146829,0.0704294219842909,0.0596410110772969,2.953101693524929,0.1038401926728376,-2.938247214645464,-0.2770020438799069,0.0634038466814112,11.660931677518276,Alert
3764,125.46666666666668,0.1437150757609689,0.4302645528336971,0.8637378611701304,7.208934849522134,0.1975343070325101,1.910593326066043,45.74683964995172,36.89728440402693,19.596725127471764,18.63684806626544,0.9592224898388996,100.0,Sleep
3305,110.16666666666669,0.2232769984748892,0.3733932514971559,0.5763311429377238,34.28493311419008,0.1565871280820747,0.4382840393182354,23.93332294881095,23.264887284626084,1.7821049227715946,5.326637687130374,0.3479409180945599,74.17800284546122,Drowsy
3887,129.56666666666666,0.1254572163459385,0.4162696193785187,0.6499308379352922,1.0,0.1711286855765197,2.1516425103572496,33.286941554876634,18.87853105311943,17.68230253537878,20.95131786789355,0.8496493166471303,100.0,Sleep
1632,54.4,0.2325389488064554,0.3354294791655218,0.3338592238222412,27.459096815493872,0.1082347520224738,0.2099894427145525,6.738475515327385,5.491696698301704,1.2118741225405536,3.7120992383886247,0.2256385172946163,43.58236548785746,Slightly Drowsy
3744,124.8,0.1138534106990846,0.4404029513613313,0.9728467036699994,6.549438989920214,0.084190098834449,0.20907870799801132,34.569549196171444,28.94546606615726,-0.1975079362109131,18.89906654982171,0.7936781300897454,100.0,Sleep
3446,114.86666666666666,0.109757684435796,0.4459500537276705,0.9204279003362522,3.955051740423937,0.1051763287961181,1.372039870882919,29.845027038724044,25.996578608023093,0.9177142037796332,14.63083525500942,0.89696949503424,99.78134173446192,Sleep
1999,66.63333333333334,0.2436167103356366,0.3270022993426701,0.290839528587488,22.10186423501944,0.1592068398529382,0.2500459565207561,16.745739761703213,13.638040228702074,8.666308822293601,3.289651897105,0.2104707890505509,52.54308283436198,Slightly Drowsy
664,22.133333333333333,0.2955436265484881,0.2842785051591473,0.1674310966343629,11.938469975587443,0.0076479940700872,0.0656897402902954,5.298040177581194,4.8037480296248205,-1.9830751638824824,-1.0298774128665449,0.030866047699535,13.452052848603344,Alert
684,22.8,0.3083808194022068,0.2387970753892076,0.194056204846382,18.45726400016286,0.0401063845189937,0.0324200791849355,5.683773098698309,3.6751241795388094,2.9561991343501486,-3.171691280771695,0.043529683673259,13.58465214095925,Alert
1258,41.93333333333333,0.3123327946119875,0.2880375069448729,0.1404517112391017,15.247286002411036,0.0609784071045536,0.0804677025031236,6.684765614978118,4.56798697060715,-3.623324467273189,3.2697257023206943,0.0580352937588056,11.946140893869336,Alert
3790,126.33333333333331,0.1481368635229348,0.4031119986910519,0.2877752059173907,6.34059736587019,0.180849913064597,1.871674906374705,39.71271079906119,27.352679636251477,19.98557014592626,20.72455793662982,0.8376647945589992,100.0,Sleep
3749,124.96666666666668,0.1239727637901971,0.3698951085282758,0.778179729779704,6.891702455737814,0.2413130256341024,2.333242544037465,35.88096604927469,27.08702617500132,18.51414926115395,14.524565906067853,0.9204222854276866,100.0,Sleep
318,10.6,0.3366231790575435,0.2476402559967665,0.132072024912137,13.182456705975572,0.0414617288259824,0.0899239837472663,4.2156646856624445,0.6617082185808525,1.5344987260855842,3.8703080801204575,0.0563100204488852,11.232132844547332,Alert
649,21.633333333333333,0.3248362143747949,0.3258452809301737,0.1777696401072442,13.538621394535138,0.0736931818805337,0.081986276299027,2.2692170413336514,1.0239781542988224,1.548432118759139,-1.3050565864332904,0.0277764569596134,9.54872298761607,Alert
1435,47.833333333333336,0.276125609514564,0.2986542161852379,0.3484923091346769,21.55007137965205,0.1219982892049188,0.2303101912083273,6.856680876920979,5.437409326107332,3.673053295874024,1.9893043894698028,0.147330482725404,43.89529415908588,Slightly Drowsy
1480,49.333333333333336,0.2300571290642862,0.3567595373219435,0.2882073956294473,17.794626118412495,0.0930622332682702,0.2178954518589371,6.830642455767332,5.577751020203517,3.336636377351992,2.1007683357479414,0.2408240360705284,48.72992307919107,Slightly Drowsy
710,23.666666666666668,0.2741573558092641,0.2508240600961758,0.1596033438079144,12.010074065373754,0.0576755818008659,0.076788807809964,3.7280818915731286,0.6117847434974093,1.283887879657905,3.4461494352924995,0.072785130334835,4.408804143455511,Alert
3431,114.36666666666666,0.117049479671529,0.2671949005851508,0.6171029430555042,5.236385769003257,0.1701663431701093,2.029454962365528,24.917517143131903,21.14482851916611,4.582626178251111,12.36035698447822,0.8502673962310857,100.0,Sleep
1283,42.766666666666666,0.3451205422939478,0.2651797195887253,0.1578821497082411,19.69422231507733,0.1227630876078322,0.0893514982496431,8.400603263844467,7.843510981818261,-6.677806253874233,-1.575102881257413,0.0306008425365369,10.66174994235964,Alert
1769,58.96666666666667,0.2732892938502442,0.35209053100889,0.3007405133441062,23.4382234785862,0.2510345568044231,0.137738522631935,5.715533754455062,4.951483140392705,2.7020993700143,0.9213033177462736,0.1971602739206555,47.4122478230637,Slightly Drowsy
973,32.43333333333333,0.3467137389613825,0.2769000126455924,0.2005414456214967,11.307613647805134,0.1051189733570165,0.122974125878741,7.159364403774449,3.3030394779718124,-6.252994864028402,-1.1164605247955686,0.0522565064333864,10.027727175002497,Alert
2676,89.2,0.2053992164376054,0.4847219282532192,0.5897318804658861,22.02927787509841,0.6887138723834322,0.3829187238574731,28.52660093520047,26.96526342608304,3.150705595453543,8.758686175957344,0.191037117183726,65.53663920253382,Drowsy
2681,89.36666666666666,0.1648556614407205,0.516151669566734,0.3854139534398914,22.56386325346682,0.5413241200524529,0.6201822030280676,21.67895440261791,19.504733024295795,5.874865465025436,7.418113601825127,0.5050927511240731,81.29521858539837,Drowsy
1307,43.56666666666667,0.3046686546337482,0.2681382009013458,0.2235102077627718,11.194623596283964,0.0209202069713177,0.0646246634287861,8.635142385809827,6.045171202915099,5.980150501747241,1.5031264508043418,0.0556676944830848,9.993115821148177,Alert
1401,46.7,0.2525354120228422,0.3976665585889106,0.2265669261939791,28.46681001029857,0.2246940235244493,0.2186582389187765,8.239467349978511,6.659836596617972,4.077035869404503,2.6292921551814925,0.2207118387614384,41.04358001931777,Slightly Drowsy
1409,46.96666666666667,0.2553235573040836,0.3655847065053337,0.2360829454773181,22.912471566899463,0.1868628972766804,0.1244590634913837,11.131830477882293,3.2541059599495434,7.17970407069578,7.860044125001104,0.1946866162017217,46.92611150186637,Slightly Drowsy
3297,109.9,0.1861049356263169,0.564460568459459,0.520431332911274,28.504084573885997,0.5786078599183717,0.6532003743804029,27.440362119938147,25.68631387151588,9.282404950229196,2.6502285386863624,0.3488196580496768,70.80334163505587,Drowsy
2238,74.6,0.2511734120673927,0.3091662811989442,0.3390053462813168,16.763665780119442,0.0,0.2307754703215029,11.655073408405784,10.187453398586207,5.656051767778764,-0.2561402099801246,0.1776452057903071,38.91263006589404,Slightly Drowsy
3303,110.1,0.1838247198394767,0.4416688267725159,0.4266017184657826,24.029744113123883,0.1565871280820747,0.5040324216714328,29.14504671767223,22.938890554297465,6.042833952191208,16.93296211947291,0.463734548699318,81.77750302426585,Drowsy
1497,49.9,0.2703171303798595,0.286648302428064,0.2803415046071668,27.633395799634293,0.1807832903197984,0.2372404741947641,11.760083882262288,8.725911345256018,7.82344242609992,0.9755986460001692,0.1477839331973767,39.99276628833454,Slightly Drowsy
3420,114.0,0.1268013427820244,0.3421874128317906,0.9339484260382136,6.069856807209938,0.151200282571375,0.20907870799801132,39.004438279555856,35.80080137031326,10.129283968016033,11.706683263945932,0.7936939186773966,100.0,Sleep
2039,67.96666666666667,0.2730871257230485,0.4294045016189639,0.274504456023329,23.856380070736638,0.3411898968362007,0.1973929293231099,4.09962907673608,3.2674828372718823,2.4621275492023145,-0.261614996536168,0.1948726724397889,46.87453775927933,Slightly Drowsy
1530,51.0,0.2631183827931767,0.2953848312535774,0.2415499405019573,14.965933215959488,0.1560756455072907,0.2604292660615686,9.705073882725925,7.926884848626723,-0.7934461879963877,5.542869185948281,0.2292521705427474,41.33146617044713,Slightly Drowsy
1664,55.46666666666667,0.2554843007026033,0.3565390296029241,0.2269426069076801,21.053121419935568,0.2498604338766778,0.20907870799801132,11.59600395082632,10.15814016395635,5.534620095467156,0.8046592047864829,0.127233121686715,39.33389497607557,Slightly Drowsy
1355,45.16666666666666,0.3012435298077066,0.3005882878080271,0.2016576375722511,12.370739629454416,0.0446338669203037,0.0625481094718769,1.4283150025232192,0.6290080304720431,0.798645780458721,-1.0032933575929153,0.0351156991964866,5.898224269120286,Alert
3921,130.7,0.1109032869966216,0.4291332776171125,0.8369318517543431,4.448534353292073,0.1634122182979495,2.0367311796248897,43.65199757728226,36.1763045839631,21.57031219371185,11.467062003895869,0.7585178447598313,100.0,Sleep
3949,131.63333333333333,0.1398695880739322,0.4805555076010012,0.8025995158964043,4.209876880482859,0.0555651856275778,1.711009375975512,38.736746388602505,30.339478619121763,14.151070380873245,19.488426436486204,0.8814377290477455,100.0,Sleep
3628,120.93333333333334,0.1448883533787074,0.2634106882540284,1.0000918959838871,6.493781045027968,0.0154163494776606,1.5210866995924983,36.34005062624545,24.80789843803861,14.368840297740189,22.331678913688545,0.935996954183826,100.0,Sleep
1644,54.8,0.233919740040915,0.3270350481574774,0.270553817285711,19.18621568145493,0.263828146038264,0.1460786299381988,8.76560269486185,7.347303681833755,4.530032387368725,-1.5269989457992024,0.1623590471790556,41.90633538872286,Slightly Drowsy
1052,35.06666666666667,0.2914264363404196,0.2385266820570874,0.228148035052617,16.673618470310473,0.0498342966022338,0.0836953730049804,2.579924271691134,1.380209935642478,1.7096291279385687,-1.3521087330976098,0.0598748052573591,10.835643601643476,Alert
796,26.53333333333333,0.3026548895524544,0.2765239981772789,0.1718271929720738,9.11351748879181,0.0375841278497612,0.0976212437476133,3.9045845760261626,3.351473854530602,1.8572495081640303,-0.751017961278999,0.0268780552798871,16.892331500313173,Alert
2694,89.8,0.1911619284477621,0.5256542805080299,0.4433400403440879,35.25521554735133,0.656837030486968,0.629068075827796,17.367893944118208,10.110566884868492,6.061645674384765,12.75447486331566,0.3580348429204845,74.52847592950185,Drowsy
3061,102.03333333333332,0.2218313672981157,0.6130410795083006,0.4943588003224294,27.449902307851783,0.6004541021966159,0.3397042099407336,27.495150419286944,24.58544702111025,-10.616374338008136,6.23150762389634,0.3283002612764176,71.77614378541112,Drowsy
1598,53.266666666666666,0.2408199107955418,0.290922547056028,0.2155313173752458,29.212892973659308,0.1576780279488978,0.19257052946326,10.659546637155405,3.10532572587631,7.793357117316754,3.289651897105,0.1603494788935471,41.48920332693587,Slightly Drowsy
2605,86.83333333333333,0.2108906325346118,0.5830403422731689,0.4730850358382207,21.02501518291598,0.5635368865505755,0.5599541581895748,17.241286593990512,15.119941568808096,8.143904967990494,-1.5251695788618918,0.3631908948912506,81.07476379743328,Drowsy
2730,91.0,0.190213525223977,0.6400548325701538,0.5020238141447453,26.60967338124412,0.4993888461769962,0.6597232785664358,25.182987181373893,19.16006919703832,16.268183010208855,-1.555896297410948,0.4468939567913623,65.27164883989079,Drowsy
2626,87.53333333333333,0.1585601537680056,0.5557379444357062,0.3881875788940843,28.85875884013265,0.5913397343804043,0.3837673417071313,21.765639017660547,16.865667864996844,10.93342214080148,8.35180038110059,0.4314459332818824,67.21502197265491,Drowsy
1820,60.66666666666666,0.2933376806963262,0.4001474963259747,0.297923928534041,19.948203070016504,0.1162919971450064,0.2209188629558778,6.930196826460626,6.7497009675445625,-1.3570812619412038,-0.7921460412707964,0.1416518508342566,50.92132799275367,Slightly Drowsy
3158,105.26666666666668,0.221972987403994,0.6268560909921711,0.4192078176175633,28.26807615293377,0.5227987380974066,0.7128730241286341,15.162090760621613,12.810408485228868,6.279631035880482,5.133095043744087,0.4617112900509592,75.8995564806423,Drowsy
3315,110.5,0.1877019252529274,0.5835003449674645,0.563773821848757,28.063743217220896,0.5301606736804512,0.4130382534887084,18.975941754767323,16.178565600878997,5.708571076493273,8.108797496731636,0.3341023204945382,72.32463290709123,Drowsy
1723,57.43333333333333,0.2422447815436755,0.3161111346782094,0.2801811716420623,24.44085617549177,0.1419465917693583,0.198511285653449,6.890285514657159,4.629232199473807,4.837417320750459,1.6265415401251244,0.1504195771482379,35.779916242879246,Slightly Drowsy
1184,39.46666666666667,0.3681586351430284,0.2569714655317071,0.1406726397878352,9.644865145570424,0.0930041381523575,0.0731739097067988,10.659546637155405,1.3657256623340035,-0.4776051347599188,2.0258857693395624,0.0364094033204815,20.46646996128303,Alert
2573,85.76666666666667,0.2055503291737908,0.4548200482961376,0.460897967987034,23.792734731394106,0.612615024989099,0.4185054285357106,22.198417266641503,16.301972484040796,8.483370042052602,12.451821352842678,0.4498030150198324,81.69301943747716,Drowsy
1060,35.333333333333336,0.344648709582868,0.3321908241498063,0.1709839204446369,14.6674394578189,0.1171429585739503,0.0375194584824229,4.918154063590466,0.2749685004635371,4.397507935808889,2.1850756672166063,0.0504489042185338,9.8913628438813,Alert
541,18.03333333333333,0.2869780411155671,0.3069990628216318,0.1800332983406188,10.13891537937939,0.0697153588740747,0.0966720640967469,4.857349540337422,0.4971836183278828,3.4977495607656683,-3.3335268135783958,0.0101048770710071,12.186327700081492,Alert
3243,108.1,0.1722438333911068,0.5834750529872827,0.4385600537923502,28.70339206936256,0.359775836779529,0.5081342941643654,30.326464071378,20.40152310770756,21.25878766782839,7.178873508597478,0.5410309341347684,82.75132519587491,Drowsy
1679,55.96666666666667,0.2513752350168957,0.4127091582318654,0.3180510955550613,20.852646414162248,0.1586615649982516,0.1906745626981979,12.812083984803422,12.067502181529774,2.8835765745602138,3.1952892312086627,0.162928541163063,45.371870929583686,Slightly Drowsy
2797,93.23333333333332,0.187216016044431,0.5940136321844866,0.5479609175442732,25.36296198245229,0.7086950369929933,0.554740355061146,22.63589522974951,19.18069080462612,9.617172653635336,7.210744986455738,0.4707510025717247,81.53016744202115,Drowsy
3875,129.16666666666666,0.1374545501804887,0.4400049238027049,1.1247489976453302,4.747987584491289,0.1201571999770455,1.7411981150441245,46.15672646334645,32.70845143236246,21.62653390400599,24.349407261940737,0.9151441735788158,100.0,Sleep
3479,115.96666666666668,0.1257156468921652,0.3543977483912937,1.1180909468067723,5.9415884551513045,0.1484804387797727,2.2950992802279315,40.14653677921967,34.41099909607745,19.10592982742005,7.911447529036409,0.8820432142887237,100.0,Sleep
2533,84.43333333333334,0.1992145975447157,0.5064417456061776,0.4041714848377978,30.244496732887026,0.1565871280820747,0.591687951200365,26.77991045649769,20.797455646044472,16.50257986156584,3.506322948829581,0.3346336047151816,76.56689881080253,Drowsy
1758,58.6,0.2371493566238752,0.4159783058490546,0.2608706956856629,23.0180491672543,0.1479566403166744,0.2374890069466645,11.730616279150189,4.704870587763012,10.733659378970676,0.5100072325965241,0.1261748832668741,45.87424503617383,Slightly Drowsy
1924,64.13333333333334,0.226052046273994,0.3956536616143267,0.3076212984860474,19.783847812221683,0.158005878337568,0.1825836411752765,7.656602617963863,6.27541613759889,-3.571884307687226,2.546440347204751,0.2513565679273259,36.1851394274926,Slightly Drowsy
96,3.2,0.3420914984371668,0.3028313007444697,0.1327082352904725,17.69135087431474,0.105203654165898,0.0674887459698094,3.3772116811825685,2.9895088335935225,1.4820905588482165,0.5213475316478142,0.0289938969230915,8.929820897063076,Alert
1021,34.03333333333333,0.2969231900921105,0.2705677185503605,0.1777116554478125,17.429845700042602,0.0844133023766688,0.024653491547952,9.888649242808455,8.787042348715804,4.505637401388957,-0.5220174483446272,0.0401885272112754,13.719930073348388,Alert
564,18.8,0.3439384290819942,0.1850585602666347,0.1755163292050503,10.42292199593832,0.030937847942659,0.0740235982194159,2.9630228403208,1.10438905523123,-1.6567837563378256,-2.194287299257628,0.0858382253363737,18.862454544209484,Alert
3313,110.43333333333334,0.2153976994842393,0.6640028261842964,0.4546817508095275,27.40782511882875,0.625851889324257,0.5367457137797069,22.66455491007396,17.74783007660951,12.779234091246172,5.948760617530675,0.4554286450541732,76.73649101893263,Drowsy
2791,93.03333333333332,0.2262874732028567,0.4700945374512669,0.3852032999698895,26.12107797252862,0.5165933456159445,0.7138512435902774,31.645262281332847,16.359264484544145,25.80030139240986,8.254788818612731,0.583991977427988,82.52352409438281,Drowsy
864,28.8,0.329811400461763,0.2475842857780877,0.1437169401312282,17.107067233317068,0.079086719555684,0.0813178321720448,6.754572830954887,6.162855956359453,-0.8032965561745344,2.645406439977959,0.0435114816985164,7.801827637511884,Alert
3647,121.56666666666666,0.1130761548894707,0.4390102770294813,1.0253608765119264,2.2596208757100675,0.2089570259347943,2.148284068941519,42.242638424328575,38.17620999224839,8.619812011257839,15.897054210352632,0.9055559506438968,100.0,Sleep
3763,125.43333333333334,0.1476264955583506,0.3714576558459546,0.9586645739979592,4.066781592649917,0.1034804762650874,1.5851858747752583,34.9163335003536,28.20100060908169,2.3912081622908765,20.448374832222807,0.848685988455652,100.0,Sleep
1485,49.5,0.2430869268678866,0.3985925242903397,0.3132693255339271,21.33330005768213,0.1775304603361873,0.2599583385067012,11.176743711987644,10.26493612326783,4.289441559633538,-1.0730225977001338,0.1937600042522014,45.45086165086341,Slightly Drowsy
2940,98.0,0.2094700017811736,0.3507643175493727,0.3955194213119495,26.829350115674234,0.6982439920551565,0.5925915242562074,23.997329197096832,18.324741919435255,8.879148742641885,12.697888004938829,0.5185422507485102,81.23187342903974,Drowsy
3626,120.86666666666666,0.1387451613890543,0.4463600642781353,1.0297448129872833,8.47040940199207,0.1299231045896633,1.7830067234581402,39.07891902760572,23.494337509342923,27.88033983064076,14.06643765461721,0.8262228098771843,100.0,Sleep
1882,62.73333333333333,0.244637459387443,0.3634584896517991,0.2883567709391102,19.759651218990825,0.1025031119384507,0.1179944382977858,13.485071888720196,11.435137461086091,5.985464974539863,3.906277528360431,0.2306079555181179,34.02697801629474,Slightly Drowsy
1039,34.63333333333333,0.3124412608417062,0.3094571289517777,0.1855265168859028,15.524878468329945,0.0407252597349684,0.0731596530839045,6.792090126752161,-0.883706327221609,-1.110109837704591,3.289651897105,0.0281955606738873,11.163843823278595,Alert
207,6.9,0.2755353103998371,0.2911878139071642,0.1648746050697698,13.796193317245883,0.0639070593415334,0.0702554287177289,2.198969173223608,0.3107298020959705,0.1024572524640737,-2.1744918777256053,0.0182834974222962,14.4330576725957,Alert
393,13.1,0.3323676413443758,0.2934202260991275,0.1677207457771283,16.51481127949104,0.0049001560418784,0.1025581798650713,2.591351412429137,2.386234163988128,-1.00965776963452,-0.0397472707366231,0.0378547046837811,16.556462048648125,Alert
2843,94.76666666666668,0.1992940530131557,0.5465032610479845,0.5452733154557137,24.481035677674637,0.6782195408537334,0.4352930521073564,14.569571810414072,11.276989001506148,8.19482533174435,4.236363957561112,0.3448968934835089,87.5751439268238,Drowsy
871,29.03333333333333,0.3106004105162033,0.2603618804156651,0.1653175729651674,7.136751115819038,0.0662014154342285,0.0630889564729077,3.727196716361392,-2.0256577969795,2.2595698491976464,-2.1640355700838723,0.0332266189223248,17.06247609222832,Alert
398,13.266666666666667,0.3208101753335034,0.2564630041397782,0.1866981250776078,9.644445768411812,0.0281583280473311,0.20907870799801132,4.0046832116357045,2.3383458697307278,2.983342126526722,1.292012374229103,0.0,19.36794681671546,Alert
2815,93.83333333333331,0.2192847681755027,0.455647718914011,0.3692120741243671,30.07079107848589,0.7413740555784096,0.6249994705291152,17.38011208286198,10.964913096317332,6.308001736186494,11.918392966307236,0.550677715253602,76.97820818825474,Drowsy
3864,128.8,0.1523024079747361,0.3989167569138341,0.9779214514276052,5.365937528624826,0.236620929199626,2.230853258703225,35.68196234362651,27.19236377313881,16.510528006278477,16.16107218210359,0.882141693796556,100.0,Sleep
3290,109.66666666666669,0.2089063061179132,0.3584154021180107,0.4429632855323375,22.61337469696583,0.5534678197983932,0.4775800624366645,19.391164887136416,14.72080074719398,1.9993523032857965,12.462659884987282,0.3925577451212485,69.39881372214235,Drowsy
1029,34.3,0.3077298383375895,0.2404154414030045,0.17622541945355,11.317271679093462,0.0160438137451814,0.20907870799801132,3.557790734302602,1.6162482610755404,-2.599343309857195,1.8135685333508589,0.0481170053338579,11.353625907025869,Alert
3841,128.03333333333333,0.1375311810012701,0.4139704901449046,1.1905514613634485,5.323638465387327,0.0728066052504092,0.20907870799801132,38.04822266613848,32.641451117406376,6.238670807342822,18.527868295074644,0.9970604369009404,100.0,Sleep
2691,89.7,0.1852071597447001,0.3997183713428412,0.5562614023832722,26.994622383416523,0.1386909877893653,0.5896533079279509,20.455595369919795,19.87913552253651,4.120935210869343,4.670415166666951,0.3786597675807349,69.34557197127168,Drowsy
1486,49.53333333333333,0.1949095674320325,0.3725934724159012,0.2633323205281706,21.22701001954657,0.1274095237789343,0.1940724283838543,13.234725465326552,11.87197051663466,2.214406004737937,5.413933896982959,0.1477467512448155,45.77089254267111,Slightly Drowsy
2661,88.7,0.1915370105678869,0.4896227853423944,0.5131482014318075,23.663483683986,0.7437727162674672,0.534827674709598,34.04549519138293,32.31038946561407,5.841307439022296,9.000755679921339,0.4153705510826107,70.99897365875348,Drowsy
3811,127.03333333333332,0.1423781897062992,0.5361760425016734,0.921541939619383,5.661028653803776,0.1947785631342726,1.700476975090863,42.93317259260658,38.70501441055427,11.171948019300263,14.84475482449555,0.7346044463280608,100.0,Sleep
961,32.03333333333333,0.3090393158196182,0.3014060546542389,0.1811269005414333,13.619952735918256,0.1419987649754589,0.0511731650856926,5.663528229501504,5.222829588593612,1.969219696469916,-0.959049989263568,0.0725863703488322,5.140421959507786,Alert
1571,52.36666666666667,0.2258135106444317,0.3751371896252521,0.2902544393495386,24.043052765326365,0.1897602419829284,0.1695417777294459,11.497914088202828,9.297771291113294,-1.253089149008992,6.647047839641173,0.1707432775518003,42.429556799937146,Slightly Drowsy
2774,92.46666666666668,0.1912604604236531,0.6338571539845586,0.427725827952079,25.75901099847849,0.5972350497570227,0.7112971389939472,32.19627009775211,22.267759541199112,13.401585791688856,19.00379413408665,0.3887312974548355,70.7202661566071,Drowsy
1896,63.2,0.265905344249644,0.4212490704027942,0.2403714591444762,17.97780372859178,0.2414378701032132,0.1463516075253181,11.343911067553387,5.983698545944233,7.0847676213189565,6.5334323117130175,0.1698313739884773,36.62602042064987,Slightly Drowsy
2732,91.06666666666666,0.1987091927052426,0.4582460871824135,0.4455885833191073,24.14718388218975,0.5629577066939784,0.6496937720801798,14.65804671833055,12.12510853863834,0.8057739913474453,8.196999743678697,0.3862540268279266,74.248824937297,Drowsy
2147,71.56666666666666,0.2353757402092726,0.4020171090113386,0.2677969784359098,26.259008981951503,0.1610932898205584,0.1579029615902931,4.429111098177802,4.214857230285066,1.0213403903403453,0.8993705884533396,0.1570956689757957,45.5096732581204,Slightly Drowsy
805,26.83333333333333,0.3308802882072401,0.2540475612530546,0.2877752059173907,14.303652660498864,0.0300219522845914,0.0933817042053504,7.793313484767967,6.672666259195652,-2.2628943978214284,-3.3302505926080888,0.0,10.938589560546989,Alert
1752,58.4,0.246094108404076,0.3450303078333878,0.2563102248950394,20.11416374386009,0.2947756638304802,0.1872103914292998,4.862802436200329,3.0305531813254856,2.151536144800575,3.1358391486634813,0.1265492145379458,49.33081389548473,Slightly Drowsy
3646,121.53333333333332,0.1389375921292121,0.386917673246753,0.8922662499660088,3.9828625867831535,0.1179955478072513,1.864112456093184,41.16016647005796,33.770997386807686,14.856358051901005,18.247401589728558,0.7283863917952235,100.0,Sleep
2455,81.83333333333333,0.1813407650986388,0.6137659254863593,0.4581106745580762,24.507741759207327,0.5643442156365884,0.4892853291272741,24.71141346997974,14.081199153149154,16.984206383489834,11.131510212755089,0.4385109005258233,76.67169378796375,Drowsy
503,16.766666666666666,0.3388354865875608,0.2584911425708117,0.1543095444515638,12.470915658263602,0.0947452933661684,0.080260867487539,3.032309116393454,1.5518724366077206,-0.3300164961031544,2.5841206686530453,0.0250165654679351,16.49915788225411,Alert
3120,104.0,0.195847341145705,0.217883250215957,0.4639963962687529,30.490776940843183,0.4994281301931739,0.4144106974238791,19.313507743153423,17.483464916667508,7.109767196638933,4.097712320563855,0.3655322450933674,74.26995670707628,Drowsy
3105,103.5,0.1914563864470671,0.3996512138879948,0.2877752059173907,23.84214395214597,0.4081147674857481,0.6815749186874068,25.709500106120007,7.843510981818261,12.314115560082984,3.0464117562510022,0.5652486242536958,83.8073722967904,Drowsy
2978,99.26666666666668,0.2208709631643254,0.3915575438271049,0.4440754528938471,34.547300570675134,0.5240294803230977,0.5231056811592838,30.690781462313865,23.463688133715383,15.922415465651294,11.7412133815224,0.4216610675578108,79.64401561669591,Drowsy
780,26.0,0.276943576651062,0.254784072526373,0.1923407289345431,15.02595819196723,0.0985866712053161,0.0771026648970781,3.603638467263227,3.014560216684536,0.0491227257938811,-1.9738854730031137,0.0,13.33386653961213,Alert
1864,62.13333333333333,0.2446494854373704,0.4292050015445052,0.2624754029078033,25.98734636427151,0.1754838559991049,0.2069969386976785,5.696957273697718,3.020882576602978,-0.3969942302660589,4.813728930657536,0.2152727312080266,41.03382120628798,Slightly Drowsy
201,6.7,0.3651087027446685,0.2733183672895445,0.2015927382644454,10.76681760532209,0.0117425449272796,0.0894481255576075,5.842737518086388,5.710290071339912,1.06684004635698,-0.6261160610463087,0.039985828108467,6.664978566830167,Alert
2183,72.76666666666667,0.2785081186474586,0.4532206831929999,0.2428447016635934,19.658519486461035,0.2914018255603316,0.2213407997256958,12.290434762115728,9.367498368623227,7.586405179412228,2.398169595639811,0.191037117183726,42.66992917783228,Slightly Drowsy
3100,103.33333333333331,0.2113465503714823,0.39376683908552,0.5712185092057537,26.849153285707803,0.633468821609884,0.6223623511052825,14.021976636431878,5.552314542322957,6.058424831503183,11.361475281704225,0.4443576721604642,78.34965532265917,Drowsy
2089,69.63333333333334,0.2615103224308813,0.3849284845502113,0.2882210799286584,25.763344574364616,0.2024302941130367,0.2444550435595702,13.54798934240442,11.925238575174388,6.32925154209793,1.130165945305157,0.1747685712599023,48.4559056177707,Slightly Drowsy
3066,102.2,0.1848353764835233,0.6423426366616174,0.3881838921492304,29.696836226163963,0.4913270293408283,0.3143063304103527,23.055510526575457,20.388579900521744,10.757927637740735,0.3596779423407268,0.191037117183726,63.28393066542874,Drowsy
2279,75.96666666666667,0.2659903769814719,0.3584268887752317,0.2920114756635002,21.00944565303456,0.11523219959915,0.1904548114051271,6.927801793428452,3.42140434737727,-0.3451566944142055,6.014091522173524,0.1631965598026313,35.43940910802822,Slightly Drowsy
3562,118.73333333333332,0.1264331659883303,0.4137284158326702,0.9225556191398482,4.830191119434243,0.0759373411306838,0.6003205650932508,36.44447195384319,34.77645629634879,2.534183875498149,10.600732783528244,0.873395487295602,100.0,Sleep
1797,59.9,0.2400903263780138,0.418266279961164,0.3316917498753883,17.114384179377332,0.2804992597849309,0.2327563322538913,13.91898601899316,12.437581836574395,5.540432128505518,2.8893496993035583,0.2258086674628663,46.115876396078406,Slightly Drowsy
379,12.633333333333333,0.3037543278625641,0.2829458880564994,0.1803848593063105,15.199567588417082,0.0392541698676103,0.043272804324592,2.620668585995421,0.9180652910290285,2.381455401431447,-0.5947521584862129,0.035072331949709,15.622730689605726,Alert
2337,77.9,0.2386306099725116,0.3337278504282905,0.2216190650377749,22.342281739868863,0.2343815697523981,0.2744190541276918,8.928092770957724,8.643258684164458,2.2012635068107222,-0.3991977192152243,0.1311485197733808,32.41163540167978,Slightly Drowsy
419,13.966666666666669,0.3305445018562717,0.3258567167828314,0.173521184389493,16.34369373126731,0.1154026557811007,0.1062338689854532,1.2606092208641886,-0.7303539835718329,-0.7610282326271429,-0.6903294108995929,0.0497850907015265,14.405157297780198,Alert
1699,56.63333333333333,0.2439756171189363,0.3430536184325428,0.2856623706758318,24.461047107468666,0.1705811533379227,0.2158279002643202,10.773128872865522,7.051856034756769,7.741977583513782,2.528520372234208,0.1768429329690177,38.24067540038365,Slightly Drowsy
392,13.066666666666666,0.2858595648952463,0.2459057353824271,0.2011028375036192,10.73157554442259,0.0,0.0673995004093221,3.9850212024773306,3.8298887562746144,-0.5907654239906687,-0.9291621562312368,0.0408871759503121,5.00168306144214,Alert
2641,88.03333333333333,0.2170415079044457,0.5206150865577462,0.5654300302546651,28.95302947170492,0.4567857361100186,0.4413271448126328,27.63634002435117,23.09065742092358,10.77075469443889,10.704189512677928,0.253942571768273,75.67793906975682,Drowsy
1523,50.766666666666666,0.2507255858527667,0.3828804870970186,0.2251897364316845,21.97684314546279,0.2952582919183876,0.2704600757396801,11.529546264592687,6.544951093607041,4.166724828867635,8.528332571503832,0.2253969712639679,37.363355155132034,Slightly Drowsy
1163,38.766666666666666,0.3299944979404213,0.2561731743697341,0.1689359020443339,16.364852401598593,0.057922277035406,0.0393128826423127,3.0922894007220525,-0.4410638493289962,2.926007204666279,0.8978854363859952,0.0749627114504856,18.32702099395045,Alert
3135,104.5,0.1659417447291875,0.5838608744336132,0.42203550977128,26.84251273679435,0.652211896254014,0.593203347745801,21.387038677575543,16.40830405469444,3.3004838253278006,13.314645619150363,0.346191459865062,79.3500837366627,Drowsy
1496,49.86666666666667,0.2155455503686928,0.3867031478158476,0.2766963869833395,22.11240409401312,0.2870085588159163,0.2304825549545039,14.53537885625768,13.724330959813646,4.615416915493996,1.271968905522207,0.1724633261236509,44.050197928579216,Slightly Drowsy
2696,89.86666666666666,0.1759455842414684,0.4846338551381206,0.3860925643586232,32.75480438884216,0.7724545911206917,0.5808786359826397,24.587085617876664,7.843510981818261,10.547925538251611,9.7499159571245,0.4941208613650339,79.18180472303874,Drowsy
2028,67.6,0.255947050856551,0.3333822164866912,0.3187449514282335,16.54575244347818,0.2541506256122574,0.2365555896610381,11.248798092829263,10.347737665445376,-2.263425538617515,3.786381989643461,0.1532498352591394,31.999752142819577,Slightly Drowsy
1153,38.43333333333333,0.3122342690040779,0.2739662555066769,0.1324426196781042,17.429845700042602,0.0759042393026828,0.0898707458840753,4.734216178358331,4.596817648605457,0.6045888173475059,3.289651897105,0.043121814769137,14.763059916422652,Alert
1368,45.6,0.2866077119576731,0.3507643175493727,0.1804735432008195,12.98884428018974,0.0,0.0461192143754919,0.5931805049393245,-0.1167983198162652,0.5814270249933547,-0.012801505206276,0.0299752408499984,12.254746230286276,Alert
2569,85.63333333333334,0.1882167425441832,0.4448408404346783,0.4026246270718389,36.0715214468775,0.684657969142559,0.5940884801441648,24.65028976354637,22.06171475225679,-1.3526809154351351,10.912734852358115,0.5057737021341517,60.554148444576136,Drowsy
65,2.1666666666666665,0.2810842706619024,0.3012103482970974,0.1415871194251114,18.38698545496091,0.0,0.1139291273658007,2.7677436789601164,2.527543668006546,-0.2901393356111771,-1.0898381736178997,0.0479827222870414,12.089420356161945,Alert
3885,129.5,0.0950106072649176,0.4968625785484544,0.6640180844023369,7.916285251417448,0.0248544929206906,2.298203991904437,33.15262560718827,28.19300620045952,16.689942892812653,5.069200357640117,0.9083650532234512,100.0,Sleep
2063,68.76666666666667,0.2381260114602548,0.3637256192548166,0.2570944592230318,20.867740657012597,0.2555931848729112,0.1799698232523718,7.6140505693964915,2.33111679154238,6.253814086404956,3.664624121270711,0.1931463799268925,44.08322742822946,Slightly Drowsy
1181,39.36666666666667,0.2879646255055493,0.2774902778800261,0.1528711444004523,15.976544297099943,0.0825814183878129,0.0419474752713711,10.659546637155405,-0.0707563489422251,-4.3793600157539965,-0.9252585531857812,0.0491035133973764,10.848541491721724,Alert
3113,103.76666666666668,0.2053112733968466,0.487343187928243,0.4364592783680895,22.68534372396915,0.4926589855711215,0.3973321397234185,21.03031339730976,18.582483478463452,8.840666773848701,4.336819151805484,0.5649681866180193,74.83427558516509,Drowsy
493,16.433333333333334,0.3008953303340538,0.3106660876092577,0.1587170652801457,15.61148858103794,0.0347019040932283,0.0404807340021676,3.584269225504527,0.5742148305338348,-3.537324643088545,0.067805447364675,0.0161918452865101,15.31940813415081,Alert
380,12.666666666666666,0.2446494854373704,0.2260018873614985,0.1751810664142351,12.789565121878155,0.0113501472098698,0.0764924308820261,3.286737553072035,3.228764118116959,-0.0278656847034472,0.6139621453724755,0.0762681539703084,10.6764465875438,Alert
2236,74.53333333333333,0.2347811403886605,0.3551464089925722,0.2845751904281055,19.24312946251495,0.1766146283384729,0.20907870799801132,8.256589852111686,7.195722313231264,-3.050827960166417,2.661823648239339,0.1649061526768027,40.390811782195335,Slightly Drowsy
764,25.466666666666665,0.3113523179833293,0.2506916723611136,0.2068738865470778,16.313204731792077,0.0567460547044078,0.0935271409534981,3.0908019641871234,1.9057821981444047,0.701595303027741,2.329981765127846,0.05250636668043,11.051183951227175,Alert
2265,75.5,0.253060635055623,0.2784743561179471,0.2285356349840105,20.604957174946986,0.2645943880236479,0.1169353595120566,10.380610671826249,9.759276802720748,2.559874703566533,2.4414413181458703,0.1901437176676322,42.11115498417162,Slightly Drowsy
792,26.4,0.3053065507670025,0.2294879722174972,0.1991456099654572,18.360777786857778,0.0765439147424305,0.0840959575456383,5.496407957476172,3.022852306939985,4.244521988476665,-1.7483985400282998,0.0377630579182737,9.824142670790067,Alert
1077,35.9,0.3194422865271892,0.2920244101963978,0.2362567616545016,14.261285090189553,0.0739268860133917,0.0604893412877073,4.228400176942176,3.919844158791343,-1.5791725953320332,0.1428416651621863,0.0378230274986167,16.056695389285903,Alert
879,29.3,0.2446494854373704,0.2847311684469934,0.1784413568729766,14.703370868723942,0.0362006735217173,0.0845405772077789,3.864745718174619,0.520309834142269,3.8228167762031102,-0.2271762272421006,0.0323483231455513,7.528499841563746,Alert
338,11.266666666666667,0.3538050669716786,0.2948423401531458,0.1811834114472221,10.41022619032868,0.0,0.0856201850056361,4.519710240430091,-3.3314890653870908,3.037912228932216,-0.3163076887446406,0.1048618593918946,20.840905854836976,Alert
3821,127.36666666666666,0.1558213753303592,0.3380419433816313,1.0305338576463188,5.777617785452071,0.1514247781570479,1.928809498709149,31.949807020077746,16.453865871334337,23.229794958941653,14.50645003692762,0.8096575621455949,100.0,Sleep
2768,92.26666666666668,0.1820512427668382,0.8009949420947853,0.5027209627620339,22.284618676693068,0.2526515789079266,0.4812496714862221,26.14407239070168,21.42180324803624,12.942819366700627,7.556605958605549,0.397899027719984,70.59081575239917,Drowsy
3797,126.56666666666666,0.1257629303148099,0.39108843178314,1.0208007724261905,3.540382097067483,0.3008833037691953,1.5405003373689654,37.29791995754534,33.35761562308801,6.048110131838408,15.550713068374948,0.8617385563658221,100.0,Sleep
2344,78.13333333333334,0.2411896611128037,0.3006110904100704,0.3106817651550111,19.94929289372963,0.0,0.2985510279331972,8.912678225921056,5.002896015290896,1.6936362980567616,7.179029231650916,0.1316699419680993,46.46016250355701,Slightly Drowsy
3774,125.8,0.2446494854373704,0.4270643258471119,0.8077904557460993,4.004856166753963,0.1916183295352894,2.052804989718417,39.724765155519535,28.536704517945797,20.08291708677121,18.98393803199179,1.0,100.0,Sleep
1017,33.9,0.3265504143589619,0.3126698034066553,0.169148490365482,14.44667443804768,0.0,0.0710069961231437,4.18656713839889,3.909757271439111,-1.1711834013514275,-0.932454783434224,0.0191709409645036,15.797094409867109,Alert
1276,42.53333333333333,0.3604339674361264,0.2679952021039219,0.1568247418082352,15.849398226743173,0.1094086633658847,0.1023526488320791,5.745391472921312,3.254630123399727,3.260590469165508,-3.432995154287732,0.029563389170237,7.682920934973565,Alert
3799,126.63333333333334,0.1256415668567236,0.4127077302554861,1.3274563784476432,6.1507573811854686,0.2268829148499275,1.649726698669738,43.845542303603374,36.95778072408833,20.34239170841633,11.947431666623276,0.9121844897282873,100.0,Sleep
3534,117.8,0.1337156224373906,0.3832257179105289,0.916853393913549,4.476885327066374,0.2752224366477546,1.6004047079869106,37.6724131851245,23.95167156770129,13.436110443559787,25.78757608718151,0.7842741356523939,100.0,Sleep
456,15.2,0.2881441970230801,0.3166968927867707,0.1946332446325301,12.164416695072406,0.0443388145064861,0.1119664361528206,3.863317669039852,3.833869533764664,0.0263509646944434,-0.4753666339219686,0.0415321814090331,10.279985423446796,Alert
3343,111.43333333333334,0.1743122235631331,0.5567320083569853,0.4487078832797382,26.15119672687696,0.341485597929864,0.582344682997513,37.57505773474688,22.437569259734893,27.081912692525385,13.229151688547285,0.3490898805641134,75.29057810676211,Drowsy
816,27.2,0.2813735898148391,0.2672840797064009,0.1888971803008292,15.334238120015485,0.1097181049101531,0.0721795066626884,6.591300985100773,5.698704404652182,-1.977071479979012,2.6572928230892874,0.0563493425339674,8.814961227289293,Alert
2318,77.26666666666667,0.2987679869034131,0.4580345717870158,0.3331702251832033,24.178691670965467,0.3606390485176125,0.1883953854000236,4.531267985329363,4.085884558034179,1.8961117623840629,0.4926429922747961,0.1848720528925347,42.206320733203,Slightly Drowsy
996,33.2,0.350254152384133,0.2574275038887196,0.2037978748786509,12.111347996517797,0.139324636685287,0.0661408599093757,5.258203248528575,4.5652186024000105,2.531370077644727,0.6321756442178676,0.0265891367716663,10.851927560561563,Alert
1982,66.06666666666666,0.2767735594846611,0.3447174952455459,0.2325037538058527,17.86662733753543,0.0529513947952928,0.1816493268133523,9.610545202033846,5.655220848088916,7.150213627220191,3.04228554294151,0.1603868622262957,39.232797350458775,Slightly Drowsy
202,6.733333333333333,0.3351128831588841,0.3108816571813193,0.1664372900150076,12.824894630601246,0.0606351291860819,0.0712656052791881,6.579481703382605,1.834668463435444,6.299165367499546,-0.4940514014919933,0.0328331969595755,9.045136814034189,Alert
162,5.4,0.3623762760107688,0.2582072723392942,0.1858382236571172,12.14382353575488,0.0,0.0677646181818942,2.6860186447362024,1.9074080073789696,-1.28790667355178,-1.384841959747712,0.0118736507265633,10.61908117109907,Alert
1580,52.66666666666666,0.207145603072029,0.3383357913186072,0.3172349315626277,22.89445894645381,0.2685833203298412,0.1193482275830734,10.468290019708697,8.104238829132221,6.615458018569512,-0.3769935565267115,0.2144823036218618,40.570647672113886,Slightly Drowsy
2778,92.6,0.1958753388264868,0.4355214462434584,0.4524952753534401,37.05171000665015,0.4350632277839519,0.6385840747132813,26.41148866028044,24.679802780603023,7.839910841047082,5.197101689123839,0.4802469677983277,78.60357188627813,Drowsy
2450,81.66666666666667,0.2446494854373704,0.5878821188979828,0.4170262500730574,33.92445597680209,0.5741999496984131,0.5115199580169637,32.87710998186874,30.21601261923701,9.3027197370664,9.019775365694995,0.4522808241206236,76.13048968483226,Drowsy
703,23.433333333333334,0.3241310012516231,0.2804382652515425,0.2291163493410856,10.421612882363933,0.0,0.0476830705806633,4.285326149308016,2.9316204662001377,0.4994793813453735,3.085472734559552,0.0448695015427354,10.184371740374884,Alert
1501,50.03333333333333,0.2319081757257385,0.4066414352046099,0.2521741819951921,18.7067241657499,0.2425692907349105,0.2486349424879592,10.3322925032407,8.708047202316035,4.083216095090177,3.775384565253768,0.1854570767226912,34.39761188086329,Slightly Drowsy
3894,129.8,0.115969030473498,0.3467654293295896,0.9688156850394902,4.8381090640759,0.0866135751579536,1.7824526455487757,45.73092577529452,36.56504422427141,20.26553384326004,18.53707774138778,0.8888991866846243,100.0,Sleep
3844,128.13333333333333,0.1296824717324456,0.3501174982283367,0.779151220315401,9.797130917368005,0.1558112402118768,1.6895554035393363,54.10932666834548,43.79007559502946,15.556006101971375,27.717488811917256,0.736694492354823,100.0,Sleep
1130,37.66666666666666,0.3157456867149804,0.2465795821445573,0.1337772657505391,10.946756538486936,0.0845756598962666,0.0735875104738637,2.207705602236908,0.481197725198224,-2.147901669551827,0.1700917204003636,0.0352108981246883,10.26463259589264,Alert
2614,87.13333333333334,0.2072602094182137,0.6262285716801593,0.5233311895575656,20.754808302808318,0.5430152736240305,0.7510940884560054,20.73433730899986,18.595502842488536,5.011911158192119,7.681195494242655,0.4131433841780157,67.47883820915902,Drowsy
3462,115.4,0.141937752276747,0.2906083494663504,0.9466084919498148,7.585095708033254,0.142693687784087,1.343830094660043,31.24744439507992,26.86390960785572,15.322906520205532,4.465610549254336,0.7417871203919004,100.0,Sleep
1022,34.06666666666667,0.3052709903002764,0.2867416701655428,0.1756800006689501,13.764318206922583,0.0572584425392255,0.0537294440329201,2.1707898684752496,2.0989243103341204,0.4903432398524317,0.2576992427118286,0.0356833848912769,16.35969781224917,Alert
3074,102.46666666666668,0.2143239783324605,0.427176915500926,0.4013936964033411,25.753191943155368,0.5967057000391703,0.7071254735852011,29.74387713166502,15.66299810274573,19.23266374640913,16.41564383368891,0.4155065193597892,71.76314540728825,Drowsy
3460,115.33333333333331,0.1281796148797575,0.2940587986466725,1.1537927809765725,7.553292619711287,0.1902540365599084,1.5758705894642473,35.83578458437353,35.27204998744103,5.017238648812302,3.8617693874633474,0.7250139304646239,99.78424923228,Sleep
1586,52.86666666666667,0.2445941536475101,0.5148347756886027,0.2172257462909922,20.35311301164704,0.0869847078005895,0.2049905545150954,4.90031198540278,2.790581398867964,3.5649959086655283,-1.8752379000468975,0.204704826603386,48.52759859399144,Slightly Drowsy
1956,65.2,0.2622258229447649,0.3717285009968267,0.3040433095243106,25.542860676785168,0.1481242677302463,0.1537969751615944,8.888935878146714,6.8686141951971535,2.6810273645205287,4.964616032890375,0.1370200644136476,46.190189230148285,Slightly Drowsy
3153,105.1,0.1825629400102453,0.4535121319137313,0.565913788119095,22.55828031326368,0.6073856038618686,0.3722263852926806,22.734093268292224,16.498423163130422,13.510902404406137,7.880136171431549,0.4766739324738575,66.8902032509621,Drowsy
2254,75.13333333333334,0.2512356364638704,0.3664955836336024,0.2824096812537482,18.136475334257504,0.1878231239195516,0.2105979440478749,11.647394829246949,7.34051054988752,7.815001037580554,4.550216473748636,0.1451836185978745,39.25871741909818,Slightly Drowsy
35,1.1666666666666667,0.3738295614377889,0.2531428352989183,0.2061696191016203,14.45835501434588,0.1375921173287069,0.0638340342928969,4.6137877591347145,-0.0993046054519402,-1.7981779363320665,-4.247791448619614,0.0294848995663847,7.773465573896142,Alert
776,25.866666666666667,0.2936168960351885,0.2686631901374428,0.1863563753648665,16.52594828320816,0.1565871280820747,0.0623607847146565,3.508393124349238,-1.6067869650067812,1.4401908537123118,2.7663890306586865,0.0653266053591257,14.576699132085237,Alert
2557,85.23333333333333,0.1936721274355211,0.4300610772270677,0.5049190507172442,20.78753959866125,0.7167530264522591,0.456413279825354,26.029429359768,22.18326685922977,10.145355166362808,9.083261132198384,0.3986969640105845,77.52588069501192,Drowsy
3500,116.66666666666669,0.1311423812443667,0.4079085690379492,1.1998278458107052,8.119820810611154,0.177070535899559,1.9767174494178348,35.470772064123,28.057136912222685,12.885676362034497,17.46230465335733,0.8570120179772687,100.0,Sleep
1479,49.3,0.2705400882357531,0.3598125733099074,0.3439069998681993,25.00062767167162,0.1716632190667641,0.1966727735958236,12.53229372355842,8.981620867695604,7.867533667022974,3.8066765768550286,0.2242237258115793,39.24512908550203,Slightly Drowsy
3004,100.13333333333334,0.1785669777944512,0.6381872084036164,0.3961833794064769,29.78806026942492,0.7369799626015535,0.384120190304798,25.25282683848629,22.538819989846267,8.760507818081196,7.277386864061699,0.4760021504172979,71.62661550292097,Drowsy
1391,46.36666666666667,0.3017500832104981,0.3110394930821005,0.1664272720557287,12.081232408315474,0.0,0.082047643966953,4.6273944738807575,0.4253316271565621,0.2892911385855132,-4.598715392474123,0.0433965334516737,2.1432106410724,Alert
2140,71.33333333333333,0.2264471466025097,0.2930600394210277,0.2548872501618673,23.283142855029077,0.2617115547912253,0.162065835735133,6.292915064245502,4.16753428214466,-3.119292701293736,3.5358805206924893,0.1507144439211704,49.80580916098232,Slightly Drowsy
1364,45.46666666666667,0.3260145189431648,0.2693627073334619,0.1527104392250088,17.092877438696792,0.1024883197440612,0.0623178171794015,1.673128113229319,1.6155370871345207,-0.4302696493767872,-0.0653118074806198,0.0412858975717516,15.35055591613768,Alert
2946,98.2,0.205085965713365,0.6690095812683384,0.5409533571560421,22.150858417230992,0.4846368175214131,0.6223820015740508,18.98312079564205,14.864469460206148,10.632309163650962,5.134240416758871,0.3637427869777038,68.80361943658512,Drowsy
2613,87.1,0.1969249155389033,0.5550117967359823,0.4265746988956236,25.97290975057216,0.3564711557138585,0.5837241461503209,13.213479480381917,8.377727015685236,10.18647710942357,0.803376703870156,0.4435353423340401,74.67995275216337,Drowsy
3418,113.93333333333334,0.0984746102827402,0.4184006378308965,1.0593861464988816,3.5209222544859453,0.0562720873411517,1.981159508484359,33.105937535754,31.263112942872752,0.1764449265483776,3.289651897105,0.8751074479121628,100.0,Sleep
2825,94.16666666666669,0.2023352433385546,0.5523676442480414,0.4442327498713499,28.588504068908986,0.2821261947501087,0.4690445484202308,29.737375291070627,25.715004326286948,2.8187734869419145,3.289651897105,0.3415224311755115,64.69059659202934,Drowsy
2042,68.06666666666666,0.2786401934273725,0.3531690654261213,0.2268769986898115,16.708887116691425,0.3765443945643576,0.1910666252226359,9.375654446590858,8.521024753378963,0.914491094641563,3.80246492317854,0.2383731860640612,37.10897901322761,Slightly Drowsy
242,8.066666666666666,0.3579820980910442,0.2978777230984658,0.2109174175687217,12.355413615369658,0.0841810090826646,0.0581613219920937,4.398404292012057,4.225618752091272,0.5155180193805937,1.106502439969567,0.0164881078875029,7.882695415741714,Alert
2062,68.73333333333333,0.2172634431569427,0.2176812841836593,0.2372849509227337,19.84181270208301,0.2515404944648633,0.2026963234024328,7.516633707635848,7.327409107851511,-0.0576864931343399,1.6749717398965336,0.1428029356052335,32.41122510032139,Slightly Drowsy
2364,78.8,0.243765915715845,0.3223895157841501,0.2701839042965097,23.92142462471297,0.2765133765274157,0.1358830434723604,6.860603021403686,5.938796197850103,3.4346271781011817,0.0436999444309202,0.175211770678372,41.14579123700288,Slightly Drowsy
601,20.03333333333333,0.2877629853197578,0.2820457318246978,0.2073786096762132,15.054292332507742,0.0476138275203123,0.0459666828342516,1.6722989703553068,-0.0243120894182098,0.563401014127566,-1.5743481399739927,0.0440671891999753,14.523339094883925,Alert
2436,81.2,0.1847006008998626,0.3507643175493727,0.5025567167196126,25.76879993425847,0.667059947111477,0.6804972440849761,33.15974235543416,23.718359209902356,21.87882761901674,7.63707087083555,0.4524040751778344,78.421935056144,Drowsy
1298,43.266666666666666,0.3415021266935705,0.2932863519745068,0.1549143865638502,13.546484913207024,0.0879128310564986,0.0523396438251105,5.6539314581391,-3.232945055977898,4.524248550432062,1.0228305100437594,0.0521346000504021,6.875198346721978,Alert
2215,73.83333333333333,0.2659515412652845,0.4750015342572226,0.2602826807021325,19.787997883884906,0.1066646243248587,0.2456206533938487,4.9683070684244255,3.9640498476632366,2.5176142728986,-1.622344693428138,0.215358873707141,47.99693874766973,Slightly Drowsy
2889,96.3,0.1923370806700071,0.5485569740756213,0.324912963490105,30.81545542650473,0.5603225018723637,0.6500543957469155,24.512746756732906,21.04068776885679,10.719689902983331,3.289651897105,0.5466003205192091,92.21326901494804,Drowsy
2069,68.96666666666667,0.2601070926198349,0.3367968734935672,0.2670226967300605,29.00551510795412,0.1842824620358779,0.20907870799801132,9.678838090724454,9.51619843021172,-0.7200956563940268,-1.6134858130572605,0.2128392836966764,34.43186315180598,Slightly Drowsy
647,21.566666666666663,0.2716258970689882,0.2747723476522626,0.1089756703988016,14.884426577228474,0.0108279907886945,0.083267207098316,6.367054467161856,5.285187453811511,-2.846246085804,2.122512517024236,0.0313322086662769,19.305474602015668,Alert
3891,129.7,0.1778951092812446,0.3366304421524928,0.8146919904052607,3.664013580175116,0.1860631543260664,1.920477319143283,39.1592571135714,30.656017715041887,10.889873980517851,21.796023495818456,0.9111408823446224,100.0,Sleep
3557,118.56666666666666,0.1385861610464771,0.4118110596351199,0.8637207619976798,6.2497083419898045,0.0,2.1465607826745567,44.33502118797831,41.01062107392727,15.33439634077435,6.969888932636222,0.9094358108981708,100.0,Sleep
3203,106.76666666666668,0.1759828429881414,0.4641648015738172,0.3443776396903375,34.117421129591065,0.6796537992195025,0.6239479574736371,28.038380472745484,20.755709509264253,17.490052964898233,7.032023150312248,0.4695863500435339,70.25115500263773,Drowsy
1529,50.96666666666667,0.2696859289039409,0.2904785497105095,0.28821653081831,26.231802393049016,0.2474484319486191,0.159915635814649,5.4178222754417495,4.7246718564197066,2.192255447976038,1.4914054137784811,0.2411511534284122,28.90280520430758,Slightly Drowsy
2880,96.0,0.1954587825148376,0.4131635621385386,0.5027191899915907,27.838715589342257,0.4391505562237882,0.631084805696286,22.23973983821633,20.29262832998124,8.585411577847852,3.017610241854557,0.3810268344524384,68.58947336015423,Drowsy
1268,42.266666666666666,0.3003858251849369,0.3222913150081531,0.1873435385881049,15.53039201738888,0.0140450475649068,0.0209235302919875,2.779376574377689,0.692239232788759,-2.59971166327649,0.6980245372561587,0.1057144742736368,15.36540271004954,Alert
3639,121.3,0.129764830609285,0.4166170451535829,1.2148560722759845,4.839043639107614,0.1742299920526753,2.151537746327487,37.40158546104367,23.936126382467123,15.246369796460634,24.361622623131804,0.8227799695632148,100.0,Sleep
1900,63.333333333333336,0.2657219264020875,0.3126695044894226,0.2679467255438647,27.16863805447125,0.1422702247016508,0.2026667902165514,4.473117630949297,-2.1854390811535964,-1.92738200432518,3.393793743331999,0.229119512383424,31.588045234943287,Slightly Drowsy
563,18.766666666666666,0.2767704277624145,0.3483521083871329,0.1781670747598239,12.128000509949866,0.0666720629793245,0.1033424157600659,4.814266387306103,1.9423736097863344,3.8357255038181233,2.165999877033737,0.0184723762519588,9.461397820696666,Alert
3976,132.53333333333333,0.1082818869355718,0.3639925637730782,0.8574329013970872,5.969105922891814,0.191759066069183,2.592758076538239,30.42074046087033,27.065345177846115,-1.4728258128705658,13.81011675246149,0.8780422131778637,100.0,Sleep
2735,91.16666666666669,0.2446494854373704,0.6197016704833874,0.3548289109940725,33.764848951224224,0.4903819041416747,0.20907870799801132,22.22040386285621,15.004388036472298,14.8514584359435,6.931729207408856,0.3935513848963605,72.11783713059103,Drowsy
3006,100.2,0.1827112779876079,0.6460599774555312,0.5404676246974133,31.416870571016144,0.5053617089087596,0.555934679468341,35.15632907989356,25.844182240673817,17.686997305667063,15.9754763620349,0.3853636802680778,70.36517870221502,Drowsy
190,6.333333333333333,0.3087452683787147,0.2800184785599809,0.1980362024678734,10.390362959666144,0.0,0.0689892630101683,1.875488641113486,-1.051781064785397,-1.5244205929419326,-0.295560637634943,0.0309350318195397,17.194172595370024,Alert
1807,60.23333333333333,0.2476562193187092,0.2587481842745128,0.3181437980265007,19.927417845058173,0.2276932656843824,0.2027357544254665,13.205581353415424,12.384382445533973,3.498532056009965,2.9622160247851306,0.2431446156191452,37.28304210506662,Slightly Drowsy
976,32.53333333333333,0.3022877974617727,0.2647731589917449,0.1356599323408744,8.271767982789836,0.0056601163681286,0.0485934837149396,3.413309347959768,2.841780738551528,4.120935210869343,-1.0764742601495785,0.0203117390764957,0.0,Alert
2748,91.6,0.2365273524008436,0.5305246853684655,0.5302319315648024,26.198073727711268,0.6715943797877615,0.532402166854323,17.528780210614293,11.57280050745758,-11.196909126073392,6.925146215717558,0.4595343756079705,84.07524339671455,Drowsy
3548,118.26666666666668,0.1305652352302434,0.3565045269771745,0.9902137979961652,5.8585390118118905,0.0872558092868224,1.8445520188919329,45.0507908026959,30.98025699606264,30.44860454155748,11.94486960489844,0.7828499405944902,100.0,Sleep
2048,68.26666666666667,0.2506932286411437,0.3448155905161581,0.3269041583497203,18.836879487312704,0.2219921690465777,0.2581865716554018,10.342120002517373,4.526823854152956,2.812456069230804,8.86326140867957,0.1989756426062423,37.37378607507365,Slightly Drowsy
3754,125.13333333333334,0.1424689455156879,0.3699133883497001,0.945571870903925,8.027425147967064,0.2810743287554141,1.359668275712376,48.32258849479812,46.37976308331984,4.790441610601711,12.690224755619312,0.855925463341976,100.0,Sleep
2559,85.3,0.1806440707150472,0.4586068889402681,0.5036624837814947,28.83404396515111,0.531719494415176,0.55026228173151,22.219423565871853,17.772196217122946,8.745213371610136,10.068419354829915,0.4710211990093548,64.5829726781963,Drowsy
1083,36.1,0.2632730681761899,0.2458024748850509,0.2877752059173907,17.429845700042602,0.0717302785989709,0.0438482070163708,0.5991701559188999,0.2758612377476401,-0.1596373088189497,0.5073671085961938,0.0137050227937915,10.99750326882017,Alert
475,15.833333333333334,0.329009834875452,0.2976500748684496,0.1887289419041233,12.73247835182486,0.0294439749340462,0.0560209720401224,6.4776925920840895,6.461937597962738,0.040351093857879,-0.4497061115897038,0.0214241583709508,23.709238648155523,Alert
3633,121.1,0.143391441151497,0.4389992596368309,0.579126603541046,7.779100992305325,0.2817185513766069,1.889463278139839,45.77053735123472,36.17614674726119,22.951292888077504,16.107968546873913,0.91513846479003,100.0,Sleep
2905,96.83333333333331,0.1997167091209636,0.3507643175493727,0.4866220935492404,31.37730588825341,0.6580514787454509,0.3753885367410545,20.81088149071716,10.928261299299905,17.027017975773045,4.873043427633252,0.3929147908525509,65.92848269490311,Drowsy
748,24.933333333333334,0.2688140703557312,0.2722744935064572,0.1400196467692439,9.869393306616276,0.0886782658137926,0.0908924914899867,4.279239879821511,3.123583789868156,2.76307751919298,-0.959437793532272,0.0313472496733294,20.829613247296844,Alert
2301,76.7,0.2334981405332996,0.4463167655228293,0.2285110727798362,24.735291039678483,0.0875868912048174,0.1873717779109216,8.023451977375606,7.326584783213384,2.0532186046819447,2.5458260759577724,0.1245211820827682,34.666766190155464,Slightly Drowsy
22,0.7333333333333333,0.3254114647395494,0.2815950143966335,0.1604519895718255,19.359860223313312,0.0753567608927204,0.0394971482668478,3.595837594384393,2.466135786923569,-1.985359394305164,1.704866669592448,0.0241495852313459,11.083847019204992,Alert
3386,112.86666666666666,0.1817402526025839,0.6709252969887817,0.3143484934516253,28.079910808710046,0.5794244080053633,0.574159025656943,19.866431875540197,16.452022411214767,10.707373551162693,3.059121717458805,0.5005613040757496,78.5500527801763,Drowsy
460,15.333333333333334,0.3153330259421639,0.3055172275750827,0.1905349640288125,14.854150579881566,0.0391474008772681,0.0556683839172858,2.275143649498385,-0.8038253685625687,2.1280575433659514,3.289651897105,0.0372297551078555,9.85127677527099,Alert
1185,39.5,0.3233440143513557,0.3171624668435412,0.2041571957371322,13.908881699354906,0.0265211605591814,0.086639278571331,3.71330167106425,3.2752468280181826,-1.7177581443795815,0.3326777319013116,0.0647240995651919,20.50361685413932,Alert
2325,77.5,0.2773011664302445,0.4441996668759535,0.2726567084202737,23.28950432952169,0.2081982785626425,0.20907870799801132,4.880060842077378,1.5680944571314317,4.195393867617091,1.9377161534785092,0.2556632135357436,39.54659295184067,Slightly Drowsy
956,31.866666666666667,0.3390949943090815,0.2662915286673589,0.123524377455976,15.2300101352574,0.0047572548026011,0.0607571754361923,3.472680311543948,2.00055986998947,-0.2853746326604094,-2.8241512126312607,0.0433098312826628,15.366410632133912,Alert
1216,40.53333333333333,0.3466866962767672,0.2678203657641546,0.1124239945564905,13.5270491621027,0.0437522439961121,0.0755015953812895,0.7931435428765357,0.4313470838107456,0.6523172421775271,0.1322822302980034,0.039503393717467,12.904342349934243,Alert
2434,81.13333333333334,0.1903995387700336,0.5616740087864975,0.3541156457518619,30.5616603485089,0.6086434174896975,0.4258379938341828,28.88027501250532,23.1581155643582,13.32847484945669,10.960097011120393,0.4134924915074908,77.23860508428803,Drowsy
2854,95.13333333333334,0.1960031537528398,0.4021781296480029,0.4998425521552667,28.132710375693375,0.7370032934965763,0.5723074273237132,18.27752492739056,14.366711013701751,-1.280045614210696,11.226175454967024,0.3490736217625226,70.76326107838439,Drowsy
3486,116.2,0.1599330315887877,0.3905609716606257,0.9501766031773616,8.620237697193971,0.22910887115132,1.6956393471355256,26.93635821339512,7.843510981818261,4.120935210869343,10.185769126256735,0.949141156687154,100.0,Sleep
1516,50.53333333333333,0.262699257472251,0.3585916545775223,0.2787125619622287,22.29917037621904,0.18487536633181,0.1325371902767426,7.001862562331177,4.310867772061801,4.979099364446793,2.377197491278203,0.1737676367127237,38.170005340810725,Slightly Drowsy
2392,79.73333333333333,0.2433645321251051,0.4702891347374081,0.3026577994711611,22.087232201539702,0.2655920621407079,0.1807727836009393,14.133604972292693,10.230551867315562,7.58094086665413,6.133835144448876,0.1623676187460569,33.96486126605185,Slightly Drowsy
770,25.666666666666668,0.3597380759025965,0.2537356455285871,0.1151390310021768,15.14597252489267,0.0058090130543393,0.0997721758699834,3.497652807097061,1.0471557583164528,1.8111397216325889,2.803000693104316,0.0158228227075855,8.639968899760044,Alert
3381,112.7,0.1870309233477633,0.5011811352341919,0.4231059296660656,25.68365138433944,0.4177909578347688,0.5790402137436154,19.08976502685499,15.721977487305931,4.289191245729743,9.94190078037076,0.4993475399141304,74.10587175265916,Drowsy
1686,56.2,0.2579916910641552,0.3014742534935545,0.321270476179985,23.787376091081136,0.0712570330650052,0.198490328151656,8.539031311129415,8.350848576905214,1.63977330588777,-0.6996622637720344,0.1911383515778964,53.70736381411939,Slightly Drowsy
131,4.366666666666666,0.3276851674452275,0.3085508024388754,0.2058142046507923,12.542306403577657,0.0433151314485435,0.0856515990097659,5.11037161407895,1.3782721845411323,4.822036728059977,0.9819499032765028,0.0546975557209963,14.507600522966284,Alert
3736,124.53333333333332,0.1357464254256646,0.560591731747275,1.1878043608132147,5.743575741980666,0.2637338803196458,1.1272611014765874,10.659546637155405,33.273223401998244,17.69233706120064,18.528465156452544,0.8093210603314236,100.0,Sleep
2920,97.33333333333331,0.1889901666474621,0.5357999792034486,0.3457588015298153,28.06150805893412,0.4073877290728905,0.3849278866442628,20.587443769739405,13.265073602651928,12.466126329354012,9.616462843946078,0.4467657741681208,82.1525392885701,Drowsy
3172,105.73333333333332,0.1920322874711217,0.3507643175493727,0.3501662784757419,24.85330004858526,0.6094082115627198,0.4481219423303667,23.45235601261903,20.609087110095224,11.02242631013031,1.945417505031263,0.5077438151588427,68.32041651233307,Drowsy
3445,114.83333333333331,0.1363480835915774,0.4355832526666819,1.136542635175668,3.918047981411589,0.0947457355972339,2.1176630647076573,31.71211402459611,30.962199906524912,-1.5906884528907028,6.668587789271003,0.9030058513039184,100.0,Sleep
2136,71.2,0.2663869381276509,0.4470830331986143,0.3005440493589879,19.44623759278447,0.2466440584771108,0.1985087512792163,6.820362970663727,-1.2180039704152037,4.120935210869343,3.291626625039018,0.2262567108598975,35.99452442759948,Slightly Drowsy
1483,49.43333333333333,0.2319837651797727,0.3440451982874488,0.2605367501458105,21.647924131176275,0.1464358138899351,0.1386327615725111,16.968643996543364,16.549749108538123,-1.4536169893500563,3.4536475173563472,0.1091188868630383,28.878235029775407,Slightly Drowsy
331,11.033333333333331,0.3349110284395438,0.2577999953308709,0.1729209003836708,15.860464275787589,0.0668618433414624,0.085336367925908,1.6190422709007255,1.152194301824903,1.110183345806866,-0.2474653601995132,0.0491561121985156,9.47876420083374,Alert
1239,41.3,0.2739061760301842,0.2513331574908418,0.2231458675562624,14.835688665191302,0.0739438036577757,0.0947713207840412,4.383139542539705,0.5216265505043056,4.1638967519201024,-1.2656151984443644,0.068124647185251,13.81803413065704,Alert
467,15.566666666666666,0.313156768695831,0.2795005376467714,0.1844879387255636,14.244567936769808,0.1565871280820747,0.0968767901928347,4.555790807108271,2.98158528912742,1.3607565705276552,-3.164446333492956,0.0410045539833136,13.76848279941952,Alert
2170,72.33333333333333,0.251159658931777,0.2993642462100574,0.3160345776219598,21.57844998075588,0.2286256850015918,0.187465254748597,10.65159375068063,9.052499755806556,5.589735895423008,0.5133714250719841,0.1425293026966795,39.90147458009542,Slightly Drowsy
1639,54.63333333333333,0.2497050456396631,0.2957217203144444,0.2786331247386269,29.40519783347045,0.1592523922935433,0.2077909602251227,11.985143867359929,10.173269350332491,5.121165167863628,3.73121046985574,0.1655039026524768,39.01206634764553,Slightly Drowsy
3093,103.1,0.2142146943347383,0.4954140165074411,0.4890645337997951,25.784781426893502,0.4144465165829517,0.4956980864754067,24.5220335445269,9.908664054748511,20.72929383989787,8.56999899114401,0.3843215176768676,71.2039249741284,Drowsy
3773,125.76666666666668,0.1202474494021889,0.4168951811934786,1.0469004641193886,8.672467400718602,0.2504428809587403,1.4849343314841144,30.3014737169638,25.154793080779186,9.091032347864196,14.239691897408395,0.8001383907207997,100.0,Sleep
1096,36.53333333333333,0.3262873417485498,0.3029277306170684,0.1898667461018112,16.543828559826565,0.0314833448205469,0.1015078110883282,5.924754767709848,4.77624966411846,3.2476110260487294,-1.320295734672952,0.0366332473152561,12.956165313783092,Alert
1131,37.7,0.3537330981952685,0.3338305698651572,0.1316993498127301,14.818981827857394,0.0189255160551443,0.0750349777227781,2.8827609581841034,2.773195962816736,-0.6381597507927581,0.4609197612552663,0.0534594041206383,13.079508903412975,Alert
1295,43.16666666666666,0.3337859134543886,0.3054037401813579,0.1904787831706262,13.322212129095227,0.0897600815802511,0.0813169699513183,3.631677424254207,0.8376924640881984,-0.541960146137163,-3.491938064949964,0.0363551635164292,14.307798354343468,Alert
861,28.7,0.3295311163790524,0.2785787818912514,0.1771136321387826,14.647326070564224,0.0714722987689961,0.0550087017615198,8.011428367483372,5.584084022044695,-5.578989121649395,-1.369624219477792,0.0381146185847019,13.59562344281912,Alert
3508,116.93333333333334,0.1120961034183086,0.4261774571432775,0.7314024639802441,6.781928206074725,0.1565871280820747,1.2571596021039708,25.54233703790441,20.28935033874333,8.024159689141666,13.280290112523652,0.9684383425321132,100.0,Sleep
3175,105.83333333333331,0.192969683955498,0.451653568960048,0.4776927734378487,35.024288615302446,0.5908533012139806,0.5237455789958761,15.110624466437114,11.519753801968156,9.40690503338358,2.671400718842236,0.4183053045005839,73.85813525961768,Drowsy
