frame_number,timestamp,ear,mar,blink_duration,blink_rate,yawn_freq,eye_closure_dur,face_angle,head_pitch,head_yaw,head_roll,perclos,ear_velocity,ear_acceleration,fatigue_score,state
1,0.033,0.3,0.28,0.18,0.0,0.0,0.0,0.0,0.0,0.0,0.0,0.0,0.0,0.0,98.0,Sleep
2,0.066,0.3,0.28,0.18,0.0,0.0,0.0,0.0,0.0,0.0,0.0,0.0,0.0,0.0,98.0,Sleep
3,0.099,0.3,0.28,0.18,0.0,0.0,0.0,0.0,0.0,0.0,0.0,0.0,0.0,0.0,98.0,Sleep
4,0.132,0.3,0.28,0.18,0.0,0.0,0.0,0.0,0.0,0.0,0.0,0.0,0.0,0.0,98.0,Sleep
5,0.165,0.3,0.28,0.18,0.0,0.0,0.0,0.0,0.0,0.0,0.0,0.0,0.0,0.0,98.0,Sleep
6,0.198,0.3,0.28,0.18,0.0,0.0,0.0,0.0,0.0,0.0,0.0,0.0,0.0,0.0,98.0,Sleep
7,0.231,0.3,0.28,0.18,0.0,0.0,0.0,0.0,0.0,0.0,0.0,0.0,0.0,0.0,98.0,Sleep
8,0.264,0.3,0.28,0.18,0.0,0.0,0.0,0.0,0.0,0.0,0.0,0.0,0.0,0.0,98.0,Sleep
9,0.297,0.3,0.28,0.18,0.0,0.0,0.0,0.0,0.0,0.0,0.0,0.0,0.0,0.0,98.0,Sleep
10,0.33,0.3,0.28,0.18,0.0,0.0,0.0,0.0,0.0,0.0,0.0,0.0,0.0,0.0,98.0,Sleep
11,0.363,0.3,0.28,0.18,0.0,0.0,0.0,0.0,0.0,0.0,0.0,0.0,0.0,0.0,98.0,Sleep
12,0.396,0.3,0.28,0.18,0.0,0.0,0.0,0.0,0.0,0.0,0.0,0.0,0.0,0.0,98.0,Sleep
13,0.429,0.3,0.28,0.18,0.0,0.0,0.0,0.0,0.0,0.0,0.0,0.0,0.0,0.0,98.0,Sleep
14,0.462,0.3,0.28,0.18,0.0,0.0,0.0,0.0,0.0,0.0,0.0,0.0,0.0,0.0,98.0,Sleep
15,0.495,0.3,0.28,0.18,0.0,0.0,0.0,0.0,0.0,0.0,0.0,0.0,0.0,0.0,98.0,Sleep
16,0.528,0.3,0.28,0.18,0.0,0.0,0.0,0.0,0.0,0.0,0.0,0.0,0.0,0.0,98.0,Sleep
17,0.561,0.3,0.28,0.18,0.0,0.0,0.0,0.0,0.0,0.0,0.0,0.0,0.0,0.0,98.0,Sleep
18,0.594,0.3,0.28,0.18,0.0,0.0,0.0,0.0,0.0,0.0,0.0,0.0,0.0,0.0,98.0,Sleep
19,0.627,0.3,0.28,0.18,0.0,0.0,0.0,0.0,0.0,0.0,0.0,0.0,0.0,0.0,98.0,Sleep
20,0.66,0.3,0.28,0.18,0.0,0.0,0.0,0.0,0.0,0.0,0.0,0.0,0.0,0.0,98.0,Sleep
21,0.693,0.3,0.28,0.18,0.0,0.0,0.0,0.0,0.0,0.0,0.0,0.0,0.0,0.0,98.0,Sleep
22,0.726,0.3,0.28,0.18,0.0,0.0,0.0,0.0,0.0,0.0,0.0,0.0,0.0,0.0,98.0,Sleep
23,0.759,0.3,0.28,0.18,0.0,0.0,0.0,0.0,0.0,0.0,0.0,0.0,0.0,0.0,98.0,Sleep
24,0.792,0.3,0.28,0.18,0.0,0.0,0.0,0.0,0.0,0.0,0.0,0.0,0.0,0.0,98.0,Sleep
25,0.825,0.3,0.28,0.18,0.0,0.0,0.0,0.0,0.0,0.0,0.0,0.0,0.0,0.0,98.0,Sleep
26,0.858,0.3,0.28,0.18,0.0,0.0,0.0,0.0,0.0,0.0,0.0,0.0,0.0,0.0,98.0,Sleep
27,0.891,0.3,0.28,0.18,0.0,0.0,0.0,0.0,0.0,0.0,0.0,0.0,0.0,0.0,98.0,Sleep
28,0.924,0.3,0.28,0.18,0.0,0.0,0.0,0.0,0.0,0.0,0.0,0.0,0.0,0.0,98.0,Sleep
29,0.957,0.3,0.28,0.18,0.0,0.0,0.0,0.0,0.0,0.0,0.0,0.0,0.0,0.0,98.0,Sleep
30,0.99,0.3,0.28,0.18,0.0,0.0,0.0,0.0,0.0,0.0,0.0,0.0,0.0,0.0,98.0,Sleep
31,1.023,0.3,0.28,0.18,0.0,0.0,0.0,0.0,0.0,0.0,0.0,0.0,0.0,0.0,98.0,Sleep
32,1.056,0.3,0.28,0.18,0.0,0.0,0.0,0.0,0.0,0.0,0.0,0.0,0.0,0.0,98.0,Sleep
33,1.089,0.3,0.28,0.18,0.0,0.0,0.0,0.0,0.0,0.0,0.0,0.0,0.0,0.0,98.0,Sleep
34,1.122,0.3,0.28,0.18,0.0,0.0,0.0,0.0,0.0,0.0,0.0,0.0,0.0,0.0,98.0,Sleep
35,1.155,0.3,0.28,0.18,0.0,0.0,0.0,0.0,0.0,0.0,0.0,0.0,0.0,0.0,98.0,Sleep
36,1.188,0.3,0.28,0.18,0.0,0.0,0.0,0.0,0.0,0.0,0.0,0.0,0.0,0.0,98.0,Sleep
37,1.221,0.3,0.28,0.18,0.0,0.0,0.0,0.0,0.0,0.0,0.0,0.0,0.0,0.0,98.0,Sleep
38,1.254,0.3,0.28,0.18,0.0,0.0,0.0,0.0,0.0,0.0,0.0,0.0,0.0,0.0,98.0,Sleep
39,1.287,0.3,0.28,0.18,0.0,0.0,0.0,0.0,0.0,0.0,0.0,0.0,0.0,0.0,98.0,Sleep
40,1.32,0.3,0.28,0.18,0.0,0.0,0.0,0.0,0.0,0.0,0.0,0.0,0.0,0.0,98.0,Sleep
41,1.353,0.3,0.28,0.18,0.0,0.0,0.0,0.0,0.0,0.0,0.0,0.0,0.0,0.0,98.0,Sleep
42,1.386,0.3,0.28,0.18,0.0,0.0,0.0,0.0,0.0,0.0,0.0,0.0,0.0,0.0,98.0,Sleep
43,1.419,0.3,0.28,0.18,0.0,0.0,0.0,0.0,0.0,0.0,0.0,0.0,0.0,0.0,98.0,Sleep
44,1.452,0.3,0.28,0.18,0.0,0.0,0.0,0.0,0.0,0.0,0.0,0.0,0.0,0.0,98.0,Sleep
45,1.485,0.3,0.28,0.18,0.0,0.0,0.0,0.0,0.0,0.0,0.0,0.0,0.0,0.0,98.0,Sleep
46,1.518,0.3,0.28,0.18,0.0,0.0,0.0,0.0,0.0,0.0,0.0,0.0,0.0,0.0,98.0,Sleep
47,1.551,0.3,0.28,0.18,0.0,0.0,0.0,0.0,0.0,0.0,0.0,0.0,0.0,0.0,98.0,Sleep
48,1.584,0.3,0.28,0.18,0.0,0.0,0.0,0.0,0.0,0.0,0.0,0.0,0.0,0.0,98.0,Sleep
49,1.617,0.3,0.28,0.18,0.0,0.0,0.0,0.0,0.0,0.0,0.0,0.0,0.0,0.0,98.0,Sleep
50,1.65,0.3,0.28,0.18,0.0,0.0,0.0,0.0,0.0,0.0,0.0,0.0,0.0,0.0,98.0,Sleep
51,1.683,0.3,0.28,0.18,0.0,0.0,0.0,0.0,0.0,0.0,0.0,0.0,0.0,0.0,98.0,Sleep
52,1.716,0.3,0.28,0.18,0.0,0.0,0.0,0.0,0.0,0.0,0.0,0.0,0.0,0.0,98.0,Sleep
53,1.749,0.3,0.28,0.18,0.0,0.0,0.0,0.0,0.0,0.0,0.0,0.0,0.0,0.0,98.0,Sleep
54,1.782,0.3,0.28,0.18,0.0,0.0,0.0,0.0,0.0,0.0,0.0,0.0,0.0,0.0,98.0,Sleep
55,1.815,0.3,0.28,0.18,0.0,0.0,0.0,0.0,0.0,0.0,0.0,0.0,0.0,0.0,98.0,Sleep
56,1.848,0.3,0.28,0.18,0.0,0.0,0.0,0.0,0.0,0.0,0.0,0.0,0.0,0.0,98.0,Sleep
57,1.881,0.3,0.28,0.18,0.0,0.0,0.0,0.0,0.0,0.0,0.0,0.0,0.0,0.0,98.0,Sleep
58,1.914,0.3,0.28,0.18,0.0,0.0,0.0,0.0,0.0,0.0,0.0,0.0,0.0,0.0,98.0,Sleep
59,1.947,0.3,0.28,0.18,0.0,0.0,0.0,0.0,0.0,0.0,0.0,0.0,0.0,0.0,98.0,Sleep
60,1.98,0.3,0.28,0.18,0.0,0.0,0.0,0.0,0.0,0.0,0.0,0.0,0.0,0.0,98.0,Sleep
61,2.013,0.3,0.28,0.18,0.0,0.0,0.0,0.0,0.0,0.0,0.0,0.0,0.0,0.0,98.0,Sleep
62,2.046,0.3,0.28,0.18,0.0,0.0,0.0,0.0,0.0,0.0,0.0,0.0,0.0,0.0,98.0,Sleep
63,2.079,0.3,0.28,0.18,0.0,0.0,0.0,0.0,0.0,0.0,0.0,0.0,0.0,0.0,98.0,Sleep
64,2.112,0.3,0.28,0.18,0.0,0.0,0.0,0.0,0.0,0.0,0.0,0.0,0.0,0.0,98.0,Sleep
65,2.145,0.3,0.28,0.18,0.0,0.0,0.0,0.0,0.0,0.0,0.0,0.0,0.0,0.0,98.0,Sleep
66,2.178,0.3,0.28,0.18,0.0,0.0,0.0,0.0,0.0,0.0,0.0,0.0,0.0,0.0,98.0,Sleep
67,2.211,0.3,0.28,0.18,0.0,0.0,0.0,0.0,0.0,0.0,0.0,0.0,0.0,0.0,98.0,Sleep
68,2.244,0.3,0.28,0.18,0.0,0.0,0.0,0.0,0.0,0.0,0.0,0.0,0.0,0.0,98.0,Sleep
69,2.277,0.3,0.28,0.18,0.0,0.0,0.0,0.0,0.0,0.0,0.0,0.0,0.0,0.0,98.0,Sleep
70,2.31,0.3,0.28,0.18,0.0,0.0,0.0,0.0,0.0,0.0,0.0,0.0,0.0,0.0,98.0,Sleep
71,2.343,0.3,0.28,0.18,0.0,0.0,0.0,0.0,0.0,0.0,0.0,0.0,0.0,0.0,98.0,Sleep
72,2.376,0.3,0.28,0.18,0.0,0.0,0.0,0.0,0.0,0.0,0.0,0.0,0.0,0.0,98.0,Sleep
73,2.409,0.3,0.28,0.18,0.0,0.0,0.0,0.0,0.0,0.0,0.0,0.0,0.0,0.0,98.0,Sleep
74,2.442,0.3,0.28,0.18,0.0,0.0,0.0,0.0,0.0,0.0,0.0,0.0,0.0,0.0,98.0,Sleep
75,2.475,0.3,0.28,0.18,0.0,0.0,0.0,0.0,0.0,0.0,0.0,0.0,0.0,0.0,98.0,Sleep
76,2.508,0.3,0.28,0.18,0.0,0.0,0.0,0.0,0.0,0.0,0.0,0.0,0.0,0.0,98.0,Sleep
77,2.541,0.3,0.28,0.18,0.0,0.0,0.0,0.0,0.0,0.0,0.0,0.0,0.0,0.0,98.0,Sleep
78,2.574,0.3,0.28,0.18,0.0,0.0,0.0,0.0,0.0,0.0,0.0,0.0,0.0,0.0,98.0,Sleep
79,2.607,0.3,0.28,0.18,0.0,0.0,0.0,0.0,0.0,0.0,0.0,0.0,0.0,0.0,98.0,Sleep
80,2.64,0.3,0.28,0.18,0.0,0.0,0.0,0.0,0.0,0.0,0.0,0.0,0.0,0.0,98.0,Sleep
81,2.673,0.3,0.28,0.18,0.0,0.0,0.0,0.0,0.0,0.0,0.0,0.0,0.0,0.0,98.0,Sleep
82,2.706,0.3,0.28,0.18,0.0,0.0,0.0,0.0,0.0,0.0,0.0,0.0,0.0,0.0,98.0,Sleep
83,2.739,0.3,0.28,0.18,0.0,0.0,0.0,0.0,0.0,0.0,0.0,0.0,0.0,0.0,98.0,Sleep
84,2.772,0.3,0.28,0.18,0.0,0.0,0.0,0.0,0.0,0.0,0.0,0.0,0.0,0.0,98.0,Sleep
85,2.805,0.3,0.28,0.18,0.0,0.0,0.0,0.0,0.0,0.0,0.0,0.0,0.0,0.0,98.0,Sleep
86,2.838,0.3,0.28,0.18,0.0,0.0,0.0,0.0,0.0,0.0,0.0,0.0,0.0,0.0,98.0,Sleep
87,2.871,0.3,0.28,0.18,0.0,0.0,0.0,0.0,0.0,0.0,0.0,0.0,0.0,0.0,98.0,Sleep
88,2.904,0.3,0.28,0.18,0.0,0.0,0.0,0.0,0.0,0.0,0.0,0.0,0.0,0.0,98.0,Sleep
89,2.937,0.3,0.28,0.18,0.0,0.0,0.0,0.0,0.0,0.0,0.0,0.0,0.0,0.0,98.0,Sleep
90,2.97,0.3,0.28,0.18,0.0,0.0,0.0,0.0,0.0,0.0,0.0,0.0,0.0,0.0,98.0,Sleep
91,3.003,0.3,0.28,0.18,0.0,0.0,0.0,0.0,0.0,0.0,0.0,0.0,0.0,0.0,98.0,Sleep
92,3.036,0.3,0.28,0.18,0.0,0.0,0.0,0.0,0.0,0.0,0.0,0.0,0.0,0.0,98.0,Sleep
93,3.069,0.3,0.28,0.18,0.0,0.0,0.0,0.0,0.0,0.0,0.0,0.0,0.0,0.0,98.0,Sleep
94,3.102,0.3,0.28,0.18,0.0,0.0,0.0,0.0,0.0,0.0,0.0,0.0,0.0,0.0,98.0,Sleep
95,3.135,0.3,0.28,0.18,0.0,0.0,0.0,0.0,0.0,0.0,0.0,0.0,0.0,0.0,98.0,Sleep
96,3.168,0.3,0.28,0.18,0.0,0.0,0.0,0.0,0.0,0.0,0.0,0.0,0.0,0.0,98.0,Sleep
97,3.201,0.3,0.28,0.18,0.0,0.0,0.0,0.0,0.0,0.0,0.0,0.0,0.0,0.0,98.0,Sleep
98,3.234,0.3,0.28,0.18,0.0,0.0,0.0,0.0,0.0,0.0,0.0,0.0,0.0,0.0,98.0,Sleep
99,3.267,0.3,0.28,0.18,0.0,0.0,0.0,0.0,0.0,0.0,0.0,0.0,0.0,0.0,98.0,Sleep
100,3.3,0.3,0.28,0.18,0.0,0.0,0.0,0.0,0.0,0.0,0.0,0.0,0.0,0.0,98.0,Sleep
101,3.333,0.3,0.28,0.18,0.0,0.0,0.0,0.0,0.0,0.0,0.0,0.0,0.0,0.0,98.0,Sleep
102,3.366,0.3,0.28,0.18,0.0,0.0,0.0,0.0,0.0,0.0,0.0,0.0,0.0,0.0,98.0,Sleep
103,3.399,0.3,0.28,0.18,0.0,0.0,0.0,0.0,0.0,0.0,0.0,0.0,0.0,0.0,98.0,Sleep
104,3.432,0.3,0.28,0.18,0.0,0.0,0.0,0.0,0.0,0.0,0.0,0.0,0.0,0.0,98.0,Sleep
105,3.465,0.3,0.28,0.18,0.0,0.0,0.0,0.0,0.0,0.0,0.0,0.0,0.0,0.0,98.0,Sleep
106,3.498,0.3,0.28,0.18,0.0,0.0,0.0,0.0,0.0,0.0,0.0,0.0,0.0,0.0,98.0,Sleep
107,3.531,0.3,0.28,0.18,0.0,0.0,0.0,0.0,0.0,0.0,0.0,0.0,0.0,0.0,98.0,Sleep
108,3.564,0.3,0.28,0.18,0.0,0.0,0.0,0.0,0.0,0.0,0.0,0.0,0.0,0.0,98.0,Sleep
109,3.597,0.3,0.28,0.18,0.0,0.0,0.0,0.0,0.0,0.0,0.0,0.0,0.0,0.0,98.0,Sleep
110,3.63,0.3,0.28,0.18,0.0,0.0,0.0,0.0,0.0,0.0,0.0,0.0,0.0,0.0,98.0,Sleep
111,3.663,0.3,0.28,0.18,0.0,0.0,0.0,0.0,0.0,0.0,0.0,0.0,0.0,0.0,98.0,Sleep
112,3.696,0.3,0.28,0.18,0.0,0.0,0.0,0.0,0.0,0.0,0.0,0.0,0.0,0.0,98.0,Sleep
113,3.729,0.3,0.28,0.18,0.0,0.0,0.0,0.0,0.0,0.0,0.0,0.0,0.0,0.0,98.0,Sleep
114,3.762,0.3,0.28,0.18,0.0,0.0,0.0,0.0,0.0,0.0,0.0,0.0,0.0,0.0,98.0,Sleep
115,3.795,0.3,0.28,0.18,0.0,0.0,0.0,0.0,0.0,0.0,0.0,0.0,0.0,0.0,98.0,Sleep
116,3.828,0.3,0.28,0.18,0.0,0.0,0.0,0.0,0.0,0.0,0.0,0.0,0.0,0.0,98.0,Sleep
117,3.861,0.3,0.28,0.18,0.0,0.0,0.0,0.0,0.0,0.0,0.0,0.0,0.0,0.0,98.0,Sleep
118,3.894,0.3,0.28,0.18,0.0,0.0,0.0,0.0,0.0,0.0,0.0,0.0,0.0,0.0,98.0,Sleep
119,3.927,0.3,0.28,0.18,0.0,0.0,0.0,0.0,0.0,0.0,0.0,0.0,0.0,0.0,98.0,Sleep
120,3.96,0.3,0.28,0.18,0.0,0.0,0.0,0.0,0.0,0.0,0.0,0.0,0.0,0.0,98.0,Sleep
121,3.993,0.3,0.28,0.18,0.0,0.0,0.0,0.0,0.0,0.0,0.0,0.0,0.0,0.0,98.0,Sleep
122,4.026,0.3,0.28,0.18,0.0,0.0,0.0,0.0,0.0,0.0,0.0,0.0,0.0,0.0,98.0,Sleep
123,4.059,0.3,0.28,0.18,0.0,0.0,0.0,0.0,0.0,0.0,0.0,0.0,0.0,0.0,98.0,Sleep
124,4.092,0.3,0.28,0.18,0.0,0.0,0.0,0.0,0.0,0.0,0.0,0.0,0.0,0.0,98.0,Sleep
125,4.125,0.3,0.28,0.18,0.0,0.0,0.0,0.0,0.0,0.0,0.0,0.0,0.0,0.0,98.0,Sleep
126,4.158,0.3,0.28,0.18,0.0,0.0,0.0,0.0,0.0,0.0,0.0,0.0,0.0,0.0,98.0,Sleep
127,4.191,0.3,0.28,0.18,0.0,0.0,0.0,0.0,0.0,0.0,0.0,0.0,0.0,0.0,98.0,Sleep
128,4.224,0.3,0.28,0.18,0.0,0.0,0.0,0.0,0.0,0.0,0.0,0.0,0.0,0.0,98.0,Sleep
129,4.257,0.3,0.28,0.18,0.0,0.0,0.0,0.0,0.0,0.0,0.0,0.0,0.0,0.0,98.0,Sleep
130,4.29,0.3,0.28,0.18,0.0,0.0,0.0,0.0,0.0,0.0,0.0,0.0,0.0,0.0,98.0,Sleep
131,4.323,0.3,0.28,0.18,0.0,0.0,0.0,0.0,0.0,0.0,0.0,0.0,0.0,0.0,98.0,Sleep
132,4.356,0.3,0.28,0.18,0.0,0.0,0.0,0.0,0.0,0.0,0.0,0.0,0.0,0.0,98.0,Sleep
133,4.389,0.3,0.28,0.18,0.0,0.0,0.0,0.0,0.0,0.0,0.0,0.0,0.0,0.0,98.0,Sleep
134,4.422,0.3,0.28,0.18,0.0,0.0,0.0,0.0,0.0,0.0,0.0,0.0,0.0,0.0,98.0,Sleep
135,4.455,0.3,0.28,0.18,0.0,0.0,0.0,0.0,0.0,0.0,0.0,0.0,0.0,0.0,98.0,Sleep
136,4.488,0.3,0.28,0.18,0.0,0.0,0.0,0.0,0.0,0.0,0.0,0.0,0.0,0.0,98.0,Sleep
137,4.521,0.3,0.28,0.18,0.0,0.0,0.0,0.0,0.0,0.0,0.0,0.0,0.0,0.0,98.0,Sleep
138,4.554,0.3,0.28,0.18,0.0,0.0,0.0,0.0,0.0,0.0,0.0,0.0,0.0,0.0,98.0,Sleep
139,4.587,0.3,0.28,0.18,0.0,0.0,0.0,0.0,0.0,0.0,0.0,0.0,0.0,0.0,98.0,Sleep
140,4.62,0.3,0.28,0.18,0.0,0.0,0.0,0.0,0.0,0.0,0.0,0.0,0.0,0.0,98.0,Sleep
141,4.653,0.3,0.28,0.18,0.0,0.0,0.0,0.0,0.0,0.0,0.0,0.0,0.0,0.0,98.0,Sleep
142,4.686,0.3,0.28,0.18,0.0,0.0,0.0,0.0,0.0,0.0,0.0,0.0,0.0,0.0,98.0,Sleep
143,4.719,0.3,0.28,0.18,0.0,0.0,0.0,0.0,0.0,0.0,0.0,0.0,0.0,0.0,98.0,Sleep
144,4.752,0.3,0.28,0.18,0.0,0.0,0.0,0.0,0.0,0.0,0.0,0.0,0.0,0.0,98.0,Sleep
145,4.785,0.3,0.28,0.18,0.0,0.0,0.0,0.0,0.0,0.0,0.0,0.0,0.0,0.0,98.0,Sleep
146,4.818,0.3,0.28,0.18,0.0,0.0,0.0,0.0,0.0,0.0,0.0,0.0,0.0,0.0,98.0,Sleep
147,4.851,0.3,0.28,0.18,0.0,0.0,0.0,0.0,0.0,0.0,0.0,0.0,0.0,0.0,98.0,Sleep
148,4.884,0.3,0.28,0.18,0.0,0.0,0.0,0.0,0.0,0.0,0.0,0.0,0.0,0.0,98.0,Sleep
149,4.917,0.3,0.28,0.18,0.0,0.0,0.0,0.0,0.0,0.0,0.0,0.0,0.0,0.0,98.0,Sleep
150,4.95,0.3,0.28,0.18,0.0,0.0,0.0,0.0,0.0,0.0,0.0,0.0,0.0,0.0,98.0,Sleep
151,4.983,0.3,0.28,0.18,0.0,0.0,0.0,0.0,0.0,0.0,0.0,0.0,0.0,0.0,98.0,Sleep
152,5.016,0.3,0.28,0.18,0.0,0.0,0.0,0.0,0.0,0.0,0.0,0.0,0.0,0.0,98.0,Sleep
153,5.049,0.3,0.28,0.18,0.0,0.0,0.0,0.0,0.0,0.0,0.0,0.0,0.0,0.0,98.0,Sleep
154,5.082,0.3,0.28,0.18,0.0,0.0,0.0,0.0,0.0,0.0,0.0,0.0,0.0,0.0,98.0,Sleep
155,5.115,0.3,0.28,0.18,0.0,0.0,0.0,0.0,0.0,0.0,0.0,0.0,0.0,0.0,98.0,Sleep
156,5.148,0.3,0.28,0.18,0.0,0.0,0.0,0.0,0.0,0.0,0.0,0.0,0.0,0.0,98.0,Sleep
157,5.181,0.3,0.28,0.18,0.0,0.0,0.0,0.0,0.0,0.0,0.0,0.0,0.0,0.0,98.0,Sleep
158,5.214,0.3,0.28,0.18,0.0,0.0,0.0,0.0,0.0,0.0,0.0,0.0,0.0,0.0,98.0,Sleep
159,5.247,0.3,0.28,0.18,0.0,0.0,0.0,0.0,0.0,0.0,0.0,0.0,0.0,0.0,98.0,Sleep
160,5.28,0.3,0.28,0.18,0.0,0.0,0.0,0.0,0.0,0.0,0.0,0.0,0.0,0.0,98.0,Sleep
161,5.313,0.3,0.28,0.18,0.0,0.0,0.0,0.0,0.0,0.0,0.0,0.0,0.0,0.0,98.0,Sleep
162,5.346,0.3,0.28,0.18,0.0,0.0,0.0,0.0,0.0,0.0,0.0,0.0,0.0,0.0,98.0,Sleep
163,5.379,0.3,0.28,0.18,0.0,0.0,0.0,0.0,0.0,0.0,0.0,0.0,0.0,0.0,98.0,Sleep
164,5.412,0.3,0.28,0.18,0.0,0.0,0.0,0.0,0.0,0.0,0.0,0.0,0.0,0.0,98.0,Sleep
165,5.445,0.3,0.28,0.18,0.0,0.0,0.0,0.0,0.0,0.0,0.0,0.0,0.0,0.0,98.0,Sleep
166,5.478,0.3,0.28,0.18,0.0,0.0,0.0,0.0,0.0,0.0,0.0,0.0,0.0,0.0,98.0,Sleep
167,5.511,0.3,0.28,0.18,0.0,0.0,0.0,0.0,0.0,0.0,0.0,0.0,0.0,0.0,98.0,Sleep
168,5.544,0.3,0.28,0.18,0.0,0.0,0.0,0.0,0.0,0.0,0.0,0.0,0.0,0.0,98.0,Sleep
169,5.577,0.3,0.28,0.18,0.0,0.0,0.0,0.0,0.0,0.0,0.0,0.0,0.0,0.0,98.0,Sleep
170,5.61,0.3,0.28,0.18,0.0,0.0,0.0,0.0,0.0,0.0,0.0,0.0,0.0,0.0,98.0,Sleep
171,5.643,0.3,0.28,0.18,0.0,0.0,0.0,0.0,0.0,0.0,0.0,0.0,0.0,0.0,98.0,Sleep
172,5.676,0.3,0.28,0.18,0.0,0.0,0.0,0.0,0.0,0.0,0.0,0.0,0.0,0.0,98.0,Sleep
173,5.709,0.3,0.28,0.18,0.0,0.0,0.0,0.0,0.0,0.0,0.0,0.0,0.0,0.0,98.0,Sleep
174,5.742,0.3,0.28,0.18,0.0,0.0,0.0,0.0,0.0,0.0,0.0,0.0,0.0,0.0,98.0,Sleep
175,5.775,0.3,0.28,0.18,0.0,0.0,0.0,0.0,0.0,0.0,0.0,0.0,0.0,0.0,98.0,Sleep
176,5.808,0.3,0.28,0.18,0.0,0.0,0.0,0.0,0.0,0.0,0.0,0.0,0.0,0.0,98.0,Sleep
177,5.841,0.3,0.28,0.18,0.0,0.0,0.0,0.0,0.0,0.0,0.0,0.0,0.0,0.0,98.0,Sleep
178,5.874,0.3,0.28,0.18,0.0,0.0,0.0,0.0,0.0,0.0,0.0,0.0,0.0,0.0,98.0,Sleep
179,5.907,0.3,0.28,0.18,0.0,0.0,0.0,0.0,0.0,0.0,0.0,0.0,0.0,0.0,98.0,Sleep
180,5.94,0.3,0.28,0.18,0.0,0.0,0.0,0.0,0.0,0.0,0.0,0.0,0.0,0.0,98.0,Sleep
181,5.973,0.3,0.28,0.18,0.0,0.0,0.0,0.0,0.0,0.0,0.0,0.0,0.0,0.0,98.0,Sleep
182,6.006,0.3,0.28,0.18,0.0,0.0,0.0,0.0,0.0,0.0,0.0,0.0,0.0,0.0,98.0,Sleep
183,6.039,0.3,0.28,0.18,0.0,0.0,0.0,0.0,0.0,0.0,0.0,0.0,0.0,0.0,98.0,Sleep
184,6.072,0.3,0.28,0.18,0.0,0.0,0.0,0.0,0.0,0.0,0.0,0.0,0.0,0.0,98.0,Sleep
185,6.105,0.3,0.28,0.18,0.0,0.0,0.0,0.0,0.0,0.0,0.0,0.0,0.0,0.0,98.0,Sleep
186,6.138,0.3,0.28,0.18,0.0,0.0,0.0,0.0,0.0,0.0,0.0,0.0,0.0,0.0,98.0,Sleep
187,6.171,0.3,0.28,0.18,0.0,0.0,0.0,0.0,0.0,0.0,0.0,0.0,0.0,0.0,98.0,Sleep
188,6.204,0.3,0.28,0.18,0.0,0.0,0.0,0.0,0.0,0.0,0.0,0.0,0.0,0.0,98.0,Sleep
189,6.237,0.3,0.28,0.18,0.0,0.0,0.0,0.0,0.0,0.0,0.0,0.0,0.0,0.0,98.0,Sleep
190,6.27,0.3,0.28,0.18,0.0,0.0,0.0,0.0,0.0,0.0,0.0,0.0,0.0,0.0,98.0,Sleep
191,6.303,0.3,0.28,0.18,0.0,0.0,0.0,0.0,0.0,0.0,0.0,0.0,0.0,0.0,98.0,Sleep
192,6.336,0.3,0.28,0.18,0.0,0.0,0.0,0.0,0.0,0.0,0.0,0.0,0.0,0.0,98.0,Sleep
193,6.369,0.3,0.28,0.18,0.0,0.0,0.0,0.0,0.0,0.0,0.0,0.0,0.0,0.0,98.0,Sleep
194,6.402,0.3,0.28,0.18,0.0,0.0,0.0,0.0,0.0,0.0,0.0,0.0,0.0,0.0,98.0,Sleep
195,6.435,0.3,0.28,0.18,0.0,0.0,0.0,0.0,0.0,0.0,0.0,0.0,0.0,0.0,98.0,Sleep
196,6.468,0.3,0.28,0.18,0.0,0.0,0.0,0.0,0.0,0.0,0.0,0.0,0.0,0.0,98.0,Sleep
197,6.501,0.3,0.28,0.18,0.0,0.0,0.0,0.0,0.0,0.0,0.0,0.0,0.0,0.0,98.0,Sleep
198,6.534,0.3,0.28,0.18,0.0,0.0,0.0,0.0,0.0,0.0,0.0,0.0,0.0,0.0,98.0,Sleep
199,6.567,0.3,0.28,0.18,0.0,0.0,0.0,0.0,0.0,0.0,0.0,0.0,0.0,0.0,98.0,Sleep
200,6.6,0.3,0.28,0.18,0.0,0.0,0.0,0.0,0.0,0.0,0.0,0.0,0.0,0.0,98.0,Sleep
201,6.633,0.3,0.28,0.18,0.0,0.0,0.0,0.0,0.0,0.0,0.0,0.0,0.0,0.0,98.0,Sleep
202,6.666,0.3,0.28,0.18,0.0,0.0,0.0,0.0,0.0,0.0,0.0,0.0,0.0,0.0,98.0,Sleep
203,6.699,0.3,0.28,0.18,0.0,0.0,0.0,0.0,0.0,0.0,0.0,0.0,0.0,0.0,98.0,Sleep
204,6.732,0.3,0.28,0.18,0.0,0.0,0.0,0.0,0.0,0.0,0.0,0.0,0.0,0.0,98.0,Sleep
205,6.765,0.3,0.28,0.18,0.0,0.0,0.0,0.0,0.0,0.0,0.0,0.0,0.0,0.0,98.0,Sleep
206,6.798,0.3,0.28,0.18,0.0,0.0,0.0,0.0,0.0,0.0,0.0,0.0,0.0,0.0,98.0,Sleep
207,6.831,0.3,0.28,0.18,0.0,0.0,0.0,0.0,0.0,0.0,0.0,0.0,0.0,0.0,98.0,Sleep
208,6.864,0.3,0.28,0.18,0.0,0.0,0.0,0.0,0.0,0.0,0.0,0.0,0.0,0.0,98.0,Sleep
209,6.897,0.3,0.28,0.18,0.0,0.0,0.0,0.0,0.0,0.0,0.0,0.0,0.0,0.0,98.0,Sleep
210,6.93,0.3,0.28,0.18,0.0,0.0,0.0,0.0,0.0,0.0,0.0,0.0,0.0,0.0,98.0,Sleep
211,6.963,0.3,0.28,0.18,0.0,0.0,0.0,0.0,0.0,0.0,0.0,0.0,0.0,0.0,98.0,Sleep
212,6.996,0.3,0.28,0.18,0.0,0.0,0.0,0.0,0.0,0.0,0.0,0.0,0.0,0.0,98.0,Sleep
213,7.029,0.3,0.28,0.18,0.0,0.0,0.0,0.0,0.0,0.0,0.0,0.0,0.0,0.0,98.0,Sleep
214,7.062,0.3,0.28,0.18,0.0,0.0,0.0,0.0,0.0,0.0,0.0,0.0,0.0,0.0,98.0,Sleep
215,7.095,0.3,0.28,0.18,0.0,0.0,0.0,0.0,0.0,0.0,0.0,0.0,0.0,0.0,98.0,Sleep
216,7.128,0.3,0.28,0.18,0.0,0.0,0.0,0.0,0.0,0.0,0.0,0.0,0.0,0.0,98.0,Sleep
217,7.161,0.3,0.28,0.18,0.0,0.0,0.0,0.0,0.0,0.0,0.0,0.0,0.0,0.0,98.0,Sleep
218,7.194,0.3,0.28,0.18,0.0,0.0,0.0,0.0,0.0,0.0,0.0,0.0,0.0,0.0,98.0,Sleep
219,7.227,0.3,0.28,0.18,0.0,0.0,0.0,0.0,0.0,0.0,0.0,0.0,0.0,0.0,98.0,Sleep
220,7.26,0.3,0.28,0.18,0.0,0.0,0.0,0.0,0.0,0.0,0.0,0.0,0.0,0.0,98.0,Sleep
221,7.293,0.3,0.28,0.18,0.0,0.0,0.0,0.0,0.0,0.0,0.0,0.0,0.0,0.0,98.0,Sleep
222,7.326,0.3,0.28,0.18,0.0,0.0,0.0,0.0,0.0,0.0,0.0,0.0,0.0,0.0,98.0,Sleep
223,7.359,0.3,0.28,0.18,0.0,0.0,0.0,0.0,0.0,0.0,0.0,0.0,0.0,0.0,98.0,Sleep
224,7.392,0.3,0.28,0.18,0.0,0.0,0.0,0.0,0.0,0.0,0.0,0.0,0.0,0.0,98.0,Sleep
225,7.425,0.3,0.28,0.18,0.0,0.0,0.0,0.0,0.0,0.0,0.0,0.0,0.0,0.0,98.0,Sleep
226,7.458,0.3,0.28,0.18,0.0,0.0,0.0,0.0,0.0,0.0,0.0,0.0,0.0,0.0,98.0,Sleep
227,7.491,0.3,0.28,0.18,0.0,0.0,0.0,0.0,0.0,0.0,0.0,0.0,0.0,0.0,98.0,Sleep
228,7.524,0.3,0.28,0.18,0.0,0.0,0.0,0.0,0.0,0.0,0.0,0.0,0.0,0.0,98.0,Sleep
229,7.557,0.3,0.28,0.18,0.0,0.0,0.0,0.0,0.0,0.0,0.0,0.0,0.0,0.0,98.0,Sleep
230,7.59,0.3,0.28,0.18,0.0,0.0,0.0,0.0,0.0,0.0,0.0,0.0,0.0,0.0,98.0,Sleep
231,7.623,0.3,0.28,0.18,0.0,0.0,0.0,0.0,0.0,0.0,0.0,0.0,0.0,0.0,98.0,Sleep
232,7.656,0.3,0.28,0.18,0.0,0.0,0.0,0.0,0.0,0.0,0.0,0.0,0.0,0.0,98.0,Sleep
233,7.689,0.3,0.28,0.18,0.0,0.0,0.0,0.0,0.0,0.0,0.0,0.0,0.0,0.0,98.0,Sleep
234,7.722,0.3,0.28,0.18,0.0,0.0,0.0,0.0,0.0,0.0,0.0,0.0,0.0,0.0,98.0,Sleep
235,7.755,0.3,0.28,0.18,0.0,0.0,0.0,0.0,0.0,0.0,0.0,0.0,0.0,0.0,98.0,Sleep
236,7.788,0.3,0.28,0.18,0.0,0.0,0.0,0.0,0.0,0.0,0.0,0.0,0.0,0.0,98.0,Sleep
237,7.821,0.3,0.28,0.18,0.0,0.0,0.0,0.0,0.0,0.0,0.0,0.0,0.0,0.0,98.0,Sleep
238,7.854,0.3,0.28,0.18,0.0,0.0,0.0,0.0,0.0,0.0,0.0,0.0,0.0,0.0,98.0,Sleep
239,7.887,0.3,0.28,0.18,0.0,0.0,0.0,0.0,0.0,0.0,0.0,0.0,0.0,0.0,98.0,Sleep
240,7.92,0.3,0.28,0.18,0.0,0.0,0.0,0.0,0.0,0.0,0.0,0.0,0.0,0.0,98.0,Sleep
241,7.953,0.3,0.28,0.18,0.0,0.0,0.0,0.0,0.0,0.0,0.0,0.0,0.0,0.0,98.0,Sleep
242,7.986,0.3,0.28,0.18,0.0,0.0,0.0,0.0,0.0,0.0,0.0,0.0,0.0,0.0,98.0,Sleep
243,8.019,0.3,0.28,0.18,0.0,0.0,0.0,0.0,0.0,0.0,0.0,0.0,0.0,0.0,98.0,Sleep
244,8.052,0.3,0.28,0.18,0.0,0.0,0.0,0.0,0.0,0.0,0.0,0.0,0.0,0.0,98.0,Sleep
245,8.085,0.3,0.28,0.18,0.0,0.0,0.0,0.0,0.0,0.0,0.0,0.0,0.0,0.0,98.0,Sleep
246,8.118,0.3,0.28,0.18,0.0,0.0,0.0,0.0,0.0,0.0,0.0,0.0,0.0,0.0,98.0,Sleep
247,8.151,0.3,0.28,0.18,0.0,0.0,0.0,0.0,0.0,0.0,0.0,0.0,0.0,0.0,98.0,Sleep
248,8.184,0.3,0.28,0.18,0.0,0.0,0.0,0.0,0.0,0.0,0.0,0.0,0.0,0.0,98.0,Sleep
249,8.217,0.3,0.28,0.18,0.0,0.0,0.0,0.0,0.0,0.0,0.0,0.0,0.0,0.0,98.0,Sleep
250,8.25,0.3,0.28,0.18,0.0,0.0,0.0,0.0,0.0,0.0,0.0,0.0,0.0,0.0,98.0,Sleep
251,8.283,0.3,0.28,0.18,0.0,0.0,0.0,0.0,0.0,0.0,0.0,0.0,0.0,0.0,98.0,Sleep
252,8.316,0.3,0.28,0.18,0.0,0.0,0.0,0.0,0.0,0.0,0.0,0.0,0.0,0.0,98.0,Sleep
253,8.349,0.3,0.28,0.18,0.0,0.0,0.0,0.0,0.0,0.0,0.0,0.0,0.0,0.0,98.0,Sleep
254,8.382,0.3,0.28,0.18,0.0,0.0,0.0,0.0,0.0,0.0,0.0,0.0,0.0,0.0,98.0,Sleep
255,8.415,0.3,0.28,0.18,0.0,0.0,0.0,0.0,0.0,0.0,0.0,0.0,0.0,0.0,98.0,Sleep
256,8.448,0.3,0.28,0.18,0.0,0.0,0.0,0.0,0.0,0.0,0.0,0.0,0.0,0.0,98.0,Sleep
257,8.481,0.3,0.28,0.18,0.0,0.0,0.0,0.0,0.0,0.0,0.0,0.0,0.0,0.0,98.0,Sleep
258,8.514,0.3,0.28,0.18,0.0,0.0,0.0,0.0,0.0,0.0,0.0,0.0,0.0,0.0,98.0,Sleep
259,8.547,0.3,0.28,0.18,0.0,0.0,0.0,0.0,0.0,0.0,0.0,0.0,0.0,0.0,98.0,Sleep
260,8.58,0.3,0.28,0.18,0.0,0.0,0.0,0.0,0.0,0.0,0.0,0.0,0.0,0.0,98.0,Sleep
261,8.613,0.3,0.28,0.18,0.0,0.0,0.0,0.0,0.0,0.0,0.0,0.0,0.0,0.0,98.0,Sleep
262,8.646,0.3,0.28,0.18,0.0,0.0,0.0,0.0,0.0,0.0,0.0,0.0,0.0,0.0,98.0,Sleep
263,8.679,0.3,0.28,0.18,0.0,0.0,0.0,0.0,0.0,0.0,0.0,0.0,0.0,0.0,98.0,Sleep
264,8.712,0.3,0.28,0.18,0.0,0.0,0.0,0.0,0.0,0.0,0.0,0.0,0.0,0.0,98.0,Sleep
265,8.745,0.3,0.28,0.18,0.0,0.0,0.0,0.0,0.0,0.0,0.0,0.0,0.0,0.0,98.0,Sleep
266,8.778,0.3,0.28,0.18,0.0,0.0,0.0,0.0,0.0,0.0,0.0,0.0,0.0,0.0,98.0,Sleep
267,8.811,0.3,0.28,0.18,0.0,0.0,0.0,0.0,0.0,0.0,0.0,0.0,0.0,0.0,98.0,Sleep
268,8.844,0.3,0.28,0.18,0.0,0.0,0.0,0.0,0.0,0.0,0.0,0.0,0.0,0.0,98.0,Sleep
269,8.877,0.3,0.28,0.18,0.0,0.0,0.0,0.0,0.0,0.0,0.0,0.0,0.0,0.0,98.0,Sleep
270,8.91,0.3,0.28,0.18,0.0,0.0,0.0,0.0,0.0,0.0,0.0,0.0,0.0,0.0,98.0,Sleep
271,8.943,0.3,0.28,0.18,0.0,0.0,0.0,0.0,0.0,0.0,0.0,0.0,0.0,0.0,98.0,Sleep
272,8.976,0.3,0.28,0.18,0.0,0.0,0.0,0.0,0.0,0.0,0.0,0.0,0.0,0.0,98.0,Sleep
273,9.009,0.3,0.28,0.18,0.0,0.0,0.0,0.0,0.0,0.0,0.0,0.0,0.0,0.0,98.0,Sleep
274,9.042,0.3,0.28,0.18,0.0,0.0,0.0,0.0,0.0,0.0,0.0,0.0,0.0,0.0,98.0,Sleep
275,9.075,0.3,0.28,0.18,0.0,0.0,0.0,0.0,0.0,0.0,0.0,0.0,0.0,0.0,98.0,Sleep
276,9.108,0.3,0.28,0.18,0.0,0.0,0.0,0.0,0.0,0.0,0.0,0.0,0.0,0.0,98.0,Sleep
277,9.141,0.3,0.28,0.18,0.0,0.0,0.0,0.0,0.0,0.0,0.0,0.0,0.0,0.0,98.0,Sleep
278,9.174,0.3,0.28,0.18,0.0,0.0,0.0,0.0,0.0,0.0,0.0,0.0,0.0,0.0,98.0,Sleep
279,9.207,0.3,0.28,0.18,0.0,0.0,0.0,0.0,0.0,0.0,0.0,0.0,0.0,0.0,98.0,Sleep
280,9.24,0.3,0.28,0.18,0.0,0.0,0.0,0.0,0.0,0.0,0.0,0.0,0.0,0.0,98.0,Sleep
281,9.273,0.3,0.28,0.18,0.0,0.0,0.0,0.0,0.0,0.0,0.0,0.0,0.0,0.0,98.0,Sleep
282,9.306,0.3,0.28,0.18,0.0,0.0,0.0,0.0,0.0,0.0,0.0,0.0,0.0,0.0,98.0,Sleep
283,9.339,0.3,0.28,0.18,0.0,0.0,0.0,0.0,0.0,0.0,0.0,0.0,0.0,0.0,98.0,Sleep
284,9.372,0.3,0.28,0.18,0.0,0.0,0.0,0.0,0.0,0.0,0.0,0.0,0.0,0.0,98.0,Sleep
285,9.405,0.3,0.28,0.18,0.0,0.0,0.0,0.0,0.0,0.0,0.0,0.0,0.0,0.0,98.0,Sleep
286,9.438,0.3,0.28,0.18,0.0,0.0,0.0,0.0,0.0,0.0,0.0,0.0,0.0,0.0,98.0,Sleep
287,9.471,0.3,0.28,0.18,0.0,0.0,0.0,0.0,0.0,0.0,0.0,0.0,0.0,0.0,98.0,Sleep
288,9.504,0.3,0.28,0.18,0.0,0.0,0.0,0.0,0.0,0.0,0.0,0.0,0.0,0.0,98.0,Sleep
289,9.537,0.3,0.28,0.18,0.0,0.0,0.0,0.0,0.0,0.0,0.0,0.0,0.0,0.0,98.0,Sleep
290,9.57,0.3,0.28,0.18,0.0,0.0,0.0,0.0,0.0,0.0,0.0,0.0,0.0,0.0,98.0,Sleep
291,9.603,0.3,0.28,0.18,0.0,0.0,0.0,0.0,0.0,0.0,0.0,0.0,0.0,0.0,98.0,Sleep
292,9.636,0.3,0.28,0.18,0.0,0.0,0.0,0.0,0.0,0.0,0.0,0.0,0.0,0.0,98.0,Sleep
293,9.669,0.3,0.28,0.18,0.0,0.0,0.0,0.0,0.0,0.0,0.0,0.0,0.0,0.0,98.0,Sleep
294,9.702,0.3,0.28,0.18,0.0,0.0,0.0,0.0,0.0,0.0,0.0,0.0,0.0,0.0,98.0,Sleep
295,9.735,0.3,0.28,0.18,0.0,0.0,0.0,0.0,0.0,0.0,0.0,0.0,0.0,0.0,98.0,Sleep
296,9.768,0.3,0.28,0.18,0.0,0.0,0.0,0.0,0.0,0.0,0.0,0.0,0.0,0.0,98.0,Sleep
297,9.801,0.3,0.28,0.18,0.0,0.0,0.0,0.0,0.0,0.0,0.0,0.0,0.0,0.0,98.0,Sleep
298,9.834,0.3,0.28,0.18,0.0,0.0,0.0,0.0,0.0,0.0,0.0,0.0,0.0,0.0,98.0,Sleep
299,9.867,0.3,0.28,0.18,0.0,0.0,0.0,0.0,0.0,0.0,0.0,0.0,0.0,0.0,98.0,Sleep
300,9.9,0.3,0.28,0.18,0.0,0.0,0.0,0.0,0.0,0.0,0.0,0.0,0.0,0.0,98.0,Sleep
301,9.933,0.3,0.28,0.18,0.0,0.0,0.0,0.0,0.0,0.0,0.0,0.0,0.0,0.0,98.0,Sleep
302,9.966,0.3,0.28,0.18,0.0,0.0,0.0,0.0,0.0,0.0,0.0,0.0,0.0,0.0,98.0,Sleep
303,9.999,0.3,0.28,0.18,0.0,0.0,0.0,0.0,0.0,0.0,0.0,0.0,0.0,0.0,98.0,Sleep
304,10.032,0.3,0.28,0.18,0.0,0.0,0.0,0.0,0.0,0.0,0.0,0.0,0.0,0.0,98.0,Sleep
305,10.065,0.3,0.28,0.18,0.0,0.0,0.0,0.0,0.0,0.0,0.0,0.0,0.0,0.0,98.0,Sleep
306,10.098,0.3,0.28,0.18,0.0,0.0,0.0,0.0,0.0,0.0,0.0,0.0,0.0,0.0,98.0,Sleep
307,10.131,0.3,0.28,0.18,0.0,0.0,0.0,0.0,0.0,0.0,0.0,0.0,0.0,0.0,98.0,Sleep
308,10.164,0.3,0.28,0.18,0.0,0.0,0.0,0.0,0.0,0.0,0.0,0.0,0.0,0.0,98.0,Sleep
309,10.197,0.3,0.28,0.18,0.0,0.0,0.0,0.0,0.0,0.0,0.0,0.0,0.0,0.0,98.0,Sleep
310,10.23,0.3,0.28,0.18,0.0,0.0,0.0,0.0,0.0,0.0,0.0,0.0,0.0,0.0,98.0,Sleep
311,10.263,0.3,0.28,0.18,0.0,0.0,0.0,0.0,0.0,0.0,0.0,0.0,0.0,0.0,98.0,Sleep
312,10.296,0.3,0.28,0.18,0.0,0.0,0.0,0.0,0.0,0.0,0.0,0.0,0.0,0.0,98.0,Sleep
313,10.329,0.3,0.28,0.18,0.0,0.0,0.0,0.0,0.0,0.0,0.0,0.0,0.0,0.0,98.0,Sleep
314,10.362,0.3,0.28,0.18,0.0,0.0,0.0,0.0,0.0,0.0,0.0,0.0,0.0,0.0,98.0,Sleep
315,10.395,0.3,0.28,0.18,0.0,0.0,0.0,0.0,0.0,0.0,0.0,0.0,0.0,0.0,98.0,Sleep
316,10.428,0.3,0.28,0.18,0.0,0.0,0.0,0.0,0.0,0.0,0.0,0.0,0.0,0.0,98.0,Sleep
317,10.461,0.3,0.28,0.18,0.0,0.0,0.0,0.0,0.0,0.0,0.0,0.0,0.0,0.0,98.0,Sleep
318,10.494,0.3,0.28,0.18,0.0,0.0,0.0,0.0,0.0,0.0,0.0,0.0,0.0,0.0,98.0,Sleep
319,10.527,0.3,0.28,0.18,0.0,0.0,0.0,0.0,0.0,0.0,0.0,0.0,0.0,0.0,98.0,Sleep
320,10.56,0.3,0.28,0.18,0.0,0.0,0.0,0.0,0.0,0.0,0.0,0.0,0.0,0.0,98.0,Sleep
321,10.593,0.3,0.28,0.18,0.0,0.0,0.0,0.0,0.0,0.0,0.0,0.0,0.0,0.0,98.0,Sleep
322,10.626,0.3,0.28,0.18,0.0,0.0,0.0,0.0,0.0,0.0,0.0,0.0,0.0,0.0,98.0,Sleep
323,10.659,0.3,0.28,0.18,0.0,0.0,0.0,0.0,0.0,0.0,0.0,0.0,0.0,0.0,98.0,Sleep
324,10.692,0.3,0.28,0.18,0.0,0.0,0.0,0.0,0.0,0.0,0.0,0.0,0.0,0.0,98.0,Sleep
325,10.725,0.3,0.28,0.18,0.0,0.0,0.0,0.0,0.0,0.0,0.0,0.0,0.0,0.0,98.0,Sleep
326,10.758,0.3,0.28,0.18,0.0,0.0,0.0,0.0,0.0,0.0,0.0,0.0,0.0,0.0,98.0,Sleep
327,10.791,0.3,0.28,0.18,0.0,0.0,0.0,0.0,0.0,0.0,0.0,0.0,0.0,0.0,98.0,Sleep
328,10.824,0.3,0.28,0.18,0.0,0.0,0.0,0.0,0.0,0.0,0.0,0.0,0.0,0.0,98.0,Sleep
329,10.857,0.3,0.28,0.18,0.0,0.0,0.0,0.0,0.0,0.0,0.0,0.0,0.0,0.0,98.0,Sleep
330,10.89,0.3,0.28,0.18,0.0,0.0,0.0,0.0,0.0,0.0,0.0,0.0,0.0,0.0,98.0,Sleep
331,10.923,0.3,0.28,0.18,0.0,0.0,0.0,0.0,0.0,0.0,0.0,0.0,0.0,0.0,98.0,Sleep
332,10.956,0.3,0.28,0.18,0.0,0.0,0.0,0.0,0.0,0.0,0.0,0.0,0.0,0.0,98.0,Sleep
333,10.989,0.3,0.28,0.18,0.0,0.0,0.0,0.0,0.0,0.0,0.0,0.0,0.0,0.0,98.0,Sleep
334,11.022,0.3,0.28,0.18,0.0,0.0,0.0,0.0,0.0,0.0,0.0,0.0,0.0,0.0,98.0,Sleep
335,11.055,0.3,0.28,0.18,0.0,0.0,0.0,0.0,0.0,0.0,0.0,0.0,0.0,0.0,98.0,Sleep
336,11.088,0.3,0.28,0.18,0.0,0.0,0.0,0.0,0.0,0.0,0.0,0.0,0.0,0.0,98.0,Sleep
337,11.121,0.3,0.28,0.18,0.0,0.0,0.0,0.0,0.0,0.0,0.0,0.0,0.0,0.0,98.0,Sleep
338,11.154,0.3,0.28,0.18,0.0,0.0,0.0,0.0,0.0,0.0,0.0,0.0,0.0,0.0,98.0,Sleep
339,11.187,0.3,0.28,0.18,0.0,0.0,0.0,0.0,0.0,0.0,0.0,0.0,0.0,0.0,98.0,Sleep
340,11.22,0.3,0.28,0.18,0.0,0.0,0.0,0.0,0.0,0.0,0.0,0.0,0.0,0.0,98.0,Sleep
341,11.253,0.3,0.28,0.18,0.0,0.0,0.0,0.0,0.0,0.0,0.0,0.0,0.0,0.0,98.0,Sleep
342,11.286,0.3,0.28,0.18,0.0,0.0,0.0,0.0,0.0,0.0,0.0,0.0,0.0,0.0,98.0,Sleep
343,11.319,0.3,0.28,0.18,0.0,0.0,0.0,0.0,0.0,0.0,0.0,0.0,0.0,0.0,98.0,Sleep
344,11.352,0.3,0.28,0.18,0.0,0.0,0.0,0.0,0.0,0.0,0.0,0.0,0.0,0.0,98.0,Sleep
345,11.385,0.3,0.28,0.18,0.0,0.0,0.0,0.0,0.0,0.0,0.0,0.0,0.0,0.0,98.0,Sleep
346,11.418,0.3,0.28,0.18,0.0,0.0,0.0,0.0,0.0,0.0,0.0,0.0,0.0,0.0,98.0,Sleep
347,11.451,0.3,0.28,0.18,0.0,0.0,0.0,0.0,0.0,0.0,0.0,0.0,0.0,0.0,98.0,Sleep
348,11.484,0.3,0.28,0.18,0.0,0.0,0.0,0.0,0.0,0.0,0.0,0.0,0.0,0.0,98.0,Sleep
349,11.517,0.3,0.28,0.18,0.0,0.0,0.0,0.0,0.0,0.0,0.0,0.0,0.0,0.0,98.0,Sleep
350,11.55,0.3,0.28,0.18,0.0,0.0,0.0,0.0,0.0,0.0,0.0,0.0,0.0,0.0,98.0,Sleep
351,11.583,0.19850321542659427,0.1457031536753349,0.18,0.0,0.0,0.03333333333333333,61.24779185621938,-60.9221165548758,1.5293637706181755,6.119539867834902,0.011111111111111112,-3.075660138588101,-93.2018223814591,98.0,Sleep
352,11.616,0.3,0.28,0.18,0.0,0.0,0.0,0.0,0.0,0.0,0.0,0.011111111111111112,3.075660138588101,186.4036447629182,98.0,Sleep
353,11.649,0.3,0.28,0.18,0.0,0.0,0.0,0.0,0.0,0.0,0.0,0.011111111111111112,0.0,-93.20182238145408,98.0,Sleep
354,11.682,0.3,0.28,0.18,0.0,0.0,0.0,0.0,0.0,0.0,0.0,0.011111111111111112,0.0,0.0,98.0,Sleep
355,11.715,0.3,0.28,0.18,0.0,0.0,0.0,0.0,0.0,0.0,0.0,0.011111111111111112,0.0,0.0,98.0,Sleep
356,11.748,0.3,0.28,0.18,0.0,0.0,0.0,0.0,0.0,0.0,0.0,0.011111111111111112,0.0,0.0,98.0,Sleep
357,11.781,0.3,0.28,0.18,0.0,0.0,0.0,0.0,0.0,0.0,0.0,0.011111111111111112,0.0,0.0,98.0,Sleep
358,11.814,0.3,0.28,0.18,0.0,0.0,0.0,0.0,0.0,0.0,0.0,0.011111111111111112,0.0,0.0,98.0,Sleep
359,11.847,0.3,0.28,0.18,0.0,0.0,0.0,0.0,0.0,0.0,0.0,0.011111111111111112,0.0,0.0,98.0,Sleep
360,11.88,0.3,0.28,0.18,0.0,0.0,0.0,0.0,0.0,0.0,0.0,0.011111111111111112,0.0,0.0,98.0,Sleep
361,11.913,0.3,0.28,0.18,0.0,0.0,0.0,0.0,0.0,0.0,0.0,0.011111111111111112,0.0,0.0,98.0,Sleep
362,11.946,0.3,0.28,0.18,0.0,0.0,0.0,0.0,0.0,0.0,0.0,0.011111111111111112,0.0,0.0,98.0,Sleep
363,11.979,0.3,0.28,0.18,0.0,0.0,0.0,0.0,0.0,0.0,0.0,0.011111111111111112,0.0,0.0,98.0,Sleep
364,12.012,0.3,0.28,0.18,0.0,0.0,0.0,0.0,0.0,0.0,0.0,0.011111111111111112,0.0,0.0,98.0,Sleep
365,12.045,0.3,0.28,0.18,0.0,0.0,0.0,0.0,0.0,0.0,0.0,0.011111111111111112,0.0,0.0,98.0,Sleep
366,12.078,0.3,0.28,0.18,0.0,0.0,0.0,0.0,0.0,0.0,0.0,0.011111111111111112,0.0,0.0,98.0,Sleep
367,12.111,0.3,0.28,0.18,0.0,0.0,0.0,0.0,0.0,0.0,0.0,0.011111111111111112,0.0,0.0,98.0,Sleep
368,12.144,0.3,0.28,0.18,0.0,0.0,0.0,0.0,0.0,0.0,0.0,0.011111111111111112,0.0,0.0,98.0,Sleep
369,12.177,0.3,0.28,0.18,0.0,0.0,0.0,0.0,0.0,0.0,0.0,0.011111111111111112,0.0,0.0,98.0,Sleep
370,12.21,0.3,0.28,0.18,0.0,0.0,0.0,0.0,0.0,0.0,0.0,0.011111111111111112,0.0,0.0,98.0,Sleep
371,12.243,0.3,0.28,0.18,0.0,0.0,0.0,0.0,0.0,0.0,0.0,0.011111111111111112,0.0,0.0,98.0,Sleep
372,12.276,0.3,0.28,0.18,0.0,0.0,0.0,0.0,0.0,0.0,0.0,0.011111111111111112,0.0,0.0,98.0,Sleep
373,12.309,0.3,0.28,0.18,0.0,0.0,0.0,0.0,0.0,0.0,0.0,0.011111111111111112,0.0,0.0,98.0,Sleep
374,12.342,0.3,0.28,0.18,0.0,0.0,0.0,0.0,0.0,0.0,0.0,0.011111111111111112,0.0,0.0,98.0,Sleep
375,12.375,0.3,0.28,0.18,0.0,0.0,0.0,0.0,0.0,0.0,0.0,0.011111111111111112,0.0,0.0,98.0,Sleep
376,12.408,0.3,0.28,0.18,0.0,0.0,0.0,0.0,0.0,0.0,0.0,0.011111111111111112,0.0,0.0,98.0,Sleep
377,12.441,0.3,0.28,0.18,0.0,0.0,0.0,0.0,0.0,0.0,0.0,0.011111111111111112,0.0,0.0,98.0,Sleep
378,12.474,0.3,0.28,0.18,0.0,0.0,0.0,0.0,0.0,0.0,0.0,0.011111111111111112,0.0,0.0,98.0,Sleep
379,12.507,0.3,0.28,0.18,0.0,0.0,0.0,0.0,0.0,0.0,0.0,0.011111111111111112,0.0,0.0,98.0,Sleep
380,12.54,0.3,0.28,0.18,0.0,0.0,0.0,0.0,0.0,0.0,0.0,0.011111111111111112,0.0,0.0,98.0,Sleep
381,12.573,0.3,0.28,0.18,0.0,0.0,0.0,0.0,0.0,0.0,0.0,0.011111111111111112,0.0,0.0,98.0,Sleep
382,12.606,0.3,0.28,0.18,0.0,0.0,0.0,0.0,0.0,0.0,0.0,0.011111111111111112,0.0,0.0,98.0,Sleep
383,12.639,0.3,0.28,0.18,0.0,0.0,0.0,0.0,0.0,0.0,0.0,0.011111111111111112,0.0,0.0,98.0,Sleep
384,12.672,0.3,0.28,0.18,0.0,0.0,0.0,0.0,0.0,0.0,0.0,0.011111111111111112,0.0,0.0,98.0,Sleep
385,12.705,0.3,0.28,0.18,0.0,0.0,0.0,0.0,0.0,0.0,0.0,0.011111111111111112,0.0,0.0,98.0,Sleep
386,12.738,0.3,0.28,0.18,0.0,0.0,0.0,0.0,0.0,0.0,0.0,0.011111111111111112,0.0,0.0,98.0,Sleep
387,12.771,0.3,0.28,0.18,0.0,0.0,0.0,0.0,0.0,0.0,0.0,0.011111111111111112,0.0,0.0,98.0,Sleep
388,12.804,0.3,0.28,0.18,0.0,0.0,0.0,0.0,0.0,0.0,0.0,0.011111111111111112,0.0,0.0,98.0,Sleep
389,12.837,0.3,0.28,0.18,0.0,0.0,0.0,0.0,0.0,0.0,0.0,0.011111111111111112,0.0,0.0,98.0,Sleep
390,12.87,0.3,0.28,0.18,0.0,0.0,0.0,0.0,0.0,0.0,0.0,0.011111111111111112,0.0,0.0,98.0,Sleep
391,12.903,0.3,0.28,0.18,0.0,0.0,0.0,0.0,0.0,0.0,0.0,0.011111111111111112,0.0,0.0,98.0,Sleep
392,12.936,0.3,0.28,0.18,0.0,0.0,0.0,0.0,0.0,0.0,0.0,0.011111111111111112,0.0,0.0,98.0,Sleep
393,12.969,0.3,0.28,0.18,0.0,0.0,0.0,0.0,0.0,0.0,0.0,0.011111111111111112,0.0,0.0,98.0,Sleep
394,13.002,0.3,0.28,0.18,0.0,0.0,0.0,0.0,0.0,0.0,0.0,0.011111111111111112,0.0,0.0,98.0,Sleep
395,13.035,0.3,0.28,0.18,0.0,0.0,0.0,0.0,0.0,0.0,0.0,0.011111111111111112,0.0,0.0,98.0,Sleep
396,13.068,0.3,0.28,0.18,0.0,0.0,0.0,0.0,0.0,0.0,0.0,0.011111111111111112,0.0,0.0,98.0,Sleep
397,13.101,0.3,0.28,0.18,0.0,0.0,0.0,0.0,0.0,0.0,0.0,0.011111111111111112,0.0,0.0,98.0,Sleep
398,13.134,0.3,0.28,0.18,0.0,0.0,0.0,0.0,0.0,0.0,0.0,0.011111111111111112,0.0,0.0,98.0,Sleep
399,13.167,0.3,0.28,0.18,0.0,0.0,0.0,0.0,0.0,0.0,0.0,0.011111111111111112,0.0,0.0,98.0,Sleep
400,13.2,0.3,0.28,0.18,0.0,0.0,0.0,0.0,0.0,0.0,0.0,0.011111111111111112,0.0,0.0,98.0,Sleep
401,13.233,0.3,0.28,0.18,0.0,0.0,0.0,0.0,0.0,0.0,0.0,0.011111111111111112,0.0,0.0,98.0,Sleep
402,13.266,0.3,0.28,0.18,0.0,0.0,0.0,0.0,0.0,0.0,0.0,0.011111111111111112,0.0,0.0,98.0,Sleep
403,13.299,0.3,0.28,0.18,0.0,0.0,0.0,0.0,0.0,0.0,0.0,0.011111111111111112,0.0,0.0,98.0,Sleep
404,13.332,0.3,0.28,0.18,0.0,0.0,0.0,0.0,0.0,0.0,0.0,0.011111111111111112,0.0,0.0,98.0,Sleep
405,13.365,0.3,0.28,0.18,0.0,0.0,0.0,0.0,0.0,0.0,0.0,0.011111111111111112,0.0,0.0,98.0,Sleep
406,13.398,0.3,0.28,0.18,0.0,0.0,0.0,0.0,0.0,0.0,0.0,0.011111111111111112,0.0,0.0,98.0,Sleep
407,13.431,0.3,0.28,0.18,0.0,0.0,0.0,0.0,0.0,0.0,0.0,0.011111111111111112,0.0,0.0,98.0,Sleep
408,13.464,0.3,0.28,0.18,0.0,0.0,0.0,0.0,0.0,0.0,0.0,0.011111111111111112,0.0,0.0,98.0,Sleep
409,13.497,0.3,0.28,0.18,0.0,0.0,0.0,0.0,0.0,0.0,0.0,0.011111111111111112,0.0,0.0,98.0,Sleep
410,13.53,0.3,0.28,0.18,0.0,0.0,0.0,0.0,0.0,0.0,0.0,0.011111111111111112,0.0,0.0,98.0,Sleep
411,13.563,0.3,0.28,0.18,0.0,0.0,0.0,0.0,0.0,0.0,0.0,0.011111111111111112,0.0,0.0,98.0,Sleep
412,13.596,0.3,0.28,0.18,0.0,0.0,0.0,0.0,0.0,0.0,0.0,0.011111111111111112,0.0,0.0,98.0,Sleep
413,13.629,0.3,0.28,0.18,0.0,0.0,0.0,0.0,0.0,0.0,0.0,0.011111111111111112,0.0,0.0,98.0,Sleep
414,13.662,0.3,0.28,0.18,0.0,0.0,0.0,0.0,0.0,0.0,0.0,0.011111111111111112,0.0,0.0,98.0,Sleep
415,13.695,0.3,0.28,0.18,0.0,0.0,0.0,0.0,0.0,0.0,0.0,0.011111111111111112,0.0,0.0,98.0,Sleep
416,13.728,0.3,0.28,0.18,0.0,0.0,0.0,0.0,0.0,0.0,0.0,0.011111111111111112,0.0,0.0,98.0,Sleep
417,13.761,0.3,0.28,0.18,0.0,0.0,0.0,0.0,0.0,0.0,0.0,0.011111111111111112,0.0,0.0,98.0,Sleep
418,13.794,0.3,0.28,0.18,0.0,0.0,0.0,0.0,0.0,0.0,0.0,0.011111111111111112,0.0,0.0,98.0,Sleep
419,13.827,0.3,0.28,0.18,0.0,0.0,0.0,0.0,0.0,0.0,0.0,0.011111111111111112,0.0,0.0,98.0,Sleep
420,13.86,0.3,0.28,0.18,0.0,0.0,0.0,0.0,0.0,0.0,0.0,0.011111111111111112,0.0,0.0,98.0,Sleep
421,13.893,0.3,0.28,0.18,0.0,0.0,0.0,0.0,0.0,0.0,0.0,0.011111111111111112,0.0,0.0,98.0,Sleep
422,13.926,0.3,0.28,0.18,0.0,0.0,0.0,0.0,0.0,0.0,0.0,0.011111111111111112,0.0,0.0,98.0,Sleep
423,13.959,0.3,0.28,0.18,0.0,0.0,0.0,0.0,0.0,0.0,0.0,0.011111111111111112,0.0,0.0,98.0,Sleep
424,13.992,0.3,0.28,0.18,0.0,0.0,0.0,0.0,0.0,0.0,0.0,0.011111111111111112,0.0,0.0,98.0,Sleep
425,14.025,0.3,0.28,0.18,0.0,0.0,0.0,0.0,0.0,0.0,0.0,0.011111111111111112,0.0,0.0,98.0,Sleep
426,14.058,0.3,0.28,0.18,0.0,0.0,0.0,0.0,0.0,0.0,0.0,0.011111111111111112,0.0,0.0,98.0,Sleep
427,14.091,0.3,0.28,0.18,0.0,0.0,0.0,0.0,0.0,0.0,0.0,0.011111111111111112,0.0,0.0,98.0,Sleep
428,14.124,0.3,0.28,0.18,0.0,0.0,0.0,0.0,0.0,0.0,0.0,0.011111111111111112,0.0,0.0,98.0,Sleep
429,14.157,0.3,0.28,0.18,0.0,0.0,0.0,0.0,0.0,0.0,0.0,0.011111111111111112,0.0,0.0,98.0,Sleep
430,14.19,0.3,0.28,0.18,0.0,0.0,0.0,0.0,0.0,0.0,0.0,0.011111111111111112,0.0,0.0,98.0,Sleep
431,14.223,0.3,0.28,0.18,0.0,0.0,0.0,0.0,0.0,0.0,0.0,0.011111111111111112,0.0,0.0,98.0,Sleep
432,14.256,0.3,0.28,0.18,0.0,0.0,0.0,0.0,0.0,0.0,0.0,0.011111111111111112,0.0,0.0,98.0,Sleep
433,14.289,0.3,0.28,0.18,0.0,0.0,0.0,0.0,0.0,0.0,0.0,0.011111111111111112,0.0,0.0,98.0,Sleep
434,14.322,0.3,0.28,0.18,0.0,0.0,0.0,0.0,0.0,0.0,0.0,0.011111111111111112,0.0,0.0,98.0,Sleep
435,14.355,0.3,0.28,0.18,0.0,0.0,0.0,0.0,0.0,0.0,0.0,0.011111111111111112,0.0,0.0,98.0,Sleep
436,14.388,0.3,0.28,0.18,0.0,0.0,0.0,0.0,0.0,0.0,0.0,0.011111111111111112,0.0,0.0,98.0,Sleep
437,14.421,0.3,0.28,0.18,0.0,0.0,0.0,0.0,0.0,0.0,0.0,0.011111111111111112,0.0,0.0,98.0,Sleep
438,14.454,0.3,0.28,0.18,0.0,0.0,0.0,0.0,0.0,0.0,0.0,0.011111111111111112,0.0,0.0,98.0,Sleep
439,14.487,0.3,0.28,0.18,0.0,0.0,0.0,0.0,0.0,0.0,0.0,0.011111111111111112,0.0,0.0,98.0,Sleep
440,14.52,0.3,0.28,0.18,0.0,0.0,0.0,0.0,0.0,0.0,0.0,0.011111111111111112,0.0,0.0,98.0,Sleep
441,14.553,0.3,0.28,0.18,0.0,0.0,0.0,0.0,0.0,0.0,0.0,0.0,0.0,0.0,98.0,Sleep
442,14.586,0.3,0.28,0.18,0.0,0.0,0.0,0.0,0.0,0.0,0.0,0.0,0.0,0.0,98.0,Sleep
443,14.619,0.3,0.28,0.18,0.0,0.0,0.0,0.0,0.0,0.0,0.0,0.0,0.0,0.0,98.0,Sleep
444,14.652,0.3,0.28,0.18,0.0,0.0,0.0,0.0,0.0,0.0,0.0,0.0,0.0,0.0,98.0,Sleep
445,14.685,0.3,0.28,0.18,0.0,0.0,0.0,0.0,0.0,0.0,0.0,0.0,0.0,0.0,98.0,Sleep
446,14.718,0.3,0.28,0.18,0.0,0.0,0.0,0.0,0.0,0.0,0.0,0.0,0.0,0.0,98.0,Sleep
447,14.751,0.3,0.28,0.18,0.0,0.0,0.0,0.0,0.0,0.0,0.0,0.0,0.0,0.0,98.0,Sleep
448,14.784,0.3,0.28,0.18,0.0,0.0,0.0,0.0,0.0,0.0,0.0,0.0,0.0,0.0,98.0,Sleep
449,14.817,0.3,0.28,0.18,0.0,0.0,0.0,0.0,0.0,0.0,0.0,0.0,0.0,0.0,98.0,Sleep
450,14.85,0.3,0.28,0.18,0.0,0.0,0.0,0.0,0.0,0.0,0.0,0.0,0.0,0.0,98.0,Sleep
451,14.883,0.3,0.28,0.18,0.0,0.0,0.0,0.0,0.0,0.0,0.0,0.0,0.0,0.0,98.0,Sleep
452,14.916,0.3,0.28,0.18,0.0,0.0,0.0,0.0,0.0,0.0,0.0,0.0,0.0,0.0,98.0,Sleep
453,14.949,0.3,0.28,0.18,0.0,0.0,0.0,0.0,0.0,0.0,0.0,0.0,0.0,0.0,98.0,Sleep
454,14.982,0.3,0.28,0.18,0.0,0.0,0.0,0.0,0.0,0.0,0.0,0.0,0.0,0.0,98.0,Sleep
455,15.015,0.3,0.28,0.18,0.0,0.0,0.0,0.0,0.0,0.0,0.0,0.0,0.0,0.0,98.0,Sleep
456,15.048,0.3,0.28,0.18,0.0,0.0,0.0,0.0,0.0,0.0,0.0,0.0,0.0,0.0,98.0,Sleep
457,15.081,0.3,0.28,0.18,0.0,0.0,0.0,0.0,0.0,0.0,0.0,0.0,0.0,0.0,98.0,Sleep
458,15.114,0.3,0.28,0.18,0.0,0.0,0.0,0.0,0.0,0.0,0.0,0.0,0.0,0.0,98.0,Sleep
459,15.147,0.3,0.28,0.18,0.0,0.0,0.0,0.0,0.0,0.0,0.0,0.0,0.0,0.0,98.0,Sleep
460,15.18,0.3,0.28,0.18,0.0,0.0,0.0,0.0,0.0,0.0,0.0,0.0,0.0,0.0,98.0,Sleep
461,15.213,0.3,0.28,0.18,0.0,0.0,0.0,0.0,0.0,0.0,0.0,0.0,0.0,0.0,98.0,Sleep
462,15.246,0.3,0.28,0.18,0.0,0.0,0.0,0.0,0.0,0.0,0.0,0.0,0.0,0.0,98.0,Sleep
463,15.279,0.3,0.28,0.18,0.0,0.0,0.0,0.0,0.0,0.0,0.0,0.0,0.0,0.0,98.0,Sleep
464,15.312,0.3,0.28,0.18,0.0,0.0,0.0,0.0,0.0,0.0,0.0,0.0,0.0,0.0,98.0,Sleep
465,15.345,0.3,0.28,0.18,0.0,0.0,0.0,0.0,0.0,0.0,0.0,0.0,0.0,0.0,98.0,Sleep
466,15.378,0.3,0.28,0.18,0.0,0.0,0.0,0.0,0.0,0.0,0.0,0.0,0.0,0.0,98.0,Sleep
467,15.411,0.3,0.28,0.18,0.0,0.0,0.0,0.0,0.0,0.0,0.0,0.0,0.0,0.0,98.0,Sleep
468,15.444,0.3,0.28,0.18,0.0,0.0,0.0,0.0,0.0,0.0,0.0,0.0,0.0,0.0,98.0,Sleep
469,15.477,0.3,0.28,0.18,0.0,0.0,0.0,0.0,0.0,0.0,0.0,0.0,0.0,0.0,98.0,Sleep
470,15.51,0.3,0.28,0.18,0.0,0.0,0.0,0.0,0.0,0.0,0.0,0.0,0.0,0.0,98.0,Sleep
471,15.543,0.3,0.28,0.18,0.0,0.0,0.0,0.0,0.0,0.0,0.0,0.0,0.0,0.0,98.0,Sleep
472,15.576,0.3,0.28,0.18,0.0,0.0,0.0,0.0,0.0,0.0,0.0,0.0,0.0,0.0,98.0,Sleep
473,15.609,0.3,0.28,0.18,0.0,0.0,0.0,0.0,0.0,0.0,0.0,0.0,0.0,0.0,98.0,Sleep
474,15.642,0.3,0.28,0.18,0.0,0.0,0.0,0.0,0.0,0.0,0.0,0.0,0.0,0.0,98.0,Sleep
475,15.675,0.3,0.28,0.18,0.0,0.0,0.0,0.0,0.0,0.0,0.0,0.0,0.0,0.0,98.0,Sleep
476,15.708,0.3,0.28,0.18,0.0,0.0,0.0,0.0,0.0,0.0,0.0,0.0,0.0,0.0,98.0,Sleep
477,15.741,0.3,0.28,0.18,0.0,0.0,0.0,0.0,0.0,0.0,0.0,0.0,0.0,0.0,98.0,Sleep
478,15.774,0.3,0.28,0.18,0.0,0.0,0.0,0.0,0.0,0.0,0.0,0.0,0.0,0.0,98.0,Sleep
479,15.807,0.3,0.28,0.18,0.0,0.0,0.0,0.0,0.0,0.0,0.0,0.0,0.0,0.0,98.0,Sleep
480,15.84,0.3,0.28,0.18,0.0,0.0,0.0,0.0,0.0,0.0,0.0,0.0,0.0,0.0,98.0,Sleep
481,15.873,0.3,0.28,0.18,0.0,0.0,0.0,0.0,0.0,0.0,0.0,0.0,0.0,0.0,98.0,Sleep
482,15.906,0.3,0.28,0.18,0.0,0.0,0.0,0.0,0.0,0.0,0.0,0.0,0.0,0.0,98.0,Sleep
483,15.939,0.3,0.28,0.18,0.0,0.0,0.0,0.0,0.0,0.0,0.0,0.0,0.0,0.0,98.0,Sleep
484,15.972,0.3,0.28,0.18,0.0,0.0,0.0,0.0,0.0,0.0,0.0,0.0,0.0,0.0,98.0,Sleep
485,16.005,0.3,0.28,0.18,0.0,0.0,0.0,0.0,0.0,0.0,0.0,0.0,0.0,0.0,98.0,Sleep
486,16.038,0.3,0.28,0.18,0.0,0.0,0.0,0.0,0.0,0.0,0.0,0.0,0.0,0.0,98.0,Sleep
487,16.071,0.3,0.28,0.18,0.0,0.0,0.0,0.0,0.0,0.0,0.0,0.0,0.0,0.0,98.0,Sleep
488,16.104,0.3,0.28,0.18,0.0,0.0,0.0,0.0,0.0,0.0,0.0,0.0,0.0,0.0,98.0,Sleep
489,16.137,0.3,0.28,0.18,0.0,0.0,0.0,0.0,0.0,0.0,0.0,0.0,0.0,0.0,98.0,Sleep
490,16.17,0.3,0.28,0.18,0.0,0.0,0.0,0.0,0.0,0.0,0.0,0.0,0.0,0.0,98.0,Sleep
491,16.203,0.3,0.28,0.18,0.0,0.0,0.0,0.0,0.0,0.0,0.0,0.0,0.0,0.0,98.0,Sleep
492,16.236,0.3,0.28,0.18,0.0,0.0,0.0,0.0,0.0,0.0,0.0,0.0,0.0,0.0,98.0,Sleep
493,16.269,0.3,0.28,0.18,0.0,0.0,0.0,0.0,0.0,0.0,0.0,0.0,0.0,0.0,98.0,Sleep
494,16.302,0.3,0.28,0.18,0.0,0.0,0.0,0.0,0.0,0.0,0.0,0.0,0.0,0.0,98.0,Sleep
495,16.335,0.3,0.28,0.18,0.0,0.0,0.0,0.0,0.0,0.0,0.0,0.0,0.0,0.0,98.0,Sleep
496,16.368,0.3,0.28,0.18,0.0,0.0,0.0,0.0,0.0,0.0,0.0,0.0,0.0,0.0,98.0,Sleep
497,16.401,0.3,0.28,0.18,0.0,0.0,0.0,0.0,0.0,0.0,0.0,0.0,0.0,0.0,98.0,Sleep
498,16.434,0.3,0.28,0.18,0.0,0.0,0.0,0.0,0.0,0.0,0.0,0.0,0.0,0.0,98.0,Sleep
499,16.467,0.3,0.28,0.18,0.0,0.0,0.0,0.0,0.0,0.0,0.0,0.0,0.0,0.0,98.0,Sleep
500,16.5,0.3,0.28,0.18,0.0,0.0,0.0,0.0,0.0,0.0,0.0,0.0,0.0,0.0,98.0,Sleep
727,23.991,0.3515349590246539,0.19045181532647554,0.18,0.0,0.0,0.0,49.580698540153556,-7.744067473395802,48.92074865274634,-2.243978153168001,0.0,0.006879583369997856,0.0009183798384725479,78.0,Drowsy
728,24.024,0.305903446167222,0.0920358390503086,0.18,0.0,0.0,0.0,29.930201440885153,-5.898154410771298,29.317219556924584,-1.2366771162035093,0.0,-1.3827731168918247,-42.1106878867203,78.0,Drowsy
729,24.057,0.19622470196313913,0.09456629821888853,0.18,0.0,0.0,0.03333333333333333,18.960466788086876,5.866303092607751,17.17817807787165,5.476859206948461,0.011111111111111112,-3.323598309214506,-58.8128846158366,78.0,Drowsy
730,24.09,0.3107846807908129,0.22121341399186545,0.18,0.0,0.0,0.0,38.57407461019523,-2.515167773114939,38.478040440365504,-1.0361307714711643,0.011111111111111112,3.4715145099297504,205.91250967105242,78.0,Drowsy
731,24.123,0.3301099292923027,0.20225408652519344,0.18,0.0,0.0,0.0,38.6063490416916,-2.3455138721542994,38.49239414396831,1.8122759364533465,0.011111111111111112,0.5856135909542145,-87.45154299925535,78.0,Drowsy
732,24.156,0.29797824605002277,0.20622365505890783,0.18,0.0,0.0,0.0,39.52118160827713,-3.065635282333716,39.37081513269186,-1.5699018496502504,0.011111111111111112,-0.9736873709781431,-47.25154430097874,78.0,Drowsy
733,24.189,0.2948709926322335,0.21244070287286534,0.18,0.0,0.0,0.0,39.23314222610538,-3.8771163106487165,39.003124026324286,-1.7215499512589076,0.011111111111111112,-0.09415919447846959,26.65236898484045,78.0,Drowsy
734,24.222,0.3233033363783345,0.2765045489294688,0.18,0.0,0.0,0.0,60.89375026641144,-5.264909412401835,59.89132280004367,-9.662246304470557,0.011111111111111112,0.8615861741242413,28.961980866747716,78.0,Drowsy
735,24.255,0.329460666441428,0.21793992297009857,0.18,0.0,0.0,0.0,44.156539807748814,-1.3988943678892838,44.120699165918325,-1.0986389085259987,0.011111111111111112,0.18658575948767447,-20.45455801928913,78.0,Drowsy
736,24.288,0.33097278028130894,0.21547616706071593,0.18,0.0,0.0,0.0,37.840182165206656,-2.6254566132161585,37.73404749228706,-1.0620846096087462,0.011111111111111112,0.045821631511546355,-4.2655796356405435,78.0,Drowsy
737,24.321,0.31125017469819993,0.21899563999092533,0.18,0.0,0.0,0.0,37.99304296838643,-2.025699877006474,37.93872636379095,-0.1445541398485375,0.011111111111111112,-0.5976547146396443,-19.499283216702008,78.0,Drowsy
738,24.354,0.3349290395898647,0.20249553993000358,0.18,0.0,0.0,0.0,43.14704502756619,0.7583721376273047,43.13303799067069,-0.7958643144747839,0.011111111111111112,0.7175413603534505,39.854426514940755,78.0,Drowsy
739,24.387,0.3256070105197318,0.22375108593478676,0.18,0.0,0.0,0.0,44.23096379696988,0.37245595928305875,44.22294267390393,-0.7554973380904073,0.011111111111111112,-0.28248572939798666,-30.30385120459112,78.0,Drowsy
740,24.42,0.3340329979194708,0.2116132753226737,0.18,0.0,0.0,0.0,43.300544922194895,0.6679456834463053,43.293660687573805,-0.3872768934626265,0.011111111111111112,0.2553329515072324,16.29753578500602,78.0,Drowsy
741,24.453,0.3062610127454566,0.224494404892977,0.18,0.0,0.0,0.0,44.5208887015548,-1.2617341556021415,44.47716837380622,-1.5162622282799703,0.011111111111111112,-0.841575308303519,-33.23964423669175,78.0,Drowsy
742,24.486,0.2879078759016351,0.21414694517889643,0.18,0.0,0.0,0.0,37.172743327653855,-2.8110984798488516,37.06350359863495,-0.4552722638152318,0.011111111111111112,-0.5561556619339639,8.649080193016493,78.0,Drowsy
743,24.519,0.328674689411823,0.19854751310271265,0.18,0.0,0.0,0.0,37.74712554812726,-2.0403301414636417,37.60155039238242,-2.608821218297976,0.011111111111111112,1.2353579851571623,54.288292336092674,78.0,Drowsy
744,24.552,0.32027374437651296,0.21870577589797602,0.18,0.0,0.0,0.0,52.443839944881574,-11.024558678670331,49.04163835554846,-14.95771244236596,0.011111111111111112,-0.25457409197910946,-45.149456882920475,78.0,Drowsy
745,24.585,0.32770577025987196,0.18786080577364309,0.18,0.0,0.0,0.0,38.35744605468738,-1.4443169339640747,38.276348672984085,-2.031932256908817,0.011111111111111112,0.22521290555632498,14.538999925315643,78.0,Drowsy
746,24.618,0.30325360299702414,0.21080919398961406,0.18,0.0,0.0,0.0,36.751129436437886,-6.329827040994502,35.58301847317867,-6.6654032752963985,0.011111111111111112,-0.7409747655408151,-29.278414275669803,78.0,Drowsy
747,24.651,0.3058758085657971,0.18302492297586462,0.18,0.0,0.0,0.0,35.93623366004457,-7.362320959791759,34.91047405551831,-4.297431904441794,0.011111111111111112,0.07946077481130741,24.861683040975144,78.0,Drowsy
748,24.684,0.3242251423732446,0.18199909756467664,0.18,0.0,0.0,0.0,37.10975895039735,-5.789248717989494,36.369114914711076,-4.572339549770277,0.011111111111111112,0.5560404184074795,14.441807381701638,78.0,Drowsy
749,24.717,0.30988449477048685,0.19451529779555915,0.18,0.0,0.0,0.0,36.443880168069995,-4.658287362811365,35.98954473080886,-3.3480487779041823,0.011111111111111112,-0.4345650788714312,-30.018348402390096,78.0,Drowsy
750,24.75,0.24109741329343928,0.13599216894706898,0.18,0.0,0.0,0.0,37.58786968766555,-9.353533544453171,36.11516220212761,-4.588509235441251,0.011111111111111112,-2.0844570144561323,-49.996725320752006,78.0,Drowsy
751,24.783,0.22801529619931007,0.13870442284712003,0.18,0.0,0.0,0.03333333333333333,29.455630431761673,-2.9369118246594326,29.275008526158132,-1.4080443388148751,0.011111111111111112,-0.3964277907311731,51.15240071893622,78.0,Drowsy
752,24.816,0.2485325771602201,0.19957179120674684,0.18,0.0,0.0,0.0,32.06885047554818,-2.95399117530701,31.921066663569235,-0.8547572867451549,0.011111111111111112,0.6217357866942194,30.853441740162243,78.0,Drowsy
753,24.849,0.24143417358541364,0.1484394582034815,0.18,0.0,0.0,0.0,35.582328589216864,-10.409801906878982,33.670217727870664,-4.904545875850545,0.011111111111111112,-0.21510313863051367,-25.358755312872468,78.0,Drowsy
754,24.882,0.23506231801462796,0.12551032737752676,0.18,0.0,0.0,0.0,32.668843158186505,-9.966476402058362,30.833508169895424,-4.149389757349269,0.011111111111111112,-0.19308653244804355,0.667169884317251,78.0,Drowsy
755,24.915,0.24790695976591276,0.12160718132960764,0.18,0.0,0.0,0.0,23.82544506293329,-7.216619093772891,22.658160923764825,-1.4764771772776157,0.011111111111111112,0.38923156822073685,17.646003050568435,78.0,Drowsy
756,24.948,0.2178928403698601,0.1144233010675446,0.18,0.0,0.0,0.03333333333333333,34.394810650255806,-1.8752698131745547,34.276814449776026,-2.1415774490716046,0.011111111111111112,-0.9095187695774171,-39.35607084237105,78.0,Drowsy
757,24.981,0.09418168417786531,0.12793909641871457,0.18,0.0,0.0,0.06666666666666667,23.675319054235537,-2.7938448937544536,23.403889555780836,-2.23004858474053,0.022222222222222223,-3.7488229149087906,-86.0395195554929,78.0,Drowsy
758,25.014,0.16527941286854594,0.1250525233413028,0.18,0.0,0.0,0.1,23.095441964563662,-1.7707371794319897,22.989327293768753,-1.3246735295477379,0.03333333333333333,2.154476626990241,178.88786490602448,78.0,Drowsy
759,25.047,0.26297933685865643,0.11599856782078781,0.1,1.0,0.0,0.0,24.504207122859327,1.2490050575319742,24.467604031591463,0.48218880067722125,0.03333333333333333,2.960603757276282,24.428094857154466,78.0,Drowsy
760,25.08,0.27755195936778343,0.11915662965308682,0.1,1.0,0.0,0.0,23.535246364347064,2.454808360944156,23.364915167507775,-1.4008842053201533,0.03333333333333333,0.4415946214886802,-76.33361017537898,78.0,Drowsy
761,25.113,0.31599821344566925,0.3074945685942053,0.1,1.0,0.0,0.0,38.251905206270834,2.0110009784867486,38.192295779382334,-0.71600982830509,0.03333333333333333,1.1650380023602578,21.92252669307964,78.0,Drowsy
762,25.146,0.40014755133885116,0.17231242068048974,0.1,1.0,0.0,0.0,47.07078013359743,-7.401764488920236,45.849515244835914,-7.661212479078586,0.03333333333333333,2.549979936156931,41.96793738777639,78.0,Drowsy
763,25.179,0.284216773610721,0.11509100998136183,0.1,1.0,0.0,0.0,37.27055804899392,-5.66184602357427,36.327123473727596,-6.113762917656459,0.03333333333333333,-3.5130538705492653,-183.72829717290807,78.0,Drowsy
764,25.212,0.19463694940576676,0.11690562338658933,0.1,1.0,0.0,0.03333333333333333,37.591312681327636,1.576877104089931,37.38922546329567,-3.55894183132898,0.044444444444444446,-2.7145401274230454,24.197386155341686,78.0,Drowsy
765,25.245,0.2813727620354458,0.1153842193343889,0.1,1.0,0.0,0.0,34.31709081635506,-7.317925822830176,32.85134631303433,-6.700726018171622,0.044444444444444446,2.628357958475023,161.90600260296566,78.0,Drowsy
766,25.278,0.27713884267107725,0.11647368320204811,0.1,1.0,0.0,0.0,34.24341825241765,-5.161232892313478,33.083601102835644,-7.172775384031183,0.044444444444444446,-0.12830058679904258,-83.53510743254428,78.0,Drowsy
767,25.311,0.37482862288865476,0.1640720850502584,0.1,1.0,0.0,0.0,37.464531097017236,-3.7917761091033526,36.789467643660885,-5.979012857808016,0.044444444444444446,2.960296370229828,93.59384718269958,78.0,Drowsy
768,25.344,0.2734595307384316,0.11618997115842859,0.1,1.0,0.0,0.0,35.310083145502134,-4.005296834374548,34.265485659708844,-7.525693424204235,0.044444444444444446,-3.0717906712187673,-182.79051640752627,78.0,Drowsy
769,25.377,0.2858788041501251,0.10913497506695405,0.1,1.0,0.0,0.0,34.23457995103898,-5.158169005028128,33.130744579124894,-6.910392215528248,0.044444444444444446,0.37634161853615306,104.48885726529666,78.0,Drowsy
770,25.41,0.2726354380441768,0.10358587481172213,0.1,1.0,0.0,0.0,34.4453144023114,-4.11714454410594,33.41076887288665,-7.297213742214808,0.044444444444444446,-0.401314124422705,-23.56532554420946,78.0,Drowsy
771,25.443,0.24510592646224766,0.1616374060106202,0.1,1.0,0.0,0.0,30.505763314370288,-3.890863782877119,30.10060389046393,-3.068618556429442,0.044444444444444446,-0.8342276236947903,-13.118590887032392,78.0,Drowsy
772,25.476,0.09014530224456711,0.17020487543105797,0.1,1.0,0.0,0.03333333333333333,35.884265760987624,-7.283448919386274,34.789223807779166,-4.933741774366695,0.05555555555555555,-4.695776491444686,-117.01663235605302,78.0,Drowsy
773,25.509,0.36539516495280056,0.2026379875015329,0.1,1.0,0.0,0.0,37.43008504386445,-5.924683822269174,36.44163296989956,-6.157659822058747,0.05555555555555555,8.34090493055311,395.05095218177894,78.0,Drowsy
774,25.542,0.3288640007649576,0.3262777450174823,0.1,1.0,0.0,0.0,49.67190538643789,0.81013882616773,49.25098180834084,-6.401769342615637,0.05555555555555555,-1.107004975389139,-286.30030018005726,78.0,Drowsy
775,25.575,0.10638720372065923,0.19540397852622934,0.1,1.0,0.0,0.03333333333333333,47.500461267188776,-12.30279552172982,40.67748848908923,-21.219730751501515,0.06666666666666667,-6.74172112255424,-170.74897415651174,78.0,Drowsy
776,25.608,0.3101358027654075,0.2904263105494068,0.1,1.0,0.0,0.0,51.02000996453113,-1.154232953106856,49.82898608947062,-10.898683790539167,0.06666666666666667,6.174199971053407,391.39154829116814,78.0,Drowsy
777,25.641,0.3,0.28,0.1,1.0,0.0,0.0,0.0,0.0,0.0,0.0,0.06666666666666667,-0.30714553834566977,-196.40440937572217,78.0,Drowsy
778,25.674,0.2553371647977474,0.3178689126268897,0.1,1.0,0.0,0.0,50.741507070484495,0.19223129600339917,50.668303258667606,-2.71783586711166,0.06666666666666667,-1.353419248553204,-31.705263945685065,78.0,Drowsy
779,25.707,0.2623832806924785,0.31131462582679703,0.1,1.0,0.0,0.0,48.41501644233201,-19.381522966935336,42.77589218350141,-11.772571193197336,0.06666666666666667,0.21351866347669318,47.48296703120721,78.0,Drowsy
780,25.74,0.3634261274134205,0.18842153069486528,0.1,1.0,0.0,0.0,41.74507939393549,6.086392507068041,41.297068271139494,0.3995398161974322,0.06666666666666667,3.0619044460890352,86.31472068521921,78.0,Drowsy
781,25.773,0.3778794271994651,0.18817287782459266,0.1,1.0,0.0,0.0,39.00032542649453,-6.57945262997066,37.992575983597305,-5.856650629244768,0.06666666666666667,0.43797878139532126,-79.5128989301181,78.0,Drowsy
782,25.806,0.35601809543716234,0.2069313404081061,0.1,1.0,0.0,0.0,38.28317289240318,-8.702374492707804,36.920869303142155,-5.169082587712978,0.06666666666666667,-0.6624645988576343,-33.34676909857315,78.0,Drowsy
783,25.839,0.43145831392483425,0.18767319089340723,0.1,1.0,0.0,0.0,45.89548709814453,-8.519231496136086,41.74494408648752,-17.063940749639983,0.06666666666666667,2.286067226899062,89.34944926535104,78.0,Drowsy
784,25.872,0.36844062145502576,0.14399765128212544,0.1,1.0,0.0,0.0,29.233512111912898,-5.105253672551299,28.744713316722027,-1.5086655281151025,0.06666666666666667,-1.9096270445397843,-127.14225064967087,78.0,Drowsy
785,25.905,0.2734008691368188,0.14172336795266074,0.1,1.0,0.0,0.0,15.072012409677573,-14.023626481100564,5.49766357423843,-0.5283499035125487,0.06666666666666667,-2.87999249449101,-29.405013634884515,78.0,Drowsy
786,25.938,0.37897906014581384,0.14141234269754474,0.1,1.0,0.0,0.0,32.131480937699045,-4.6835622885288615,31.58697872697033,-3.571986343914432,0.06666666666666667,3.1993391214845763,184.22217018107142,78.0,Drowsy
787,25.971,0.34453015370524376,0.19087860714299257,0.1,1.0,0.0,0.0,39.10972815762274,-8.114352289350819,37.32832901387394,-8.385939215104827,0.06666666666666667,-1.0439062557749237,-128.58319325029686,78.0,Drowsy
788,26.004,0.2023879945990673,0.17253960137781785,0.1,1.0,0.0,0.03333333333333333,32.584542500944,-13.6600457801363,27.95621349708111,-9.675003162068037,0.06666666666666667,-4.307338154732457,-98.8918757259821,78.0,Drowsy
789,26.037,0.29746958054110484,0.24740456980545836,0.1,1.0,0.0,0.0,32.20396727351611,-5.426028877494787,31.71774319957376,-1.2800332418270273,0.06666666666666667,2.881260180061634,217.83631317557027,78.0,Drowsy
790,26.07,0.2010594673275355,0.23885926987542755,0.1,1.0,0.0,0.03333333333333333,32.530771201874465,-5.567300290272726,32.036045245165866,-0.9736773163218686,0.06666666666666667,-2.921518582229578,-175.84178067550354,78.0,Drowsy
791,26.103,0.24370312738920263,0.2232852092747577,0.1,1.0,0.0,0.0,30.3113613229787,-5.995507107906235,29.557205898781746,-3.0338258401293388,0.06666666666666667,1.2922321230807736,127.68941531243006,78.0,Drowsy
792,26.136,0.2808645956351507,0.23462519712662985,0.1,1.0,0.0,0.0,27.28149262607905,-10.982435653515608,24.25203160134481,-5.95859968705463,0.06666666666666667,1.12610509836202,-5.034152264204464,78.0,Drowsy
793,26.169,0.24714146879183507,0.2556029674037804,0.1,1.0,0.0,0.0,32.5817490606336,-10.823855248205973,30.59953564320088,-2.84305255604977,0.06666666666666667,-1.0219129346459994,-65.0914555457021,78.0,Drowsy
794,26.202,0.11907181469130859,0.20877132975110313,0.1,1.0,0.0,0.03333333333333333,57.494601317185094,3.9751866360384724,57.29028233410662,2.7659757607530366,0.07777777777777778,-3.880898609106716,-86.63592952910933,78.0,Drowsy
795,26.235,0.044533442626387726,0.3311553719597298,0.1,1.0,0.0,0.06666666666666667,19.575443318761288,-14.874476094568962,12.36666558280055,-3.0022532207175345,0.08888888888888889,-2.2587385474217587,49.1563655056029,78.0,Drowsy
796,26.268,0.2655525170013109,0.24497142429250693,0.06666666666666667,2.0,0.0,0.0,34.815067465242876,-12.004391762828106,32.00745698739513,-6.595922847790803,0.08888888888888889,6.697547708331472,271.40261381072287,78.0,Drowsy
797,26.301,0.548994797061264,0.43582037927610073,0.06666666666666667,2.0,0.0,0.0,61.37756343503504,-3.8861881102250493,-60.86399360636,6.904861872526169,0.08888888888888889,8.589160001816435,57.32158465105731,78.0,Drowsy
798,26.334,0.27716788388840297,0.16692830045043702,0.06666666666666667,2.0,0.0,0.0,27.654145326353145,-4.864664889127255,23.16411887450471,-14.300712779975925,0.08888888888888889,-8.237179187056968,-509.8890663295327,78.0,Drowsy
799,26.367,0.29029329532920967,0.17057940197268776,0.06666666666666667,2.0,0.0,0.0,47.33018705394822,-6.707236474856643,46.45801544726831,-6.067321166170387,0.08888888888888889,0.397739740630491,261.6642099299131,78.0,Drowsy
800,26.4,0.28395699463550284,0.1704534478507811,0.06666666666666667,2.0,0.0,0.0,49.440695006091865,-5.183432871947048,48.89508065824339,-5.175464594728567,0.08888888888888889,-0.19200911193050277,-17.871177350332466,78.0,Drowsy
801,26.433,0.2933594700261952,0.2026403442105814,0.06666666666666667,2.0,0.0,0.0,34.08034505479404,-3.3064909857630767,33.783447940005715,-3.0357341286443216,0.08888888888888889,0.28492349668766803,14.45250329146073,78.0,Drowsy
802,26.466,0.27686000791399684,0.20871176215401818,0.06666666666666667,2.0,0.0,0.0,34.01690395158472,0.1614500923784874,33.2592883506031,-7.137466408358648,0.08888888888888889,-0.49998370036962897,-23.785066577492945,78.0,Drowsy
803,26.499,0.25444646091329104,0.14666841425453922,0.06666666666666667,2.0,0.0,0.0,34.89359982181797,1.3615080387307046,33.96486468722398,-7.880201213434361,0.08888888888888889,-0.6791983939607562,-5.430748290640014,78.0,Drowsy
804,26.532,0.2816027401139084,0.1471864966723501,0.06666666666666667,2.0,0.0,0.0,34.22797549651567,2.0592524593321855,33.4434319886777,-6.989323480673988,0.08888888888888889,0.8229175515339169,45.51866501499327,78.0,Drowsy
805,26.565,0.18758007077744987,0.13218784697438052,0.06666666666666667,2.0,0.0,0.03333333333333333,21.221179926786856,0.4376623602536256,20.597297740046344,-5.089032810992705,0.1,-2.849171798074393,-111.27543483661124,78.0,Drowsy
806,26.598,0.27087640434723603,0.1387836005470046,0.06666666666666667,2.0,0.0,0.0,14.55593644502302,-1.6032082384516855,14.338386559284885,-1.9276099222167886,0.1,2.524131320296455,162.82736722335284,78.0,Drowsy
807,26.631,0.22325798571911773,0.36313785589963554,0.06666666666666667,2.0,0.0,0.03333333333333333,34.20398378686832,-20.412323995569096,26.889317319654936,-5.496739949749326,0.1,-1.4429823826703523,-120.2155667565783,78.0,Drowsy
808,26.664,0.26395854117999146,0.14720694172301813,0.06666666666666667,2.0,0.0,0.0,26.93994137062567,6.1276407992857,26.14986299673984,-2.0969321732984554,0.1,1.2333501654809753,81.10098630761291,78.0,Drowsy
809,26.697,0.2818033406729872,0.16342243891025746,0.06666666666666667,2.0,0.0,0.0,21.694061879019884,-1.8755443107653207,21.424192829853155,-2.84931850419855,0.1,0.5407514997877286,-20.987838354340013,78.0,Drowsy
810,26.73,0.3343136276134374,0.15567967532901375,0.06666666666666667,2.0,0.0,0.0,29.780115841612304,-4.184255492333705,29.42413956839232,-1.888734013696137,0.1,1.5912208163773909,31.832403533022287,78.0,Drowsy
811,26.763,0.3473394351281509,0.16445024652278956,0.06666666666666667,2.0,0.0,0.0,32.787268812727106,-3.816797933502187,32.55444198900955,-0.8033408473698955,0.1,0.3947214398397879,-36.25755686477448,78.0,Drowsy
812,26.796,0.39820804237966445,0.19669442394937003,0.06666666666666667,2.0,0.0,0.0,50.48463271913433,-1.4610227153348205,50.46346497363885,0.047500163050699484,0.1,1.5414729470155035,34.750045671990065,78.0,Drowsy
813,26.829,0.3380212183050725,0.16172161397092516,0.06666666666666667,2.0,0.0,0.0,43.46965051063267,-2.8508915049932853,43.27084608121831,-3.0194059943667924,0.1,-1.8238431537756414,-101.97927578155696,78.0,Drowsy
814,26.862,0.3530210230202745,0.16450205049063368,0.06666666666666667,2.0,0.0,0.0,31.575633807752453,-6.099035068559516,30.730404599561894,-3.9325125226737896,0.1,0.4545395368242862,69.0418997151467,78.0,Drowsy
815,26.895,0.31221988244457777,0.07505335360129753,0.06666666666666667,2.0,0.0,0.0,16.259426510640846,-8.461745896508916,-12.009520010438763,-6.967010546620116,0.1,-1.2363981992636235,-51.24053745721296,78.0,Drowsy
816,26.928,0.29570550673284623,0.10193424507860296,0.06666666666666667,2.0,0.0,0.0,17.288136342633237,-9.429337093397436,13.552658530711966,-5.127641458845915,0.1,-0.5004356276282093,22.301896110163224,78.0,Drowsy
817,26.961,0.22584145972003156,0.1381363951598069,0.06666666666666667,2.0,0.0,0.03333333333333333,41.686511787718544,-11.50575013296202,39.375369723246365,-7.413719583521811,0.1,-2.1170923337215766,-48.989597154342604,78.0,Drowsy
818,26.994,0.33291395978707006,0.17233695804809712,0.06666666666666667,2.0,0.0,0.0,50.73138906440636,-12.165518885605081,47.93448311742148,-11.311910312311966,0.1,3.2446212141529083,162.47616811741997,78.0,Drowsy
819,27.027,0.35987359531806706,0.13960076194353485,0.06666666666666667,2.0,0.0,0.0,42.46081144522498,6.896712566631152,41.676754986881235,-4.289983464267692,0.08888888888888889,0.8169586524544238,-73.56553217267856,78.0,Drowsy
820,27.06,0.5190388332327063,0.3759654332867117,0.06666666666666667,2.0,0.0,0.0,51.66837162967831,-4.7215304444350465,51.26384221442032,-4.3984381932496035,0.08888888888888889,4.823189027716157,121.40092046247216,78.0,Drowsy
821,27.093,0.3180977699847022,0.20643992949679452,0.06666666666666667,2.0,0.0,0.0,37.73785631852672,-6.190146194179022,36.671351564486656,-6.406236340182886,0.08888888888888889,-6.089123128727821,-330.6761259528709,78.0,Drowsy
822,27.126,0.3089337272914964,0.20195758457700277,0.06666666666666667,2.0,0.0,0.0,27.989616291363383,-7.081470908573323,27.01874890180278,-1.805158632950338,0.08888888888888889,-0.27769826343046855,176.1037837968828,78.0,Drowsy
823,27.159,0.3098597519766713,0.21606099602542386,0.06666666666666667,2.0,0.0,0.0,37.241805812146815,-8.634871517488278,35.86457035735222,-5.111133642222114,0.08888888888888889,0.0280613540962093,9.265442955353523,78.0,Drowsy
824,27.192,0.28257227920143335,0.180558100394961,0.06666666666666667,2.0,0.0,0.0,15.721954323339505,-13.5604019226476,-7.432903894331417,2.8367740726152135,0.08888888888888889,-0.8268931144012082,-25.907711166590218,78.0,Drowsy
825,27.225,0.31036880846382037,0.1948809966908676,0.06666666666666667,2.0,0.0,0.0,36.70165225999682,-8.351968935751614,34.99369882682936,-7.259265522567091,0.08888888888888889,0.8423190685571503,50.582187362372586,78.0,Drowsy
826,27.258,0.3339819741068856,0.2009305345089906,0.06666666666666667,2.0,0.0,0.0,30.295411061528004,-4.402000129811682,29.668667319505943,-4.266673848394248,0.08888888888888889,0.7155504740322535,-3.8414725613603653,78.0,Drowsy
827,27.291,0.35310128192053625,0.21174607768177867,0.06666666666666667,2.0,0.0,0.0,40.37559202778283,-4.936015132247292,40.01333067803469,-2.1811818490061796,0.08888888888888889,0.5793729640500592,-4.126591211581932,78.0,Drowsy
828,27.324,0.3081757978153766,0.2314811896377258,0.06666666666666667,2.0,0.0,0.0,39.171287579111926,-5.565952203461791,38.73852525666854,-1.654269510303891,0.08888888888888889,-1.3613783062169083,-58.81064455354225,78.0,Drowsy
829,27.357,0.3171452902437583,0.22155547627241773,0.06666666666666667,2.0,0.0,0.0,38.532937063339006,-3.0827954436002187,38.148684552325335,-4.467826978223002,0.08888888888888889,0.2718028008600425,49.49033657808754,78.0,Drowsy
830,27.39,0.300903724367091,0.35231528599446144,0.06666666666666667,2.0,0.0,0.0,40.964942237554105,-6.5805812105054144,40.401393984358805,-1.5968116916855024,0.08888888888888889,-0.4921686629293467,-23.150650417861893,78.0,Drowsy
831,27.423,0.09515255792919362,0.16158525644063118,0.06666666666666667,2.0,0.0,0.03333333333333333,37.79124575831301,-6.961849751589369,36.875786157776076,-4.45951782679208,0.1,-6.234883831451199,-174.02167177338288,78.0,Drowsy
832,27.456,0.3384381829166174,0.18110381984209623,0.06666666666666667,2.0,0.0,0.0,43.23934697088341,-13.635702363747413,39.867973734463476,-9.708419944762795,0.1,7.37229166628529,412.33865144654465,78.0,Drowsy
833,27.489,0.2811165682710977,0.30192560218604275,0.06666666666666667,2.0,0.0,0.0,20.91490773558758,-17.171429752600204,11.931795915035082,-0.4556446878981433,0.1,-1.7370186256219307,-276.0397058153896,78.0,Drowsy
834,27.522,0.31853789117289133,0.14369186921800695,0.06666666666666667,2.0,0.0,0.0,43.044849011634525,-5.874258243300886,42.50559534890081,-3.4097625373223366,0.1,1.1339794818724909,86.9999426513428,78.0,Drowsy
835,27.555,0.32949956481491116,0.1486951709899291,0.06666666666666667,2.0,0.0,0.0,42.261786978630155,-4.223779001163734,41.91819349481159,-3.3291716248906766,0.1,0.3321719285460787,-24.29719858565055,78.0,Drowsy
836,27.588,0.2909741248255009,0.14838027824725514,0.06666666666666667,2.0,0.0,0.0,41.347451040278195,-6.460102682546591,40.5943040149607,-4.470040536740413,0.1,-1.1674375754366306,-45.44271224189856,78.0,Drowsy
837,27.621,0.32996668696637943,0.3175144768765221,0.06666666666666667,2.0,0.0,0.0,40.23054481482666,-17.75692711705298,35.532404660682914,-6.374676029958209,0.1,1.1815927921477898,71.18273841164641,78.0,Drowsy
838,27.654,0.3285983411416819,0.3496687316200303,0.06666666666666667,2.0,0.0,0.0,52.51073261952748,-16.155209250139762,49.289968511707116,-8.178340812085708,0.1,-0.041465024990837,-37.06235809511249,78.0,Drowsy
839,27.687,0.2883721772076112,0.20063420628634687,0.06666666666666667,2.0,0.0,0.0,33.021842528375636,-11.600754675365351,28.37393449652103,-12.279430610494956,0.1,-1.2189746646687627,-35.68211029326912,78.0,Drowsy
840,27.72,0.34080012861340747,0.22320693267948544,0.06666666666666667,2.0,0.0,0.0,36.29187675450303,-9.470455708676042,32.77135770450781,-12.387449343478238,0.1,1.588725800175584,85.08183226800728,78.0,Drowsy
841,27.753,0.17501522104750905,0.2059837375610956,0.06666666666666667,2.0,0.0,0.03333333333333333,30.97076691941212,-9.729806715125733,27.882954100988997,-9.330602095523489,0.1111111111111111,-5.023785077754848,-200.37911751305737,78.0,Drowsy
842,27.786,0.3326414312085939,0.31797413126681917,0.06666666666666667,2.0,0.0,0.0,46.68600692448779,-17.672720614865085,42.31000080586739,-8.781914394353066,0.1111111111111111,4.776551823062997,296.979906085378,78.0,Drowsy
843,27.819,0.36705002200264414,0.18508832878815146,0.06666666666666667,2.0,0.0,0.0,26.599735831165777,-12.871733993404916,21.76669872797828,-8.250771889723865,0.1111111111111111,1.0426845695166342,-113.14749253170368,78.0,Drowsy
844,27.852,0.36773079942707476,0.1783994435175511,0.06666666666666667,2.0,0.0,0.0,42.63863043467667,-12.023980986345123,39.62532474537312,-10.164168702292727,0.1111111111111111,0.020629618922141532,-30.97136213922921,78.0,Drowsy
845,27.885,0.39824066198393715,0.19473475307091656,0.06666666666666667,2.0,0.0,0.0,42.72805807708714,-4.998098313603407,42.162123221653474,-4.802220916263138,0.1111111111111111,0.9245412896018556,27.391262747869085,78.0,Drowsy
846,27.918,0.39027819084320914,0.19196226908795794,0.06666666666666667,2.0,0.0,0.0,41.06215187967612,-7.383568698870079,40.286575315245784,-2.9283236890215107,0.1111111111111111,-0.24128700426447605,-35.32813011716022,78.0,Drowsy
847,27.951,0.3313867629090809,0.29525887666399436,0.06666666666666667,2.0,0.0,0.0,41.18091523688776,-16.212904889424237,37.278403670621145,-6.582561398455653,0.1,-1.7845887252767372,-46.766718818556626,78.0,Drowsy
848,27.984,0.37002861942647053,0.19082964323261212,0.06666666666666667,2.0,0.0,0.0,41.18586663782497,-7.935382923422367,40.165787596361355,-4.4737920527607,0.08888888888888889,1.1709653490117617,89.56224467540567,78.0,Drowsy
849,28.017,0.35339919958847277,0.17080822627800152,0.06666666666666667,2.0,0.0,0.0,50.49556014386704,-1.4490525057045716,50.35315337627037,-3.5016833301137353,0.08888888888888889,-0.5039218132726403,-50.75415643285874,78.0,Drowsy
850,28.05,0.3500258077807788,0.17288972841779526,0.06666666666666667,2.0,0.0,0.0,51.503848400371496,-2.057430080997392,51.31421788143135,-3.906971298492948,0.08888888888888889,-0.1022239941725517,12.17266118485202,78.0,Drowsy
851,28.083,0.45960187403181596,0.2712596044393655,0.06666666666666667,2.0,0.0,0.0,45.1117201459321,-6.045480766547996,44.51013726409724,-4.167389777476615,0.08888888888888889,3.3204868560919096,103.71851061407065,78.0,Drowsy
852,28.116,0.3746856000088842,0.18132201627902877,0.06666666666666667,2.0,0.0,0.0,39.543054690026935,-5.41516282251456,39.107103222982516,-2.2279280354418347,0.08888888888888889,-2.573220424937506,-178.59719033423718,78.0,Drowsy
853,28.149,0.3121477955700577,0.28441773259105174,0.06666666666666667,2.0,0.0,0.0,35.7167312844866,-16.944439683965527,31.032172457171157,-5.057185979679389,0.08888888888888889,-1.8950849829946708,20.549558846751808,78.0,Drowsy
854,28.182,0.2477369004136623,0.30497566385782615,0.06666666666666667,2.0,0.0,0.0,14.19718969982786,-13.950782659800666,-1.7719650895532766,-1.948332177352654,0.07777777777777778,-1.9518453077694826,-1.7200098416609002,78.0,Drowsy
855,28.215,0.3434492898980671,0.2417027314049918,0.06666666666666667,2.0,0.0,0.0,48.31221010054409,-6.921105932105746,47.75781561742127,-2.314948148032215,0.07777777777777778,2.90037543892156,147.03699232398122,78.0,Drowsy
856,28.248,0.32812128652840344,0.23851724474260996,0.06666666666666667,2.0,0.0,0.0,48.177593062216125,-6.260696712664554,47.719250811136305,-2.1811125519774066,0.07777777777777778,-0.4644849505958511,-101.9654663490086,78.0,Drowsy
857,28.281,0.29845718724527526,0.3051956715594779,0.06666666666666667,2.0,0.0,0.0,16.966490032583255,-14.276669969140954,-9.118665825258887,-0.9425561973863523,0.07777777777777778,-0.8989120994886989,-13.164459057358524,78.0,Drowsy
858,28.314,0.2946769700537815,0.3119485417179072,0.06666666666666667,2.0,0.0,0.0,34.532219224434876,-9.556847128278491,33.11458543520666,-2.136602205733084,0.07777777777777778,-0.1145520361058789,23.76848676917802,78.0,Drowsy
859,28.347,0.2278505191619486,0.251673386149399,0.06666666666666667,2.0,0.0,0.03333333333333333,32.37075051720104,-8.25476175485673,31.151300218270563,-3.053013614218287,0.07777777777777778,-2.0250439664191027,-57.89369485797428,78.0,Drowsy
860,28.38,0.3318722514641367,0.22008308290969533,0.06666666666666667,2.0,0.0,0.0,46.73083420324308,-6.94757069650484,46.127511685315284,-2.7847428012586875,0.07777777777777778,3.152173706126792,156.88538401653634,78.0,Drowsy
861,28.413,0.3461867879880656,0.20864469288905538,0.06666666666666667,2.0,0.0,0.0,46.08291159635244,-6.17662607481742,45.60267257576152,-2.4249299942489984,0.07777777777777778,0.43377383405848313,-82.3757536990454,78.0,Drowsy
862,28.446,0.3577188874277787,0.20972815115810212,0.06666666666666667,2.0,0.0,0.0,48.87503757797529,-7.403791189173603,48.217276459499175,-3.007893798630363,0.06666666666666667,0.34945755877917045,-2.55503864482756,78.0,Drowsy
863,28.479,0.3271304703720208,0.22572052503376186,0.06666666666666667,2.0,0.0,0.0,48.287538645755006,-6.754093150864804,47.71084783547025,-3.121476092384512,0.06666666666666667,-0.9269217289623248,-38.6781602345893,78.0,Drowsy
864,28.512,0.3520059489325753,0.22462557545543024,0.06666666666666667,2.0,0.0,0.0,47.25686386466778,-7.221781150142675,46.62253993357939,-2.7195274378064767,0.06666666666666667,0.7538023806229162,50.93103362379873,78.0,Drowsy
865,28.545,0.40830313756076564,0.22273107091324854,0.06666666666666667,2.0,0.0,0.0,48.50197428090846,-1.2921928779243785,48.48264857981502,-0.4522536879986774,0.05555555555555555,1.7059754129754,28.853728253104475,78.0,Drowsy
866,28.578,0.4006392095880663,0.21407281738943193,0.06666666666666667,2.0,0.0,0.0,51.152813281504926,-1.5685174226248364,51.128140648304424,0.25158210315922247,0.05555555555555555,-0.23224024159694043,-58.73380771431112,78.0,Drowsy
867,28.611,0.3924401550005103,0.21707748877022842,0.06666666666666667,2.0,0.0,0.0,49.03465314950477,-3.333614454982495,48.91800075812489,-0.5598446086746378,0.05555555555555555,-0.24845619962292603,-0.4913926674541435,78.0,Drowsy
868,28.644,0.23421603276008174,0.2047221108340739,0.06666666666666667,2.0,0.0,0.0,47.80068414969001,0.3465275656880067,47.796972691062706,0.48448466895194997,0.05555555555555555,-4.794670370921897,-137.76406579693327,78.0,Drowsy
869,28.677,0.4035398049577765,0.21591977288682435,0.06666666666666667,2.0,0.0,0.0,47.68005783777628,-2.373941312499852,47.61204183038927,-0.9196688533159545,0.05555555555555555,5.131023399930503,300.77859911676035,78.0,Drowsy
870,28.71,0.3888290615740883,0.2226454057685284,0.06666666666666667,2.0,0.0,0.0,46.64943169738647,-2.049038990065668,46.57184030016202,-1.742012618358558,0.05555555555555555,-0.4457801025359897,-168.99404552928124,78.0,Drowsy
871,28.743,0.248155947149189,0.1856231330206964,0.06666666666666667,2.0,0.0,0.0,18.85289647069635,-9.992162686123066,15.97422563048437,0.6422660626415109,0.05555555555555555,-4.2628216492392115,-115.667925657669,78.0,Drowsy
872,28.776,0.26534897358295306,0.22968600298147154,0.06666666666666667,2.0,0.0,0.0,45.26527376541114,-16.868882279589343,40.251500782881976,-12.008434719838647,0.05555555555555555,0.5210008010231895,144.96431667462832,78.0,Drowsy
873,28.809,0.21028696122463214,0.30012136341965867,0.06666666666666667,2.0,0.0,0.03333333333333333,50.01134716105074,-15.996970186851314,45.597648946165464,-12.887443512442019,0.05555555555555555,-1.6685458290399646,-66.34989788069912,78.0,Drowsy
874,28.842,0.3517414032286364,0.5696059530299853,0.06666666666666667,2.0,0.0,0.0,62.4496429841297,-10.852303548681675,60.10820468578726,-13.007272811163546,0.05555555555555555,4.286498242545421,180.45588095712606,78.0,Drowsy
875,28.875,0.38084577754312976,0.4330403993403673,0.06666666666666667,2.0,0.0,0.0,61.8718484251447,-12.160666481426944,58.68717279261736,-15.36423014280416,0.05555555555555555,0.8819507368028907,-103.16810623462933,78.0,Drowsy
876,28.908,0.2648738595730553,0.2104060435561486,0.06666666666666667,2.0,0.0,0.0,44.000135427739,-13.331096581369934,40.15373904863796,-12.081846796390323,0.05555555555555555,-3.5143005445475772,-133.21973579849399,78.0,Drowsy
877,28.941,0.28786852681265107,0.234699306546521,0.06666666666666667,2.0,0.0,0.0,23.805157925561403,-22.363415410217243,-8.149752991807588,-0.3804224277038202,0.05555555555555555,0.6968080981695419,127.60935280960483,78.0,Drowsy
878,28.974,0.3,0.28,0.06666666666666667,2.0,0.0,0.0,0.0,0.0,0.0,0.0,0.05555555555555555,0.36762039961665954,-9.975384804633496,78.0,Drowsy
879,29.007,0.3,0.28,0.06666666666666667,2.0,0.0,0.0,0.0,0.0,0.0,0.0,0.05555555555555555,0.0,-11.140012109595322,78.0,Drowsy
880,29.04,0.1817667731183007,0.12714619710920616,0.06666666666666667,2.0,0.0,0.03333333333333333,3.9927267505394948,3.9583420624371968,-0.5128903395411157,0.10167851700094843,0.06666666666666667,-3.582825057021055,-108.57045627336119,78.0,Drowsy
881,29.073,0.21155901125878676,0.13707949946581485,0.06666666666666667,2.0,0.0,0.06666666666666667,8.200431914751906,4.06442894665156,4.6052922786568615,5.433119173572948,0.06666666666666667,0.9027950951663074,135.92788339962652,78.0,Drowsy
882,29.106,0.2642127012993656,0.302961012188056,0.06666666666666667,3.0,0.0,0.0,27.607293889300387,-4.379107597608424,26.951070447604934,4.0774862681567186,0.06666666666666667,1.5955663648659644,20.99306877877669,78.0,Drowsy
883,29.139,0.20457438362963792,0.13178147067212226,0.06666666666666667,3.0,0.0,0.03333333333333333,23.45538580790923,-11.165354618809118,19.640222672688594,-6.304889610557552,0.06666666666666667,-1.8072217475674364,-103.11479128585671,78.0,Drowsy
884,29.172,0.31468915093856153,0.1071268645115782,0.06666666666666667,3.0,0.0,0.0,28.56250911092793,-6.026092414764662,27.422064210842365,-5.24724035441443,0.05555555555555555,3.3368111305736754,155.87978418610518,78.0,Drowsy
885,29.205,0.1887449168242247,0.1318655791448489,0.06666666666666667,3.0,0.0,0.03333333333333333,25.544004071701085,-8.924632987582498,23.93071828491955,0.4096247305193117,0.05555555555555555,-3.8164919428585473,-216.76675980096823,78.0,Drowsy
886,29.238,0.19724153426810942,0.20509972793901357,0.06666666666666667,3.0,0.0,0.06666666666666667,28.614097997902476,-7.933494612940706,27.433792720328427,1.7925636496543973,0.06666666666666667,0.25747325587528475,123.45349087071752,78.0,Drowsy
887,29.271,0.2663177295078488,0.16787501162323018,0.06666666666666667,4.0,0.0,0.0,25.07920704443775,-8.050014885717786,23.69158327289358,-1.694924287703543,0.06666666666666667,2.0932180375680067,55.62862974826818,78.0,Drowsy
888,29.304,0.2642024633558997,0.13095885220987213,0.06666666666666667,4.0,0.0,0.0,27.03892141516097,-8.167165513919457,25.765975945473343,-0.7177481039922213,0.06666666666666667,-0.06409897430148619,-65.37324278392155,78.0,Drowsy
889,29.337,0.2595535037590745,0.13737275730685358,0.06666666666666667,4.0,0.0,0.0,25.80783990104494,-7.459244297279184,24.3240520774211,-4.329522537922799,0.06666666666666667,-0.14087756354016767,-2.3266239163238436,78.0,Drowsy
890,29.37,0.3195825640655421,0.14554379648575566,0.06666666666666667,4.0,0.0,0.0,39.337754981054566,-11.94990373469065,36.872695198590975,-6.712906708193998,0.06666666666666667,1.8190624335292522,59.3921211233135,78.0,Drowsy
891,29.403,0.29671781747881054,0.20773787886332817,0.06666666666666667,4.0,0.0,0.0,27.51218898768652,-9.16736080730493,25.34632676631196,-5.5175862637757405,0.06666666666666667,-0.6928711086888084,-76.11919824902925,78.0,Drowsy
892,29.436,0.3412023411324197,0.13758998340286835,0.06666666666666667,4.0,0.0,0.0,31.110654089114334,-10.876019590552488,28.645617509814514,-5.386426756194965,0.06666666666666667,1.3480158682912808,61.84505990849187,78.0,Drowsy
893,29.469,0.2945301562435375,0.11734517582894308,0.06666666666666667,4.0,0.0,0.0,20.393595857213523,-19.640181292404236,5.479616480720665,-0.3685566619473093,0.06666666666666667,-1.4143086329963765,-83.70680306931978,78.0,Drowsy
894,29.502,0.29463620162801596,0.14409223176251568,0.06666666666666667,4.0,0.0,0.0,39.86932651749051,-13.552421191475872,36.584677144764214,-8.213189089536087,0.06666666666666667,0.0032134964993467915,42.955216045323326,78.0,Drowsy
895,29.535,0.33016900665408044,0.14628255538701126,0.06666666666666667,4.0,0.0,0.0,43.52355815784688,-13.594741915271356,40.41224581651491,-8.736904202417264,0.05555555555555555,1.0767516674565747,32.53145972597887,78.0,Drowsy
896,29.568,0.3454618699942639,0.1517675177742855,0.06666666666666667,4.0,0.0,0.0,55.50922721714991,-13.39806331241428,52.61460320667538,-11.55291024486121,0.05555555555555555,0.46342010121766375,-18.585805037542052,78.0,Drowsy
897,29.601,0.3320211990625005,0.16972065086534066,0.06666666666666667,4.0,0.0,0.0,44.46553542285423,-12.535883678926723,41.91215512220529,-7.962833279789521,0.05555555555555555,-0.4072930585382704,-26.385247265330335,78.0,Drowsy
898,29.634,0.32456268934947385,0.1454403103993792,0.06666666666666667,4.0,0.0,0.0,41.350735503804344,-15.820477927468943,37.17237550684334,-8.821014909310975,0.05555555555555555,-0.22601544584930788,5.493260990575005,78.0,Drowsy
899,29.667,0.3563157162547583,0.1373511908866424,0.06666666666666667,4.0,0.0,0.0,31.59858141754707,-8.972883090738662,30.2277665248981,-2.059089011562378,0.05555555555555555,0.9622129365237339,36.006920677969596,78.0,Drowsy
900,29.7,0.3658701413561499,0.14239153900194979,0.06666666666666667,4.0,0.0,0.0,31.469230041429608,-7.859623410068366,30.465642081296238,-0.6192025732123057,0.05555555555555555,0.2895280333754936,-20.384391004491356,78.0,Drowsy
901,29.733,0.3492548739457413,0.14624813771860945,0.06666666666666667,4.0,0.0,0.0,32.332324791495246,-7.045223853992297,31.52274046436304,-1.435576847920288,0.05555555555555555,-0.5034929518305999,-24.030938945640873,78.0,Drowsy
902,29.766,0.3497583306582914,0.13916065923409915,0.06666666666666667,4.0,0.0,0.0,33.352479542841735,-8.548117532302001,32.08857996171466,-3.104933872125457,0.05555555555555555,0.01525626401667043,15.719673207492447,78.0,Drowsy
903,29.799,0.34085263720479897,0.14859862795944281,0.06666666666666667,4.0,0.0,0.0,33.53168639186331,-7.2310490543535195,32.6815100968025,-2.0012045493653545,0.05555555555555555,-0.26986949859067033,-8.640174624464544,78.0,Drowsy
904,29.832,0.3418120981120447,0.13667517701209708,0.06666666666666667,4.0,0.0,0.0,32.95859748981212,-7.518287466763411,31.90325178504827,-3.4535528955515247,0.05555555555555555,0.02907457294684282,9.05891125871315,78.0,Drowsy
905,29.865,0.30381722421936175,0.14166319975478825,0.06666666666666667,4.0,0.0,0.0,31.40856747111881,-11.06493009133655,29.296778367069948,-2.400876917386654,0.05555555555555555,-1.1513598149297433,-35.77073902656186,78.0,Drowsy
906,29.898,0.06275840225364812,0.14935593908701353,0.06666666666666667,4.0,0.0,0.03333333333333333,29.05878962064601,-27.524927058680078,2.2720534702241366,9.034899980616728,0.06666666666666667,-7.3048127868403165,-186.46827187609097,78.0,Drowsy
907,29.931,0.33554242377086163,0.1189726376738589,0.06666666666666667,4.0,0.0,0.0,24.971071842080782,-6.759549946852246,23.948439553035,-2.082103847793917,0.06666666666666667,8.266182470218277,471.8483411229698,78.0,Drowsy
908,29.964,0.3377621086539292,0.12339159735900318,0.06666666666666667,4.0,0.0,0.0,31.96021950738215,-6.15338404077562,31.137848051852217,3.7451187573348648,0.06666666666666667,0.06726317827477209,-248.4520997558544,78.0,Drowsy
909,29.997,0.34616445619008457,0.12205470268077262,0.06666666666666667,4.0,0.0,0.0,34.916499155414144,-8.71923093541642,32.86205502947678,7.9512429471469375,0.06666666666666667,0.2546165920047261,5.677376173635366,78.0,Drowsy
910,30.03,0.33738342273745503,0.14059652339990217,0.06666666666666667,4.0,0.0,0.0,33.904948315158315,0.5494786033460741,33.624894234495,-4.313940337678133,0.06666666666666667,-0.26609192280694566,-15.779045903383393,78.0,Drowsy
911,30.063,0.34237089298719164,0.15731974156760253,0.06666666666666667,4.0,0.0,0.0,35.71530873870533,5.563116974755673,35.04577663838893,-4.053214482158495,0.06666666666666667,0.151135462113225,12.64325408848954,78.0,Drowsy
912,30.096,0.349554112200942,0.13136136792657893,0.06666666666666667,4.0,0.0,0.0,31.625041881598012,4.292262385143857,31.153203460795908,-3.3462922406988582,0.06666666666666667,0.21767330950760214,2.0162984058903564,78.0,Drowsy
913,30.129,0.28498388666960095,0.13903309203260847,0.06666666666666667,4.0,0.0,0.0,16.598451602643685,2.173389639373795,16.128416758966694,-3.2648347477092443,0.06666666666666667,-1.956673500949655,-65.88929728658105,78.0,Drowsy
914,30.162,0.34765467753947155,0.15536398893335016,0.06666666666666667,4.0,0.0,0.0,33.376367034039376,3.2704326974100297,33.080132942341436,-2.998491433977904,0.06666666666666667,1.8991148748444915,116.84207199375759,78.0,Drowsy
915,30.195,0.29478316694855666,0.17777868689201756,0.06666666666666667,4.0,0.0,0.0,39.02251781116209,-8.551331530382441,35.438839458253426,-13.91834340832591,0.06666666666666667,-1.602166987603593,-106.09945037722208,78.0,Drowsy
916,30.228,0.342299546254899,0.17589436855768997,0.06666666666666667,4.0,0.0,0.0,49.29135859861316,-2.086474317330584,48.80535892566161,-6.581914429521078,0.06666666666666667,1.4398902820103192,92.18355362466052,78.0,Drowsy
917,30.261,0.33390070527827653,0.18877879632024092,0.06666666666666667,4.0,0.0,0.0,34.024945195390366,-5.695451439514557,32.98385781995728,-6.109324984177249,0.06666666666666667,-0.2545103326249136,-51.34547317076269,78.0,Drowsy
918,30.294,0.32908561941597136,0.2386467475261192,0.06666666666666667,4.0,0.0,0.0,35.53551448583026,-5.008785816730352,34.3802979807474,-7.461900908601592,0.06666666666666667,-0.1459116927971365,3.2908678735692334,78.0,Drowsy
919,30.327,0.3508931545972144,0.268658314384202,0.06666666666666667,4.0,0.0,0.0,36.84645454703609,-7.161193015521945,35.30983383491028,-7.719725502390702,0.06666666666666667,0.6608343994315813,24.446851279657185,78.0,Drowsy
920,30.36,0.35858485632603787,0.1941559040722414,0.06666666666666667,4.0,0.0,0.0,50.904126121536684,-7.162268354580846,49.30535064518469,-10.436204576840595,0.06666666666666667,0.23308187057040017,-12.962197844277723,78.0,Drowsy
921,30.393,0.48817892548197656,0.29406286607583587,0.06666666666666667,4.0,0.0,0.0,50.79883686916648,-15.70108636173947,48.29859184295762,1.1152310562272874,0.05555555555555555,3.9270930047256885,111.93973133804685,78.0,Drowsy
922,30.426,0.334169566357303,0.12654814416992627,0.06666666666666667,4.0,0.0,0.0,27.430869354210408,-18.70128591414226,20.01377406992748,-1.4708317929533905,0.05555555555555555,-4.666950276505083,-260.4255539766802,78.0,Drowsy
923,30.459,0.3735255335598112,0.1456079580506474,0.06666666666666667,4.0,0.0,0.0,44.895794383247484,-8.372713690866249,43.77238245882026,5.432177522171116,0.05555555555555555,1.1926050667426282,177.5622831287118,78.0,Drowsy
924,30.492,0.35648644848997185,0.15957012208137072,0.06666666666666667,4.0,0.0,0.0,37.14756994176223,-23.671500804514864,28.60567868881708,-1.14767111670767,0.05555555555555555,-0.5163359112072895,-51.786090240910205,78.0,Drowsy
925,30.525,0.386267459913616,0.14795793087864476,0.06666666666666667,4.0,0.0,0.0,45.563683597619125,-7.991481122128619,44.337095812449405,6.8122997127467215,0.05555555555555555,0.9024548916255459,42.99366069190247,78.0,Drowsy
926,30.558,0.44506832965180015,0.4602570990005966,0.06666666666666667,4.0,0.0,0.0,68.92713255003326,-16.734619660043137,66.40507821815106,-7.827368219573714,0.05555555555555555,1.7818445375208565,26.648171087738543,78.0,Drowsy
927,30.591,0.3239371353966489,0.1770082677634113,0.06666666666666667,4.0,0.0,0.0,25.597433071341836,-12.672882212326272,20.330093994568813,-9.017422827300834,0.05555555555555555,-3.670642250155959,-165.22687235383663,78.0,Drowsy
928,30.624,0.29411978879241557,0.16446856261703027,0.06666666666666667,4.0,0.0,0.0,24.68870499250597,-13.646838607432642,18.309474249309403,-9.383981188363009,0.05555555555555555,-0.9035559577040068,83.85109977126811,78.0,Drowsy
929,30.657,0.347264104244406,0.15062447811930796,0.06666666666666667,4.0,0.0,0.0,25.553202641023315,-15.198871885617763,18.11462198444997,-9.686120429679818,0.05555555555555555,1.6104338015755804,76.1815078569625,78.0,Drowsy
930,30.69,0.30932260953410035,0.16069520272473978,0.06666666666666667,4.0,0.0,0.0,24.948137423632218,-16.02912953961686,17.174090149210798,-8.398047074016745,0.05555555555555555,-1.149742263948613,-83.64169895527543,78.0,Drowsy
931,30.723,0.3477934192527732,0.14558142115401457,0.06666666666666667,4.0,0.0,0.0,24.7517478540421,-15.944794825385742,16.466771089791962,-9.34119851426044,0.044444444444444446,1.1657821126870116,70.16740535259203,78.0,Drowsy
932,30.756,0.23960107997038993,0.15192321260946898,0.06666666666666667,4.0,0.0,0.0,28.34680984074779,-17.189104275776828,20.770643414616217,-8.755380887594015,0.044444444444444446,-3.2785557358300244,-134.67690450052564,78.0,Drowsy
933,30.789,0.3107185618915958,0.4766329191074528,0.06666666666666667,4.0,0.0,0.0,67.84394977656252,-13.252794883272088,66.40386766086243,-4.206103748758892,0.044444444444444446,2.15507520973343,164.65548319888632,78.0,Drowsy
934,30.822,0.34672028770508345,0.23671474729401676,0.06666666666666667,4.0,0.0,0.0,25.719063760276764,-15.971472828551754,17.980967048823743,-9.114116544192825,0.044444444444444446,1.0909613882874631,-32.24587337714928,78.0,Drowsy
935,30.855,0.2591342510382135,0.2747083828065686,0.06666666666666667,4.0,0.0,0.0,29.94770866337269,-16.23145558303449,24.089515795449273,-7.286997501236442,0.044444444444444446,-2.654122323238668,-113.48738519776947,78.0,Drowsy
936,30.888,0.35375435433906816,0.1591036023572645,0.06666666666666667,4.0,0.0,0.0,25.94515403703436,-14.477806210567678,19.71931532934127,-8.64249664603318,0.044444444444444446,2.867275857601547,167.31509638909108,78.0,Drowsy
937,30.921,0.3167890106631247,0.15095222291289953,0.06666666666666667,4.0,0.0,0.0,26.599906320405342,-11.423331816030753,22.76161378534482,-7.679286709193775,0.044444444444444446,-1.1201619295740015,-120.83144809622416,78.0,Drowsy
938,30.954,0.32328038429976236,0.1663355187201381,0.06666666666666667,4.0,0.0,0.0,25.041342423388024,-13.369109963210377,19.867689682265876,-7.321928423997861,0.044444444444444446,0.19670829201933657,39.905158230103936,78.0,Drowsy
939,30.987,0.32137622689314005,0.15878933481806506,0.06666666666666667,4.0,0.0,0.0,25.095420825866718,-15.28184309110435,18.8270716630513,-6.464270319265893,0.044444444444444446,-0.05770173959461323,-7.7093948973921265,78.0,Drowsy
940,31.02,0.28232005314525277,0.13801708233513568,0.06666666666666667,4.0,0.0,0.0,55.59398949723749,-28.959860251751678,46.12714206517035,-11.149211959486536,0.044444444444444446,-1.1835204166025999,-34.115717485089206,78.0,Drowsy
941,31.053,0.33708307446117525,0.13923456542149387,0.06666666666666667,4.0,0.0,0.0,52.541732881511365,-34.59666307248429,35.27959553542405,-17.862103383923795,0.044444444444444446,1.659485494422009,86.15169427347901,78.0,Drowsy
942,31.086,0.3481861807376302,0.1783335268511819,0.06666666666666667,4.0,0.0,0.0,54.09608977121615,-27.45061101519542,43.996835565160325,-15.399004632772602,0.044444444444444446,0.33645776595316734,-40.091749347539135,78.0,Drowsy
943,31.119,0.20276847234733653,0.2194982531610872,0.06666666666666667,4.0,0.0,0.03333333333333333,73.8222267162754,-25.720429789586717,65.94748885115564,-20.95493648319666,0.044444444444444446,-4.406597223948601,-143.7289390879424,78.0,Drowsy
944,31.152,0.443579457396808,0.4759711750804533,0.06666666666666667,4.0,0.0,0.0,75.219358908954,-21.37316714672147,70.39896541513775,-15.656479466041617,0.044444444444444446,7.297302577256434,354.6636303395331,78.0,Drowsy
945,31.185,0.5747215515961775,0.27737594538574706,0.06666666666666667,4.0,0.0,0.0,90.08290366945097,-33.19233747256007,79.54130392478021,-26.198840366951572,0.044444444444444446,3.9740028545261996,-100.70605220394268,78.0,Drowsy
946,31.218,0.3094711668997869,0.13404357536804562,0.06666666666666667,4.0,0.0,0.0,53.12417289958564,-35.697229900805496,32.699505993834805,-21.87756456814307,0.044444444444444446,-8.037890445345733,-363.99676666281124,78.0,Drowsy
947,31.251,0.3267783999589023,0.1218683460089433,0.06666666666666667,4.0,0.0,0.0,55.29790568820855,-35.71605214078107,36.53703201580825,-21.148694627678992,0.044444444444444446,0.5244616078519623,259.4652137332537,78.0,Drowsy
948,31.284,0.3923347448978881,0.3137714544152648,0.06666666666666667,4.0,0.0,0.0,52.28495309085763,-9.218085758348764,50.98593035357561,-7.0127113618947305,0.044444444444444446,1.9865559072419194,44.305887860300054,78.0,Drowsy
949,31.317,0.32255174373181117,0.1964027397741592,0.06666666666666667,4.0,0.0,0.0,31.396068066473923,1.7406720027560993,30.991131781977572,-4.7151778212050885,0.044444444444444446,-2.114636398972176,-124.27855473376913,78.0,Drowsy
950,31.35,0.36567301008163133,0.2594485053933951,0.06666666666666667,4.0,0.0,0.0,48.441553082363185,-6.583670810064632,46.94582495723989,-9.96638664613738,0.044444444444444446,1.3067050409035919,103.67701332956479,78.0,Drowsy
951,31.383,0.3296093603348773,0.16614212688854532,0.06666666666666667,4.0,0.0,0.0,36.87062035744551,-5.903199511658158,34.67398929007808,-11.059355667487353,0.044444444444444446,-1.0928378711137168,-72.71342157627933,78.0,Drowsy
952,31.416,0.33569369060812343,0.16592282003242975,0.06666666666666667,4.0,0.0,0.0,33.874150288730135,-1.4263231270425933,33.11204572480696,-7.001149051336654,0.044444444444444446,0.18437364464383466,38.70337926538305,78.0,Drowsy
953,31.449,0.3430085900860427,0.17010522561213912,0.06666666666666667,4.0,0.0,0.0,40.65870700048869,-6.968741725796406,38.33993734772881,-11.602426379122676,0.044444444444444446,0.22166362054299904,1.1299992696716052,78.0,Drowsy
954,31.482,0.2938254293727998,0.1629208255641966,0.06666666666666667,4.0,0.0,0.0,27.843280956428927,-3.6012099106435187,26.511131016878693,-7.709702575587016,0.044444444444444446,-1.4903988094921514,-51.8806796980329,78.0,Drowsy
955,31.515,0.22789692120490257,0.2757514252538647,0.06666666666666667,4.0,0.0,0.03333333333333333,38.34602126675691,-8.49400796010093,36.21068513375363,-9.330351435421335,0.044444444444444446,-1.9978335808455105,-15.376811253133168,78.0,Drowsy
956,31.548,0.27609512554911386,0.1636770304728349,0.06666666666666667,4.0,0.0,0.0,35.68785129296898,-19.439940020649942,28.041128048475457,-10.459760975835138,0.044444444444444446,1.4605516467942263,104.79955235271534,78.0,Drowsy
957,31.581,0.2936247367143312,0.1713491885451995,0.06666666666666667,4.0,0.0,0.0,37.24358501133842,-19.87159048276652,29.88716615364342,-9.947955342005002,0.044444444444444446,0.5312003383398993,-28.162160862251266,78.0,Drowsy
958,31.614,0.3256380031947296,0.17415359831246197,0.06666666666666667,4.0,0.0,0.0,36.728209839335896,-18.671199080846264,30.10146011738442,-9.708234735893598,0.044444444444444446,0.9700989842545638,13.299958967111971,78.0,Drowsy
959,31.647,0.5425098704661424,0.33753554945737135,0.06666666666666667,4.0,0.0,0.0,49.264397332709294,-9.43410207789691,47.626492073715895,-8.34840196032468,0.044444444444444446,6.57187476580014,169.75078125895044,78.0,Drowsy
960,31.68,0.3286908745852685,0.17787955164151023,0.06666666666666667,4.0,0.0,0.0,37.90281624919697,-14.536583706865287,34.24902314333579,-7.232954270623964,0.044444444444444446,-6.479363511542085,-395.49206901039804,78.0,Drowsy
961,31.713,0.33477012102450543,0.18542115327262626,0.06666666666666667,4.0,0.0,0.0,35.6280698256355,-16.825162092652505,30.687673631653524,-6.673827023038939,0.044444444444444446,0.18421958906777808,201.92676062453367,78.0,Drowsy
962,31.746,0.3258513270553006,0.18118491921567492,0.06666666666666667,4.0,0.0,0.0,36.5235350028997,-16.165003703869417,31.486304448785376,-9.015203631661677,0.044444444444444446,-0.27026648391528696,-13.772305241910539,78.0,Drowsy
963,31.779,0.34863814255291875,0.17537842991706912,0.06666666666666667,4.0,0.0,0.0,34.769233691959485,-16.099848575383305,30.248278240382916,-5.893738276187378,0.044444444444444446,0.6905095605339309,29.114425589372267,78.0,Drowsy
964,31.812,0.36387017477241923,0.21070434651262795,0.06666666666666667,4.0,0.0,0.0,38.092838981227956,-8.038591519797166,37.2333351494577,0.35239420506439956,0.044444444444444446,0.4615767339242395,-6.937358382111597,78.0,Drowsy
965,31.845,0.30197282628258665,0.15445608800162106,0.06666666666666667,4.0,0.0,0.0,34.63218920890446,-15.791931958475374,29.6364168633622,-8.46677092646678,0.044444444444444446,-1.8756772269645525,-70.82587760268798,78.0,Drowsy
966,31.878,0.31373723961448335,0.1632698295704456,0.06666666666666667,4.0,0.0,0.0,53.7394601408433,-23.068962827634977,46.04031079422796,-15.363668580693144,0.044444444444444446,0.3564973736938644,67.64165456541129,78.0,Drowsy
967,31.911,0.33632766233304456,0.15152730812357243,0.06666666666666667,4.0,0.0,0.0,34.39839363173911,-19.092147523518406,26.184414756353647,-11.537582556650648,0.044444444444444446,0.6845582641987986,9.94123910620975,78.0,Drowsy
968,31.944,0.3384424887030205,0.25289218735077823,0.06666666666666667,4.0,0.0,0.0,56.464549697511345,-1.113418053627953,56.453520369302595,-0.07556912941836913,0.044444444444444446,0.06408564757502645,-18.802200503749958,78.0,Drowsy
969,31.977,0.2954513282893424,0.226622505411343,0.06666666666666667,4.0,0.0,0.0,44.40547758800832,-4.234691017046771,42.82530351421772,10.950215099457324,0.044444444444444446,-1.3027624367782158,-41.41963891979811,78.0,Drowsy
970,32.01,0.3181011627708516,0.22575928485633534,0.06666666666666667,4.0,0.0,0.0,44.84291286324247,-2.650486850757119,43.44741295885939,10.778871030708984,0.03333333333333333,0.6863586206518418,60.276395679702915,78.0,Drowsy
971,32.043,0.26496832580206997,0.24337796573486292,0.06666666666666667,4.0,0.0,0.0,46.21606450473503,2.546693548683976,45.56544803128918,7.295814963580568,0.03333333333333333,-1.6100859687508975,-69.58922998189855,78.0,Drowsy
972,32.076,0.2967948833941818,0.22560381171457272,0.06666666666666667,4.0,0.0,0.0,52.190418749279026,9.649152101461596,49.97404099257821,11.546813405440815,0.03333333333333333,0.9644411391548676,78.0159729668384,78.0,Drowsy
973,32.109,0.30433093352277507,0.24521358064811158,0.06666666666666667,4.0,0.0,0.0,51.557331881564224,6.993030760916099,50.43603736598428,8.090866847234452,0.03333333333333333,0.2283651554119084,-22.305332840694888,78.0,Drowsy
974,32.142,0.3627828930506879,0.1455608334376412,0.06666666666666667,4.0,0.0,0.0,47.912712686515036,10.131755418125351,46.448769627529884,5.957127597801076,0.03333333333333333,1.771271500845776,46.754737740418456,78.0,Drowsy
975,32.175,0.22672761060296143,0.13434554773833943,0.06666666666666667,4.0,0.0,0.03333333333333333,40.27038751458962,13.146760293926633,37.93338636422541,3.150397322822471,0.022222222222222223,-4.1228873469006455,-178.61087417412722,78.0,Drowsy
976,32.208,0.2366373643505912,0.12543287858192817,0.06666666666666667,4.0,0.0,0.0,38.51461457017062,7.782323847279514,37.397754808143134,4.921270804870545,0.011111111111111112,0.30029556811004676,134.03584590943868,78.0,Drowsy
977,32.241,0.32633684377846317,0.126933677313358,0.06666666666666667,4.0,0.0,0.0,31.889001788182597,0.21143185602159065,31.441701930094354,5.318186848548407,0.011111111111111112,2.7181660432687442,73.26880227753351,78.0,Drowsy
978,32.274,0.2888386526818779,0.13262821434439195,0.06666666666666667,4.0,0.0,0.0,35.164289641235186,-3.584656795061676,34.969849584054515,-0.8871987955921838,0.011111111111111112,-1.136308821108601,-116.8022686174909,78.0,Drowsy
979,32.307,0.23320977112596536,0.11756637174157598,0.06666666666666667,4.0,0.0,0.0,30.535852721194253,-22.45004785894838,19.955710433747214,-5.495750506148028,0.011111111111111112,-1.6857236835124378,-16.648935224358063,78.0,Drowsy
980,32.34,0.2245950402991086,0.13391326707012988,0.06666666666666667,4.0,0.0,0.03333333333333333,40.23750962852429,4.346329381578727,39.227171195925706,-7.835537121215566,0.011111111111111112,-0.26105244929867993,43.171855582233455,78.0,Drowsy
981,32.373,0.024793279956697598,0.13283868405033047,0.06666666666666667,4.0,0.0,0.06666666666666667,23.78077375907464,-9.28081638985853,19.56248065153372,-9.833666583548336,0.022222222222222223,-6.0545987982546485,-175.56201057441663,78.0,Drowsy
982,32.406,0.25703562542830494,0.14266557772227484,0.06666666666666667,5.0,0.0,0.0,43.56103857759521,-0.5034369194417536,42.83264917864153,-7.916741600324002,0.022222222222222223,7.037646832474198,396.7347160827627,78.0,Drowsy
983,32.439,0.22518871123810336,0.12892077225331688,0.06666666666666667,5.0,0.0,0.03333333333333333,43.89192782645168,-5.386237371520167,40.40332427062515,-16.28069909994025,0.022222222222222223,-0.9650580057636476,-242.50620721931944,78.0,Drowsy
984,32.472,0.23475885571530383,0.13666808255473492,0.06666666666666667,5.0,0.0,0.0,33.06337602632771,-16.72851793371575,21.67551014283481,-18.53417875298385,0.022222222222222223,0.29000437809697316,38.0321934503204,78.0,Drowsy
985,32.505,0.24602291259116177,0.13773127237104826,0.06666666666666667,5.0,0.0,0.0,43.60641960281766,-6.510833811375619,41.656239437534055,-11.130435282614997,0.022222222222222223,0.34133505684416693,1.5554751135512674,78.0,Drowsy
986,32.538,0.22628304670454458,0.11388151069310784,0.06666666666666667,5.0,0.0,0.03333333333333333,31.779622195642244,-21.572832503013586,14.340989906765486,-18.409054652228292,0.022222222222222223,-0.5981777541398923,-28.470085181334046,78.0,Drowsy
987,32.571,0.2300617062082035,0.12293570617477807,0.06666666666666667,5.0,0.0,0.0,39.3949066805157,-18.469228655026768,30.652302043766866,-16.47066011647877,0.022222222222222223,0.11450483344420505,21.59644204800213,78.0,Drowsy
988,32.604,0.240917343343517,0.1105600843617068,0.06666666666666667,5.0,0.0,0.0,39.06191339885094,-18.07113485031357,30.847584605242446,-15.738287315445803,0.022222222222222223,0.3289587010701648,6.498602049272661,78.0,Drowsy
989,32.637,0.2030337251637532,0.14020743626957805,0.06666666666666667,5.0,0.0,0.03333333333333333,42.02213980735732,-8.112503050276644,37.35462485778942,-17.455071755285275,0.022222222222222223,-1.1479884296897684,-44.755973659390214,78.0,Drowsy
990,32.67,0.22905811648106644,0.18696935220930946,0.06666666666666667,5.0,0.0,0.06666666666666667,24.953034366309197,-10.275633535126389,19.49380022330871,-11.707135960247626,0.022222222222222223,0.7886179187064319,58.6850408604887,78.0,Drowsy
991,32.703,0.28430441959943764,0.19346783280778798,0.06666666666666667,6.0,0.0,0.0,41.340343922461905,-19.108593085463838,32.431505106138985,-17.09044126030915,0.022222222222222223,1.6741303975263364,26.83371147939003,78.0,Drowsy
992,32.736,0.2513440954862311,0.1459831120010348,0.06666666666666667,6.0,0.0,0.0,25.919870088789214,-7.802975804270545,19.92978273580411,-14.620430709159109,0.022222222222222223,-0.9987977004001604,-80.99782114928472,78.0,Drowsy
993,32.769,0.28570981354078906,0.15510743214964487,0.06666666666666667,6.0,0.0,0.0,24.194745504566136,-4.376158022311074,23.41768145490198,-4.224588296062166,0.022222222222222223,1.0413853955928503,61.82373018161736,78.0,Drowsy
994,32.802,0.28159319860385346,0.15817811677375293,0.06666666666666667,6.0,0.0,0.0,24.6571713619282,-1.6761563588455886,24.333051852308472,-3.6151330521933573,0.022222222222222223,-0.12474590717986203,-35.337312205232365,78.0,Drowsy
995,32.835,0.2136559997347606,0.4100778731775926,0.06666666666666667,6.0,0.0,0.03333333333333333,71.89186237089133,-41.28528860245311,53.14636876354206,-25.286919690166627,0.022222222222222223,-2.058702996033039,-58.60476026827587,78.0,Drowsy
996,32.868,0.28041205094111976,0.30970628931482114,0.06666666666666667,6.0,0.0,0.0,46.35417731018183,-39.412065169347045,23.06175256941563,-7.9721039643226845,0.011111111111111112,2.0229106426168677,123.68526177726523,78.0,Drowsy
997,32.901,0.29679630165462484,0.2971376043573175,0.06666666666666667,6.0,0.0,0.0,45.94277726594249,-32.732361240350656,30.540129812752753,-10.326266583785383,0.011111111111111112,0.4964924458637714,-46.2550968713042,78.0,Drowsy
998,32.934,0.2722615205891823,0.2852555723207462,0.06666666666666667,6.0,0.0,0.0,48.542762550494025,-31.625630192155796,35.28587275832132,-10.541655214728223,0.011111111111111112,-0.7434782141042914,-37.57486848387927,78.0,Drowsy
999,32.967,0.30253482917609076,0.3134745729819143,0.06666666666666667,6.0,0.0,0.0,47.21884078842146,-34.72598208156796,30.591007667698733,-9.376318240530878,0.011111111111111112,0.9173729874822375,50.32882429050981,78.0,Drowsy
1000,33.0,0.29325801486283876,0.3297732650440835,0.06666666666666667,6.0,0.0,0.0,46.16941713791587,-35.29496849867033,28.502611189055102,-8.572131178318472,0.011111111111111112,-0.28111558525005004,-36.31783553734067,78.0,Drowsy
1001,33.033,0.286237852879592,0.3324193651334727,0.06666666666666667,6.0,0.0,0.0,46.32592990092871,-35.97272773748506,28.019262977084935,-8.183858657839323,0.011111111111111112,-0.21273218131049895,2.0722243618045,78.0,Drowsy
1002,33.066,0.3820456797675317,0.2013740896964436,0.06666666666666667,6.0,0.0,0.0,50.78445226509781,-6.173798139445751,50.37452231034973,-1.8309315671131685,0.011111111111111112,2.9032674814526067,94.42423220493902,78.0,Drowsy
1003,33.099,0.21941288381217144,0.3306738554417208,0.06666666666666667,6.0,0.0,0.03333333333333333,43.265361240763134,-36.213753163611386,21.96002948628481,-8.843792741819357,0.011111111111111112,-4.928266544101638,-237.31921289557417,78.0,Drowsy
1004,33.132,0.24832741289778054,0.3321295477614355,0.06666666666666667,6.0,0.0,0.0,43.327125563490135,-36.11037337947721,22.456106415177004,-8.306866356179711,0.011111111111111112,0.8761978510790304,175.8928604600136,78.0,Drowsy
1005,33.165,0.30026281759137996,0.19049288022871802,0.06666666666666667,6.0,0.0,0.0,31.956736495493292,-6.788686996264346,30.763092265948046,-5.364596028212361,0.011111111111111112,1.5738001422305645,21.139463368232057,78.0,Drowsy
1006,33.198,0.24623664949340102,0.18868620560153326,0.06666666666666667,6.0,0.0,0.0,30.3835196241963,-8.653318559984854,28.44518907475424,-6.256961015926606,0.011111111111111112,-1.637156609029603,-97.3017197351529,78.0,Drowsy
1007,33.231,0.30170240689541605,0.15439863065185258,0.06666666666666667,6.0,0.0,0.0,30.823357751675516,-1.774126215326902,30.618695352656687,3.0703996744829283,0.011111111111111112,1.6807805273337253,100.54354958676372,78.0,Drowsy
1008,33.264,0.2542935840210948,0.18189688381948146,0.06666666666666667,6.0,0.0,0.0,24.825670969372446,-5.99818111209467,23.79732095133852,-3.7447667437421615,0.011111111111111112,-1.4366309961914985,-94.46701586439714,78.0,Drowsy
1009,33.297,0.24888603457603514,0.16663469777210746,0.06666666666666667,6.0,0.0,0.0,31.55243077485561,-9.825010912863434,29.294658988593596,-6.391244253365869,0.011111111111111112,-0.1638651346987716,38.56866246947511,78.0,Drowsy
1010,33.33,0.27885755933749107,0.18226508167148817,0.06666666666666667,6.0,0.0,0.0,45.60108018145416,7.855358731238141,44.89888057343606,1.3573415823948096,0.011111111111111112,0.9082280230745832,32.487671447683184,78.0,Drowsy
1011,33.363,0.29878300658235946,0.20068787103463728,0.06666666666666667,6.0,0.0,0.0,31.283457994823753,-7.041760884121572,29.818058272604787,-6.32073956244858,0.011111111111111112,0.6038014316626555,-9.225048224603517,78.0,Drowsy
1012,33.396,0.28851137081766487,0.14755693103392592,0.06666666666666667,6.0,0.0,0.0,32.44528833790444,-6.403238166197497,31.185652441805473,-6.257024699937006,0.011111111111111112,-0.3112616898392181,-27.729185500055728,78.0,Drowsy
1013,33.429,0.26863577967848146,0.18796003484756346,0.06666666666666667,6.0,0.0,0.0,32.77824900368778,-7.383970398637274,31.420850323469153,-5.711458119425913,0.011111111111111112,-0.6022906405812927,-8.819059113395864,78.0,Drowsy
1014,33.462,0.28722114561790474,0.14744733112761294,0.06666666666666667,6.0,0.0,0.0,29.992728130252306,-1.024079079965702,29.9310208689096,1.6275725722998402,0.011111111111111112,0.5631929072552296,35.31768326777207,78.0,Drowsy
1015,33.495,0.19223441086200443,0.19607200284093887,0.06666666666666667,6.0,0.0,0.03333333333333333,51.12233942114501,-1.6462331443491962,50.36321989326996,-8.621460798921504,0.022222222222222223,-2.8783859016938393,-104.29026693784662,78.0,Drowsy
1016,33.528,0.28129049945068524,0.18383923986022985,0.06666666666666667,6.0,0.0,0.0,48.951732679016914,3.854882568572492,48.630900495619414,-4.055555405318955,0.022222222222222223,2.6986693511726245,169.00167432931676,78.0,Drowsy
1017,33.561,0.31620477182997936,0.20555676167063205,0.06666666666666667,6.0,0.0,0.0,36.09748701797388,-4.407518395399393,35.38434317400652,-5.616992856604611,0.022222222222222223,1.0580082539179636,-49.71700294710905,78.0,Drowsy
1018,33.594,0.30996695842566646,0.21511562390650343,0.06666666666666667,6.0,0.0,0.0,36.18915432324147,-3.559496955059558,35.558263901753975,-5.7091803572429285,0.022222222222222223,-0.1890246486155352,-37.78887583434702,78.0,Drowsy
1019,33.627,0.3137158970460475,0.1504345668928661,0.06666666666666667,6.0,0.0,0.0,33.01966644507291,-0.9375287483328236,32.97465725801206,1.4461641354134258,0.022222222222222223,0.11360420061760355,9.170571188882645,78.0,Drowsy
1020,33.66,0.35850312270959483,0.11568608504323358,0.06666666666666667,6.0,0.0,0.0,38.362412393693795,-1.663176672566891,38.12751401887465,-3.8988719856104126,0.022222222222222223,1.3571886564710793,37.6843774501039,78.0,Drowsy
1021,33.693,0.20876619683712266,0.13089815998996743,0.06666666666666667,6.0,0.0,0.03333333333333333,34.970430386805596,-1.3106061717693933,34.753485574135084,-3.661769155656998,0.022222222222222223,-4.537482602195954,-178.62640177778212,78.0,Drowsy
1022,33.726,0.46801810226244545,0.28476614396852823,0.06666666666666667,6.0,0.0,0.0,62.90924667746265,21.578009728007544,58.60383523983592,7.586389713560891,0.022222222222222223,7.856118346223297,375.5636651036803,78.0,Drowsy
1023,33.759,0.4452382932072116,0.2571505955476799,0.06666666666666667,6.0,0.0,0.0,60.892108582439555,19.432377611543302,57.20289777637154,7.619716134081841,0.022222222222222223,-0.6902972440979696,-258.98229061578616,78.0,Drowsy
1024,33.792,0.30507186313701873,0.16218948442940764,0.06666666666666667,6.0,0.0,0.0,33.38600990418255,-0.3345052108140294,33.3663765643779,1.0948417923366378,0.022222222222222223,-4.247467577884471,-107.7930404177687,78.0,Drowsy
1025,33.825,0.3834911666872748,0.10709910078453934,0.06666666666666667,6.0,0.0,0.0,39.756153437051495,-2.408082897710756,39.44727362758121,-4.320356029179834,0.022222222222222223,2.376342531825851,200.72151847606276,78.0,Drowsy
1026,33.858,0.3039129563730388,0.20989752961735755,0.06666666666666667,6.0,0.0,0.0,50.68284391919557,-5.765706227256317,49.395820834159565,-9.775488916577274,0.022222222222222223,-2.411460918613121,-145.0849530435997,78.0,Drowsy
1027,33.891,0.308681119179684,0.21108696498411206,0.06666666666666667,6.0,0.0,0.0,52.0042093082022,-6.5744989490277135,50.51437615170835,-10.464776698251,0.022222222222222223,0.1444897820195776,77.45305153433794,78.0,Drowsy
1028,33.924,0.2871111084124822,0.21570575820837226,0.06666666666666667,6.0,0.0,0.0,35.10119478326217,-16.602355196853352,27.40774461959589,-14.327289066569449,0.022222222222222223,-0.6536366899151805,-24.185650664688726,78.0,Drowsy
1029,33.957,0.2959380493583954,0.2139140149511897,0.06666666666666667,6.0,0.0,0.0,35.48982913629218,-15.612314148271025,28.60300075401946,-14.05887502343171,0.022222222222222223,0.2674830589670561,27.912719663097025,78.0,Drowsy
1030,33.99,0.27299079381466174,0.20854262505792118,0.06666666666666667,6.0,0.0,0.0,34.75878652296202,-15.564112353746452,27.727636851952752,-14.039579829718377,0.022222222222222223,-0.6953713801131152,-29.177407244852567,78.0,Drowsy
1031,34.023,0.2994660088425628,0.20674691282005045,0.06666666666666667,6.0,0.0,0.0,52.0000948873024,-6.169771270371257,50.564591541150094,-10.448247366731266,0.022222222222222223,0.8022792432696989,45.38335222371992,78.0,Drowsy
1032,34.056,0.29221169444112444,0.20741486103198203,0.06666666666666667,6.0,0.0,0.0,34.68549383133974,-16.467713282019332,26.864892510232124,-14.497429151362837,0.022222222222222223,-0.21982770913448763,-30.972937951640844,78.0,Drowsy
1033,34.089,0.3313532178220023,0.1713637082882896,0.06666666666666667,6.0,0.0,0.0,34.41658731995314,1.8169392231774566,34.31184098354623,1.9742803577697714,0.022222222222222223,1.1861067691177207,42.60407509855933,78.0,Drowsy
1034,34.122,0.19392336169936036,0.18365240064331598,0.06666666666666667,6.0,0.0,0.03333333333333333,39.20224927315044,-14.024134875363671,36.21026567403456,-5.381138252049254,0.03333333333333333,-4.1645410946253545,-162.14084435584462,78.0,Drowsy
1035,34.155,0.2970046480857553,0.1788779739239423,0.06666666666666667,6.0,0.0,0.0,39.90644811518839,-13.260686759043011,37.5183143478022,-3.0091321586569393,0.03333333333333333,3.1236753450421517,220.8550436262797,78.0,Drowsy
1036,34.188,0.30226420010521104,0.12846386814033978,0.06666666666666667,6.0,0.0,0.0,25.018337712365593,12.435076090658356,21.498927770454003,3.0136703917835916,0.03333333333333333,0.1593803642259264,-89.8271206307913,78.0,Drowsy
1037,34.221,0.26342227738356117,0.18252251460828806,0.06666666666666667,6.0,0.0,0.0,38.76465985899693,-14.494115038049785,35.94917625185485,0.5255569051795419,0.03333333333333333,-1.1770279612620729,-40.49722198448329,78.0,Drowsy
1038,34.254,0.2754373665723869,0.17116859345295116,0.06666666666666667,6.0,0.0,0.0,38.2433207224929,-15.722497816594881,34.827713987545195,-1.5443382700603934,0.03333333333333333,0.36409361178258354,46.70065372862418,78.0,Drowsy
1039,34.287,0.3065809451909654,0.17440884578519206,0.06666666666666667,6.0,0.0,0.0,38.52602497279377,-15.381920042226824,35.16586657337035,-3.3185786359198346,0.03333333333333333,0.9437448066237591,17.56518772246298,78.0,Drowsy
1040,34.32,0.2826656274815526,0.18894646924478647,0.06666666666666667,6.0,0.0,0.0,38.67594032903936,-15.406274175892293,35.356485897491126,-2.8972368445053007,0.03333333333333333,-0.7247065972549058,-50.55913345086672,78.0,Drowsy
1041,34.353,0.3382359751975929,0.1736755238347071,0.06666666666666667,6.0,0.0,0.0,27.04823701681466,-3.186858785870328,26.839298952834497,-1.0502802088399505,0.03333333333333333,1.6839499307890362,72.98959175890457,78.0,Drowsy
1042,34.386,0.30900626074189613,0.1557804856910332,0.06666666666666667,6.0,0.0,0.0,35.64432570720743,-7.128955548647355,-34.60194037438279,4.733040273920864,0.03333333333333333,-0.8857489228998687,-77.86966223299417,78.0,Drowsy
1043,34.419,0.2971114719063733,0.172221076348076,0.06666666666666667,6.0,0.0,0.0,36.93513654954032,-6.3796096384373016,-35.964926178141184,5.479870235252093,0.03333333333333333,-0.3604481465309805,15.91820534451116,78.0,Drowsy
1044,34.452,0.2498468653822355,0.12523761111856824,0.06666666666666667,6.0,0.0,0.0,22.787983974789846,-0.0498318368246089,14.95531149634084,-17.19384740163565,0.03333333333333333,-1.4322608037620066,-32.47917143124898,78.0,Drowsy
1045,34.485,0.3294595731920213,0.17769485559026857,0.06666666666666667,6.0,0.0,0.0,27.370950842900438,-3.781391311953172,-26.766275248910063,4.293779115178353,0.03333333333333333,2.412506297266145,116.50809397054563,78.0,Drowsy
1046,34.518,0.2538728350357124,0.1397401147271932,0.06666666666666667,6.0,0.0,0.0,21.61147894691977,-5.799024978578387,10.561931467344863,-17.940817574739754,0.03333333333333333,-2.2905072168577587,-142.5155610340523,78.0,Drowsy
1047,34.551,0.30695255776085073,0.30402218931873704,0.06666666666666667,6.0,0.0,0.0,59.33094638710084,-13.697106937395517,56.21260049221638,-13.141309167547206,0.03333333333333333,1.6084764462162522,118.15102009314738,78.0,Drowsy
1048,34.584,0.2856968534756535,0.1613777218114618,0.06666666666666667,6.0,0.0,0.0,28.94088461571771,-10.462690070117816,-26.80062986136113,3.135786643134736,0.03333333333333333,-0.6441122510665587,-68.26026355402199,78.0,Drowsy
1049,34.617,0.3041250375309499,0.18051212895064644,0.06666666666666667,6.0,0.0,0.0,24.445913919844667,-10.232375199233218,-22.14777629212753,1.5418205059104082,0.03333333333333333,0.5584298198574453,36.44066881587753,78.0,Drowsy
1050,34.65,0.2780083805367052,0.17040861405121066,0.06666666666666667,6.0,0.0,0.0,50.638226273307566,-11.522728638396046,48.17911798448881,-10.499013052153572,0.03333333333333333,-0.7914138483105859,-40.904353580856686,78.0,Drowsy
1051,34.683,0.281425119032938,0.13474209360474965,0.06666666666666667,6.0,0.0,0.0,23.57531278878085,-8.396666392502198,16.05275014984528,-15.086436928861644,0.03333333333333333,0.10353753018886902,27.119738742406696,78.0,Drowsy
1052,34.716,0.35541914493784466,0.1338002523931015,0.06666666666666667,6.0,0.0,0.0,36.37890545352393,-15.224241207827419,29.46247110410934,-14.953596158845698,0.03333333333333333,2.2422432092395113,64.80926300153216,78.0,Drowsy
1053,34.749,0.22601821648295045,0.13483608672611747,0.06666666666666667,6.0,0.0,0.03333333333333333,36.352729083619465,-13.832604045848171,30.597840969851802,-13.92666884511425,0.03333333333333333,-3.9212402562087667,-186.77222622569832,78.0,Drowsy
1054,34.782,0.3398563375338963,0.1418661811215946,0.06666666666666667,6.0,0.0,0.0,41.169892038716334,-8.723191880025439,38.88982470430403,-10.317338240666572,0.03333333333333333,3.4496400318467138,223.3600087289455,78.0,Drowsy
1055,34.815,0.39789043074998287,0.17235852134147844,0.06666666666666667,6.0,0.0,0.0,41.94979957856306,-7.177207518392265,40.65533095225658,-7.444289226113597,0.03333333333333333,1.7586088853358892,-51.24336807608365,78.0,Drowsy
1056,34.848,0.382164397454093,0.1481145839814545,0.06666666666666667,6.0,0.0,0.0,41.07782797598739,-9.015857226043664,38.22330647098971,-12.044962105760419,0.03333333333333333,-0.4765464635118996,-67.73198026812682,78.0,Drowsy
1057,34.881,0.3659549458966449,0.14115761268286667,0.06666666666666667,6.0,0.0,0.0,45.175450115460684,-5.601230782140135,43.49600934677616,-10.841802330094538,0.03333333333333333,-0.4911955017408321,-0.4439102493615737,78.0,Drowsy
1058,34.914,0.17953134023720674,0.1576568747096107,0.06666666666666667,6.0,0.0,0.03333333333333333,34.73953738636282,-8.871251877414835,33.46055910572406,-2.9201596323335934,0.044444444444444446,-5.649200171497912,-156.3031718108147,78.0,Drowsy
1059,34.947,0.31101624404722317,0.1669577897687561,0.06666666666666667,6.0,0.0,0.0,46.04136835792298,-2.2040952067235935,45.987312332254305,0.3415685075359818,0.044444444444444446,3.9843910245458014,291.92700594070755,78.0,Drowsy
1060,34.98,0.3415169849564088,0.20549050715591394,0.06666666666666667,6.0,0.0,0.0,42.851927162976644,-4.632398249214646,42.56594978340536,-1.722923990877689,0.044444444444444446,0.9242648760358935,-92.73109540938763,78.0,Drowsy
1061,35.013,0.426494776710733,0.21400818196992752,0.06666666666666667,6.0,0.0,0.0,59.93258172192808,0.4093450122139757,59.843399332197606,3.242583057331643,0.044444444444444446,2.5750845986163413,50.024840078204264,78.0,Drowsy
1062,35.046,0.3035555831489024,0.12471480994590367,0.06666666666666667,6.0,0.0,0.0,21.056127328340597,-10.973584603627728,17.890012166832804,-1.6995304307044705,0.044444444444444446,-3.7254301079341188,-190.92468807727946,78.0,Drowsy
1063,35.079,0.26278352302201824,0.1403774597634195,0.06666666666666667,6.0,0.0,0.0,39.641622945541165,-1.602225345793812,39.57483510643644,-1.6503242093957908,0.044444444444444446,-1.2355169735418976,75.45191316339779,78.0,Drowsy
1064,35.112,0.4214194967329928,0.180705803167413,0.06666666666666667,6.0,0.0,0.0,39.45329138461642,-9.688737292476219,37.71998023055863,-6.31614298152715,0.044444444444444446,4.8071507185141975,183.11114218351108,78.0,Drowsy
1065,35.145,0.3473245173655199,0.17318911827873454,0.06666666666666667,6.0,0.0,0.0,40.1416719172646,-8.899770643791555,38.74529658690943,-5.563263358285326,0.044444444444444446,-2.245302405074851,-213.71070071481154,78.0,Drowsy
1066,35.178,0.4097573185453557,0.1940637927551122,0.06666666666666667,6.0,0.0,0.0,41.109448046766396,-9.614566122597694,39.78432965698124,-3.841087180555178,0.044444444444444446,1.8919030660555585,125.3698627615228,78.0,Drowsy
1067,35.211,0.3585764567057048,0.20801057631523023,0.06666666666666667,6.0,0.0,0.0,18.918830415902747,3.7811566925430213,17.980121654351336,-4.510013710272972,0.044444444444444446,-1.5509352072624227,-104.32843252480582,78.0,Drowsy
1068,35.244,0.2906115070894286,0.23914812445428685,0.06666666666666667,6.0,0.0,0.0,26.080224599412446,5.197878963958033,25.300599618744997,-3.6110702518507196,0.044444444444444446,-2.0595439277658674,-15.412385469800768,78.0,Drowsy
1069,35.277,0.2910215771224745,0.24991438780217592,0.06666666666666667,6.0,0.0,0.0,46.51930030788438,10.338389455113202,45.30692824214424,-2.1083780189351558,0.044444444444444446,0.012426364637753588,62.7869785576831,78.0,Drowsy
1070,35.31,0.4874448996984527,0.2750068690546814,0.06666666666666667,6.0,0.0,0.0,66.16018705463428,-4.036268846198141,65.99339905207589,-2.3979504704802537,0.044444444444444446,5.9522218962415385,179.99380398798667,78.0,Drowsy
1071,35.343,0.3226253066672582,0.237447334603616,0.06666666666666667,6.0,0.0,0.0,32.77777403248104,-10.163388685632555,30.42724429818989,-6.728358296599197,0.03333333333333333,-4.994533122157221,-331.71984904237405,78.0,Drowsy
1072,35.376,0.2285991838711992,0.19424154838285385,0.06666666666666667,6.0,0.0,0.03333333333333333,28.849417822057273,-19.79803722979227,19.738669692301215,-7.121204202775289,0.03333333333333333,-2.8492764483653157,65.00777799369163,78.0,Drowsy
1073,35.409,0.28207000001341986,0.16189340051070458,0.06666666666666667,6.0,0.0,0.0,24.910533144882343,-19.043206990132347,15.794953345561254,-2.9000651552680097,0.03333333333333333,1.6203277618857619,135.44255182581426,78.0,Drowsy
1074,35.442,0.1892686797832498,0.19252810917526075,0.06666666666666667,6.0,0.0,0.03333333333333333,27.17004343195249,-17.499971813750506,20.403924824981033,-3.9550092728899244,0.044444444444444446,-2.812161219095956,-134.31784790853183,78.0,Drowsy
1075,35.475,0.2519398484530829,0.24989788931746054,0.06666666666666667,6.0,0.0,0.0,29.44452473910238,-10.811960030153358,26.889288582220388,-5.200741962455993,0.044444444444444446,1.8991263233282047,142.76628916436312,78.0,Drowsy
1076,35.508,0.259126109233073,0.2556358388593197,0.06666666666666667,6.0,0.0,0.0,29.405372560887713,-11.780771151111736,26.4631985396054,-5.0585066554436935,0.044444444444444446,0.2177654781815091,-50.95032864080703,78.0,Drowsy
1077,35.541,0.32072517364406405,0.25947738075314486,0.06666666666666667,6.0,0.0,0.0,41.556062555985875,8.562858411467715,40.49537717854537,-3.7024610935855833,0.044444444444444446,1.8666383154845068,49.965843554634404,78.0,Drowsy
1078,35.574,0.33967378915060054,0.2422883667308311,0.06666666666666667,6.0,0.0,0.0,35.7724583240236,-8.836119118583724,34.48830063046947,-3.485526228356889,0.044444444444444446,0.5742004698950232,-39.16478319967984,78.0,Drowsy
1079,35.607,0.41277829313035497,0.27413826116934054,0.06666666666666667,6.0,0.0,0.0,43.39212723428524,-9.11608017854337,42.04173790806789,-5.68032232924287,0.044444444444444446,2.215287999386891,49.729925136126035,78.0,Drowsy
1080,35.64,0.34688464718924283,0.2378482807424059,0.06666666666666667,6.0,0.0,0.0,35.77897500425895,-7.726256106878168,34.81411232531963,2.9013103809042207,0.044444444444444446,-1.996777149730595,-127.63833785204021,78.0,Drowsy
1081,35.673,0.40215826126317533,0.2904247576201371,0.06666666666666667,6.0,0.0,0.0,39.86519145686136,-11.71877741777567,37.99333473572426,2.900045065865555,0.044444444444444446,1.6749580022403152,111.26470157487186,78.0,Drowsy
1082,35.706,0.35230106897655267,0.19176739045251925,0.06666666666666667,6.0,0.0,0.0,27.7345055967141,-9.169267751134157,25.662962349430558,5.151668958103443,0.044444444444444446,-1.510824008685478,-96.53884881592947,78.0,Drowsy
1083,35.739,0.2955607977049066,0.22018257701462432,0.06666666666666667,6.0,0.0,0.0,30.621927906174758,-8.248872734272595,29.211192829736405,4.045340624557468,0.044444444444444446,-1.7194021597467848,-6.32055003216057,78.0,Drowsy
1084,35.772,0.37082462302427477,0.24016758776391556,0.06666666666666667,6.0,0.0,0.0,36.51178742238566,-5.648879076847436,35.87085636627924,3.8055813619470484,0.044444444444444446,2.280721979375197,121.21588300371793,78.0,Drowsy
1085,35.805,0.36210710159315546,0.19599200690039242,0.06666666666666667,6.0,0.0,0.0,35.60928404732596,-6.080491885957315,34.58622174780186,5.902710733199456,0.044444444444444446,-0.2641673160945146,-77.1178574384732,78.0,Drowsy
1086,35.838,0.337099053197081,0.20195679014674983,0.06666666666666667,6.0,0.0,0.0,34.29143900090143,-7.816946320131592,33.18528469030605,3.6789970106081,0.044444444444444446,-0.7578196483658639,-14.959161583979714,78.0,Drowsy
1087,35.871,0.35124700353009447,0.2545695613180472,0.06666666666666667,6.0,0.0,0.0,32.78209451469706,6.986016482987395,31.933010691182233,-2.47873408553653,0.044444444444444446,0.4287257676670586,35.955921697965984,78.0,Drowsy
1088,35.904,0.31995606988276226,0.1839215637600889,0.06666666666666667,6.0,0.0,0.0,33.275762536264004,-12.403296300225009,30.848446456940934,-1.3446056864018487,0.044444444444444446,-0.9482101105251826,-41.725329642187546,78.0,Drowsy
1089,35.937,0.3269835127786277,0.24965860931581507,0.06666666666666667,6.0,0.0,0.0,31.39542753289784,7.2820871048605795,30.391120372510187,-3.003977342500974,0.044444444444444446,0.21295281502621716,35.186755319738054,78.0,Drowsy
1090,35.97,0.4102850123927141,0.22417487453898888,0.06666666666666667,6.0,0.0,0.0,54.25617437780839,-30.562713433747376,43.19541714979863,-11.992036646736551,0.044444444444444446,2.524287867093975,70.04045612327782,78.0,Drowsy
1091,36.003,0.4174181221692343,0.20969797772163482,0.06666666666666667,6.0,0.0,0.0,34.29466681654872,-9.795041826389252,32.85770755998155,-0.7432237752549895,0.044444444444444446,0.2161548417127254,-69.94342501155037,78.0,Drowsy
1092,36.036,0.4482364407952897,0.28608437613977705,0.06666666666666667,6.0,0.0,0.0,39.15800712642795,-17.49363319529573,34.54330532143294,-5.8380114090409165,0.044444444444444446,0.9338884432137642,21.74950307578823,78.0,Drowsy
1093,36.069,0.4539508250746588,0.3330396984170565,0.06666666666666667,6.0,0.0,0.0,44.57522853092095,-17.48512317897891,40.01600134337531,-8.940978832697738,0.044444444444444446,0.17316315998087525,-23.05228131008667,78.0,Drowsy
1094,36.102,0.3434905280111782,0.24809914411622408,0.06666666666666667,6.0,0.0,0.0,29.470941183625254,7.847123567258791,28.145331833376048,-3.846988687014772,0.044444444444444446,-3.3472817291962547,-106.68014815687869,78.0,Drowsy
1095,36.135,0.3849102714279745,0.18254467748791478,0.06666666666666667,6.0,0.0,0.0,40.58873937718717,-22.051166801535658,34.04312932678829,-1.5023822947716212,0.044444444444444446,1.2551437399028715,139.46743845754398,78.0,Drowsy
1096,36.168,0.3965876572037544,0.2159381634672837,0.06666666666666667,6.0,0.0,0.0,52.18826432047639,-23.117395467610947,45.900604509379434,-9.07388920207461,0.044444444444444446,0.3538601750236952,-27.311623178161707,78.0,Drowsy
1097,36.201,0.35934420208254836,0.20584343706065877,0.06666666666666667,6.0,0.0,0.0,47.36859576454022,-23.78342436996914,38.72776914532386,-13.352620977503875,0.044444444444444446,-1.1285895491274125,-44.92271891366823,78.0,Drowsy
1098,36.234,0.3544959260278028,0.21957238246443372,0.06666666666666667,6.0,0.0,0.0,45.927770576254915,-17.702147731998565,40.83246456846766,-11.344774702233536,0.044444444444444446,-0.146917456204406,29.74763917948392,78.0,Drowsy
1099,36.267,0.4084945142029096,0.26938682521245,0.06666666666666667,6.0,0.0,0.0,57.013766512161176,-14.880600618987813,54.295360264899415,-9.00839335432201,0.044444444444444446,1.636320853791054,54.03752454531492,78.0,Drowsy
1100,36.3,0.6687242312595375,0.41289864716183317,0.06666666666666667,6.0,0.0,0.0,73.28646837784089,-2.771336947868008,73.2177878682771,1.5432687690835394,0.044444444444444446,7.885749001715698,189.37661054316385,78.0,Drowsy
1101,36.333,0.3562048603535808,0.18079030389074724,0.06666666666666667,6.0,0.0,0.0,41.11634118092461,-20.413701161883097,35.1170112470283,-6.374153908999801,0.044444444444444446,-9.470283966848854,-525.9403929868979,78.0,Drowsy
1102,36.366,0.35273366638708303,0.2576496679673781,0.06666666666666667,6.0,0.0,0.0,29.634887466745674,7.848232783384702,28.445980120841483,-2.730936159850046,0.044444444444444446,-0.10518769595447341,283.79079608769774,78.0,Drowsy
1103,36.399,0.22500820792037063,0.14958871484282374,0.06666666666666667,6.0,0.0,0.03333333333333333,30.60007701205903,-5.083331121038185,30.171284085227114,-0.46698448191489206,0.044444444444444446,-3.870468438385078,-114.09941643728672,78.0,Drowsy
1104,36.432,0.22488849227717908,0.15213562418357182,0.06666666666666667,6.0,0.0,0.06666666666666667,29.80202503738238,-5.617332541471541,29.257564137787796,-0.7753787271550436,0.044444444444444446,-0.003627746763380106,117.17699065519851,78.0,Drowsy
1105,36.465,0.24196840472774295,0.13931190390324563,0.06666666666666667,7.0,0.0,0.0,18.724448670788274,-2.3902943315337097,18.57117052718985,-0.05564425988114863,0.03333333333333333,0.5175731045625218,15.793965191693397,78.0,Drowsy
1106,36.498,0.36862913314899687,0.34035406397759593,0.06666666666666667,7.0,0.0,0.0,52.84291349496578,-9.574380284675044,51.795196477233446,-4.238203709786262,0.03333333333333333,3.8382038915530035,100.62517536334411,78.0,Drowsy
1107,36.531,0.2621577820621847,0.23840720182183237,0.06666666666666667,7.0,0.0,0.0,46.39770641451893,-8.655078542952396,45.39499314625715,-4.139006305199587,0.03333333333333333,-3.2264045783888196,-214.0790445437296,78.0,Drowsy
1108,36.564,0.24700589736282771,0.13785338095627667,0.06666666666666667,7.0,0.0,0.0,18.331346781674632,-6.652875711341039,17.074090425573246,0.5029470536839256,0.03333333333333333,-0.45914802119261877,83.85625930897261,78.0,Drowsy
1109,36.597,0.23513065972327446,0.13486835076722706,0.06666666666666667,7.0,0.0,0.0,13.541344477126763,-3.849810975983843,12.9591120141109,0.7799881429434379,0.03333333333333333,-0.3598556860470547,3.008858640774555,78.0,Drowsy
1110,36.63,0.3747049916182848,0.23883574328103865,0.06666666666666667,7.0,0.0,0.0,25.95274963624659,6.779062192265172,24.874415184295003,-2.975398916853436,0.03333333333333333,4.229525208939547,139.07214833292204,78.0,Drowsy
1111,36.663,0.2080791577185534,0.12444490981416013,0.06666666666666667,7.0,0.0,0.03333333333333333,12.98070180636646,-8.884780086924735,9.448273588782342,0.5379854870804763,0.03333333333333333,-5.049267693931063,-281.17554251121993,78.0,Drowsy
1112,36.696,0.2898407500544218,0.15599342259347226,0.06666666666666667,7.0,0.0,0.0,32.41975634415843,-12.636211890538789,28.81551819695312,-7.812340335204965,0.03333333333333333,2.477624010177736,228.0876273972277,78.0,Drowsy
1113,36.729,0.32003561319970253,0.15468357953647965,0.06666666666666667,7.0,0.0,0.0,32.09088670349608,-8.434310153629099,30.951186009735665,-0.8435082926408768,0.03333333333333333,0.9149958528874578,-47.352368402744105,78.0,Drowsy
1114,36.762,0.39352895239019037,0.15134615493599643,0.06666666666666667,7.0,0.0,0.0,36.21495113465956,-3.5094935706451906,35.620570749912986,5.511903483718015,0.03333333333333333,2.227070884560153,39.75984944462562,78.0,Drowsy
1115,36.795,0.34419892082797354,0.16670142740014504,0.06666666666666667,7.0,0.0,0.0,32.94205221486426,-7.727489123597877,32.02238236826389,0.17816686622853695,0.03333333333333333,-1.494849441279241,-112.78546441937131,78.0,Drowsy
1116,36.828,0.34691945635568566,0.1574311544275896,0.06666666666666667,7.0,0.0,0.0,33.91691241501688,-8.240239394694242,32.90028816820109,-0.16260668923155208,0.03333333333333333,0.08244047053672779,47.796663994421486,78.0,Drowsy
1117,36.861,0.2598736197409435,0.2657219140218822,0.06666666666666667,7.0,0.0,0.0,28.981115418887338,2.272581164269724,28.66690617248028,-3.598460264180744,0.03333333333333333,-2.6377526246890572,-82.43009379471764,78.0,Drowsy
1118,36.894,0.3197496290976336,0.12177596238665145,0.06666666666666667,7.0,0.0,0.0,29.60184396366324,0.2332445605946134,28.20333670103136,8.988134509022217,0.03333333333333333,1.8144245259606289,134.9144591106205,78.0,Drowsy
1119,36.927,0.36439426902253513,0.17774315520098838,0.06666666666666667,7.0,0.0,0.0,51.779235134484225,-10.220194668929935,50.588221593310806,-4.179551180146461,0.03333333333333333,1.3528678765121163,-13.986565134802882,78.0,Drowsy
1120,36.96,0.28047508671110016,0.13027261032666232,0.06666666666666667,7.0,0.0,0.0,31.328985112689466,-18.350051878345766,22.62339131108058,-11.530961357964088,0.03333333333333333,-2.543005524588842,-118.0567697303276,78.0,Drowsy
1121,36.993,0.2660277226219976,0.17566520731361937,0.06666666666666667,7.0,0.0,0.0,37.47024267587464,-15.995072308833954,33.563275971642184,-4.656528113895206,0.03333333333333333,-0.4377989117909706,63.79413978175126,78.0,Drowsy
1122,37.026,0.26153644439822854,0.24991312851281558,0.06666666666666667,7.0,0.0,0.0,31.361194369113253,3.793589280003033,31.004233358398096,-2.8054779432284818,0.03333333333333333,-0.13609934011420838,9.14241126293184,78.0,Drowsy
1123,37.059,0.12140274047576503,0.14865240451936998,0.06666666666666667,7.0,0.0,0.03333333333333333,45.94683976557617,0.47144340981833466,45.78346458634343,3.842420594613259,0.044444444444444446,-4.246475876438127,-124.55686473708371,78.0,Drowsy
1124,37.092,0.30076279826849767,0.238471824960253,0.06666666666666667,7.0,0.0,0.0,31.907757769514063,5.1497367099707105,31.448611267475712,-1.6031428642403682,0.03333333333333333,5.435153266447407,293.3827012996137,78.0,Drowsy
1125,37.125,0.07264426142538616,0.14364518562543285,0.06666666666666667,7.0,0.0,0.03333333333333333,27.582807944045612,-14.061609782808176,23.186533958743496,-5.046490599830122,0.044444444444444446,-6.912682934639481,-374.1768545783764,78.0,Drowsy
1126,37.158,0.2823884782787677,0.15110356091796082,0.06666666666666667,7.0,0.0,0.0,42.63843404008204,-9.753683887182405,41.45162756702831,-2.15969443758226,0.044444444444444446,6.355885359193138,402.0778270858217,78.0,Drowsy
1127,37.191,0.28990209058604877,0.1562317950431605,0.06666666666666667,7.0,0.0,0.0,43.15485980490724,-7.746411291358498,42.39517624805907,-2.2325025828249068,0.044444444444444446,0.22768522143275174,-185.70303447758045,78.0,Drowsy
1128,37.224,0.29273764867875485,0.16176365520688157,0.06666666666666667,7.0,0.0,0.0,44.181786131248664,-6.452898545214794,43.64502807952175,-2.345602278801664,0.044444444444444446,0.08592600280927191,-4.295733897681044,78.0,Drowsy
1129,37.257,0.30571292675310713,0.15754680224443865,0.06666666666666667,7.0,0.0,0.0,48.292412140368484,-12.450373326627727,46.5186989168709,-3.6271097921513444,0.044444444444444446,0.39319024467732694,9.31103763236495,78.0,Drowsy
1130,37.29,0.3293866311148551,0.18796064755007927,0.06666666666666667,7.0,0.0,0.0,46.04321444463446,-17.826005514737744,42.10991649845229,-5.382012288773581,0.044444444444444446,0.717384980659157,9.824082908542048,78.0,Drowsy
1131,37.323,0.27597968250924704,0.2274336929103426,0.06666666666666667,7.0,0.0,0.0,29.191114113780966,3.9193273707883236,28.719887032791945,-3.4537088742453363,0.044444444444444446,-1.6183923819880621,-70.7811322014282,78.0,Drowsy
1132,37.356,0.31491517462948027,0.46489616561013963,0.06666666666666667,7.0,0.0,0.0,47.72013761021182,-9.007754113326826,45.564361768417086,-10.952663420748763,0.044444444444444446,1.1798633975827804,84.79562968396172,78.0,Drowsy
1133,37.389,0.2694232788746015,0.4254303119311226,0.06666666666666667,7.0,0.0,0.0,42.25307296768269,-9.884647208713346,40.50222819467598,-6.869165599837231,0.044444444444444446,-1.378542295602335,-77.52744524803086,78.0,Drowsy
1134,37.422,0.2246426556928956,0.1322645079270344,0.06666666666666667,7.0,0.0,0.03333333333333333,18.485119547950596,-8.065780984492676,-16.222435413052807,3.670886961151467,0.044444444444444446,-1.3569885812637634,0.653142858744568,78.0,Drowsy
1135,37.455,0.29558210378934385,0.3291989165775723,0.06666666666666667,7.0,0.0,0.0,35.201520957790876,-4.082173357320784,34.87974026425363,-2.42624349989336,0.044444444444444446,2.149680245347298,106.26269171550557,78.0,Drowsy
1136,37.488,0.35779113040395927,0.38021771046268044,0.06666666666666667,7.0,0.0,0.0,37.15884700731224,-5.567870419778274,36.56245826145846,-3.600746558771391,0.044444444444444446,1.885122018624638,-8.016915961292424,78.0,Drowsy
1137,37.521,0.5572631476464671,0.6105478553993056,0.06666666666666667,7.0,0.0,0.0,53.81094977860999,-9.528240414137002,51.63535934828059,-11.773725649106382,0.044444444444444446,6.044606583106069,126.04498680246284,78.0,Drowsy
1138,37.554,0.24664713764936902,0.12916818439900804,0.06666666666666667,7.0,0.0,0.0,27.832587652527472,-6.544942669240498,27.042441387624763,0.7232044585448136,0.044444444444444446,-9.41260636354807,-468.40039232283493,78.0,Drowsy
1139,37.587,0.2792788063034841,0.1755514251478874,0.06666666666666667,7.0,0.0,0.0,29.857562834715342,-7.141558957230558,27.746712144941483,-8.401914022122071,0.044444444444444446,0.9888384440640564,315.1952972003555,78.0,Drowsy
1140,37.62,0.25564685697163103,0.26422118362161046,0.06666666666666667,7.0,0.0,0.0,25.319638223459595,-7.9285014970517125,-23.7756143392466,3.5976529251077523,0.044444444444444446,-0.7161196767227936,-51.66539759959956,78.0,Drowsy
1141,37.653,0.244619863773759,0.2812522349459872,0.06666666666666667,7.0,0.0,0.0,29.249708877607116,-5.703310665073786,27.467766028892385,-8.278861411115031,0.044444444444444446,-0.33415130902648466,11.574799021102326,78.0,Drowsy
1142,37.686,0.32316702696025,0.4896614276567607,0.06666666666666667,7.0,0.0,0.0,38.90444353675665,-5.067081890163649,38.355540504380514,-4.090589277828826,0.044444444444444446,2.3802170662572135,82.25358712980592,78.0,Drowsy
1143,37.719,0.3298955840092379,0.14321430578124095,0.06666666666666667,7.0,0.0,0.0,38.55150416006051,-14.801107196830827,34.308686135399654,-9.489981792064782,0.044444444444444446,0.20389566815114055,-65.94913327593912,78.0,Drowsy
1144,37.752,0.2788580458991111,0.13354830868020967,0.06666666666666667,7.0,0.0,0.0,38.702172171139814,-18.348329088013628,32.464959587825064,-10.354870805731366,0.044444444444444446,-1.5465920639431774,-53.045082790734895,78.0,Drowsy
1145,37.785,0.2232342163878269,0.1633866354328108,0.06666666666666667,7.0,0.0,0.03333333333333333,36.86211713361307,-17.39865102455309,30.695414680387444,-10.672119737759829,0.044444444444444446,-1.685570591250973,-4.211470524478498,78.0,Drowsy
1146,37.818,0.27547648294484817,0.12995713408573462,0.06666666666666667,7.0,0.0,0.0,35.40820752704821,-15.23041759174771,29.435437043225818,-12.463169193017677,0.044444444444444446,1.5830989865763423,99.05059326749065,78.0,Drowsy
1147,37.851,0.26592022070711147,0.13517393812058612,0.06666666666666667,7.0,0.0,0.0,35.53584982762239,-18.800214423642473,24.82773194717501,-17.1152647351895,0.044444444444444446,-0.2895837041738908,-56.74796032577471,78.0,Drowsy
1148,37.884,0.31297752261793255,0.19058239054889992,0.06666666666666667,7.0,0.0,0.0,41.460841284649334,-15.30187118786256,37.19803182485845,-10.057858944017994,0.03333333333333333,1.425978845782403,51.986743938067534,78.0,Drowsy
1149,37.917,0.30832944382201477,0.1949528439324435,0.06666666666666667,7.0,0.0,0.0,43.67040608898335,-15.0581765812492,39.74386285834967,-10.038976597309386,0.03333333333333333,-0.14085087260356363,-47.47968843593658,78.0,Drowsy
1150,37.95,0.31506875513860755,0.18397219265736833,0.06666666666666667,7.0,0.0,0.0,41.59275591534447,-13.8076081994015,37.771120911595574,-10.613657499979468,0.03333333333333333,0.20422155504825826,10.456740231872994,78.0,Drowsy
1151,37.983,0.28906847366087524,0.18437255757051219,0.06666666666666667,7.0,0.0,0.0,42.34943007152305,-12.20068146086956,38.88726259699865,-11.5064506684418,0.03333333333333333,-0.7878873175070099,-30.06390522894638,78.0,Drowsy
1152,38.016,0.2814725404812385,0.20669546911520248,0.06666666666666667,7.0,0.0,0.0,50.397483332032614,8.44915130883254,49.68299906375262,-0.34317982766347654,0.03333333333333333,-0.230179793322317,16.900228005596116,78.0,Drowsy
1153,38.049,0.22043813744334198,0.1941559828364671,0.06666666666666667,7.0,0.0,0.03333333333333333,42.681303318788586,-11.469869359405351,39.698059211629186,-10.68643273962789,0.03333333333333333,-1.8495273647850707,-49.07113852918306,78.0,Drowsy
1154,38.082,0.33380004294835175,0.15949758620712945,0.06666666666666667,7.0,0.0,0.0,21.351916411849153,-15.344831614288239,14.393355749676829,-3.643046451938062,0.03333333333333333,3.4352092577274385,160.14353401552452,78.0,Drowsy
1155,38.115,0.2815144328920152,0.2019846651055801,0.06666666666666667,7.0,0.0,0.0,42.540656403472056,-11.362517825650087,39.6088424687517,-10.570725338673014,0.03333333333333333,-1.5844124259495318,-152.10974799020545,78.0,Drowsy
1156,38.148,0.29753671360703116,0.18450283664257622,0.06666666666666667,7.0,0.0,0.0,42.070652431196784,-13.632590740251118,38.073431377500725,-11.597676010224063,0.03333333333333333,0.4855236580307675,62.72533587818851,78.0,Drowsy
1157,38.181,0.24511944828846324,0.19193081404956971,0.06666666666666667,7.0,0.0,0.0,43.63317744245668,-13.909299864857104,39.272921213308194,-12.962376725264676,0.03333333333333333,-1.5884019793504827,-62.84623143579307,78.0,Drowsy
1158,38.214,0.31214436079231905,0.1823595787491396,0.06666666666666667,7.0,0.0,0.0,42.40259156540801,-14.204113313801258,38.31543348896267,-11.320357458330648,0.03333333333333333,2.0310579546626575,109.6806040610237,78.0,Drowsy
1159,38.247,0.32744914477075227,0.1386011333041235,0.06666666666666667,7.0,0.0,0.0,33.93514375257585,-13.824277218996372,30.154293148707012,-7.155553478394722,0.03333333333333333,0.4637813326797767,-47.49323096917641,78.0,Drowsy
1160,38.28,0.31905517515862736,0.1715889724112213,0.06666666666666667,7.0,0.0,0.0,41.20769060143861,-16.13131891894784,36.61214008434848,-9.869423138316165,0.03333333333333333,-0.254362715518927,-21.761940854505347,78.0,Drowsy
1161,38.313,0.31051251772719907,0.1521353561348964,0.06666666666666667,7.0,0.0,0.0,37.32430041876141,-18.330419793514636,30.68869885351566,-10.73791761105042,0.03333333333333333,-0.2588684070129687,-0.13653610588004725,78.0,Drowsy
1162,38.346,0.2921349946185062,0.15171808524217303,0.06666666666666667,7.0,0.0,0.0,34.515894342583884,-13.846309492743785,30.678073695234247,-7.647383215802904,0.03333333333333333,-0.5568946396573377,-9.03109795891993,78.0,Drowsy
1163,38.379,0.252999398735648,0.15371910462065846,0.06666666666666667,7.0,0.0,0.0,37.45865113969608,-14.304946926477385,33.78593419122893,-7.551800411959221,0.03333333333333333,-1.1859271479653566,-19.061591160848337,78.0,Drowsy
1164,38.412,0.29339745722353183,0.13568614353895078,0.06666666666666667,7.0,0.0,0.0,32.197671541704125,-17.37686950625337,24.005944150476154,-12.587656823822499,0.022222222222222223,1.2241835905421523,73.03365874266474,78.0,Drowsy
1165,38.445,0.23729755499636623,0.17113887241269524,0.06666666666666667,7.0,0.0,0.0,28.87921251237664,-4.057268835489992,27.958045436358645,-5.9912586582519225,0.022222222222222223,-1.6999970371867719,-88.6115341736004,78.0,Drowsy
1166,38.478,0.2339742051401419,0.16247360743260228,0.06666666666666667,7.0,0.0,0.0,27.187865250143254,-4.075718788903657,26.089602137722494,-6.4731131234569546,0.022222222222222223,-0.1007075714007339,48.46331714502961,78.0,Drowsy
1167,38.511,0.2500838171336008,0.1597970558725134,0.06666666666666667,7.0,0.0,0.0,27.552096495275933,-5.261185627730782,26.34315530884797,-6.1217738809490925,0.022222222222222223,0.4881700604078268,17.844776721470858,78.0,Drowsy
1168,38.544,0.23728560686644562,0.17162637464952896,0.06666666666666667,7.0,0.0,0.0,27.05097501277426,-3.0602579984863496,26.39836649744197,-5.05136777429351,0.022222222222222223,-0.3878245535501418,-26.54529133205865,78.0,Drowsy
1169,38.577,0.2962339144957927,0.14187304450510316,0.06666666666666667,7.0,0.0,0.0,25.64736263152936,-18.961736929608833,-17.26935693603724,-0.09515030856331919,0.022222222222222223,1.78631235240439,65.88293654407423,78.0,Drowsy
1170,38.61,0.285882183225447,0.12772421409925352,0.06666666666666667,7.0,0.0,0.0,29.21687321463529,-20.19236895573951,-21.048855106828682,1.6851157488707997,0.022222222222222223,-0.3136888263741684,-63.636399356937304,78.0,Drowsy
1171,38.643,0.40534730289262355,0.1725328481087877,0.06666666666666667,7.0,0.0,0.0,49.619590940447324,-12.106372270178753,46.82423031315699,-11.09193450817304,0.022222222222222223,3.6201551414294553,119.20739296374165,78.0,Drowsy
1172,38.676,0.3631628953060662,0.18388485281049152,0.06666666666666667,7.0,0.0,0.0,44.11261441533823,-8.673120242903536,42.47637116764844,-8.152154821677982,0.022222222222222223,-1.27831538141078,-148.4385006921227,78.0,Drowsy
1173,38.709,0.32438347764424125,0.17140659850010026,0.06666666666666667,7.0,0.0,0.0,45.8254674818162,-24.4692273476698,36.64934103740026,-12.572039789126165,0.022222222222222223,-1.175133868540106,3.126712511232424,78.0,Drowsy
1174,38.742,0.3217978288902794,0.15558482694890965,0.06666666666666667,7.0,0.0,0.0,23.382838093410125,-18.315668040082954,14.350516157198456,-2.314326591063036,0.022222222222222223,-0.07835299254429501,33.235784121083924,78.0,Drowsy
1175,38.775,0.36023185356617815,0.17786190223603937,0.06666666666666667,7.0,0.0,0.0,41.12604452708136,-19.443236493259974,35.896449202062314,-4.975643455313275,0.022222222222222223,1.1646674144213804,37.667285059572606,78.0,Drowsy
1176,38.808,0.2862356632166563,0.15484359715680385,0.06666666666666667,7.0,0.0,0.0,17.93510198229242,-0.7126665804551635,17.918785610570012,0.2776899399705144,0.022222222222222223,-2.2423087984702748,-103.24170342095533,78.0,Drowsy
1177,38.841,0.3760636453008751,0.22710637368418324,0.06666666666666667,7.0,0.0,0.0,46.981132401937295,-16.1719619968695,43.984584361293145,-3.3242721766512204,0.022222222222222223,2.722060063158043,150.43542004933724,78.0,Drowsy
1178,38.874,0.3075263277148014,0.1530714838914956,0.06666666666666667,7.0,0.0,0.0,20.900125434267174,-19.26444543661438,5.600790513993502,-5.858970114804265,0.022222222222222223,-2.0768884116991253,-145.4226810562723,78.0,Drowsy
1179,38.907,0.31877274227671826,0.17646711908893487,0.06666666666666667,7.0,0.0,0.0,37.752554501176945,3.547036940471088,37.176295535775836,5.531451034215394,0.022222222222222223,0.3408004412701957,73.26329857482513,78.0,Drowsy
1180,38.94,0.4737167179915214,0.42536376888165767,0.06666666666666667,7.0,0.0,0.0,61.193609349913885,-19.143218778444435,57.17311989056006,-10.460849011917048,0.022222222222222223,4.695271991357492,131.9536833359737,78.0,Drowsy
1181,38.973,0.32476719686133865,0.15884100609145,0.06666666666666667,7.0,0.0,0.0,18.348734994336468,6.763105854475441,-13.127696351098706,-10.890365632378803,0.022222222222222223,-4.51362185243058,-279.0573892057487,78.0,Drowsy
1182,39.006,0.40880822079352136,0.1869720638037467,0.06666666666666667,7.0,0.0,0.0,46.65561366489811,2.4670363780522564,46.53886811396444,-2.1894685721923963,0.022222222222222223,2.5466976949145312,213.949077192268,78.0,Drowsy
1183,39.039,0.26802977369612824,0.1374524388199372,0.06666666666666667,7.0,0.0,0.0,29.301702461417406,-17.895584737341494,22.413726982320583,-5.996887259909045,0.022222222222222223,-4.266013548405691,-206.44579525212012,78.0,Drowsy
1184,39.072,0.3,0.28,0.06666666666666667,7.0,0.0,0.0,0.0,0.0,0.0,0.0,0.022222222222222223,0.9687947364809254,158.6305540874672,78.0,Drowsy
1185,39.105,0.32153358769119433,0.13369817888433191,0.06666666666666667,7.0,0.0,0.0,32.34866542231253,-22.85378974260206,21.290627336552404,-8.417222619231495,0.022222222222222223,0.6525329603391978,-9.583690186112593,78.0,Drowsy
1186,39.138,0.30358105096997023,0.1605789847327768,0.06666666666666667,7.0,0.0,0.0,22.81688303178276,-20.61873535248901,8.96589570600571,-3.8846644564368944,0.022222222222222223,-0.5440162642794976,-36.25906741268636,78.0,Drowsy
1187,39.171,0.3344932620507881,0.15738062933212835,0.06666666666666667,7.0,0.0,0.0,19.142416859619264,-19.12579489671117,0.3935014037393785,0.693721443828764,0.022222222222222223,0.9367336691158594,44.871210102897564,78.0,Drowsy
1188,39.204,0.28033423384796374,0.14854629085240564,0.06666666666666667,7.0,0.0,0.0,21.27701366029521,3.9657077067626005,20.902486886861197,-0.2655459084761276,0.022222222222222223,-1.6411826728127974,-78.11867702813817,78.0,Drowsy
1189,39.237,0.3112763638636279,0.14430371836799416,0.06666666666666667,7.0,0.0,0.0,23.839040746074563,1.5352383884591632,23.789105629355703,-0.14615108265527965,0.022222222222222223,0.9376403035049387,78.14615079750419,78.0,Drowsy
1190,39.27,0.2647540283014407,0.14483373024254675,0.06666666666666667,7.0,0.0,0.0,21.903639762829915,1.150821290254811,21.8704990150745,-0.3554125058931845,0.022222222222222223,-1.40976774430865,-71.1335772064697,78.0,Drowsy
1191,39.303,0.2937717472873125,0.15436205869803765,0.06666666666666667,7.0,0.0,0.0,10.788719356558014,3.5434236814320172,7.4649434433662805,-6.9365144961846,0.022222222222222223,0.8793248177536576,69.36644127461275,78.0,Drowsy
1192,39.336,0.33236856961956973,0.1448944253856967,0.06666666666666667,7.0,0.0,0.0,37.372041650375074,-15.342953216814436,33.14760178709693,-7.905680202744179,0.022222222222222223,1.1696006767352758,8.796238150959688,78.0,Drowsy
1193,39.369,0.24282087290021398,0.19865195258677282,0.06666666666666667,7.0,0.0,0.0,50.152766030668836,-19.1577441392553,43.81706374184006,-15.111111973159495,0.022222222222222223,-2.713566567253102,-117.67173466631002,78.0,Drowsy
1194,39.402,0.38029082870025466,0.20306132008759117,0.06666666666666667,7.0,0.0,0.0,50.42690947354208,-19.279321071438545,44.012902087906866,-15.298543325346941,0.022222222222222223,4.165756236364711,208.46432738235006,78.0,Drowsy
1195,39.435,0.34956208515522036,0.20109205269587102,0.06666666666666667,7.0,0.0,0.0,51.22892076133973,-19.771497039479527,44.61931751970312,-15.575838059808916,0.022222222222222223,-0.9311740468191859,-154.4524328237486,78.0,Drowsy
1196,39.468,0.3913018019439106,0.20715350571368518,0.06666666666666667,7.0,0.0,0.0,52.99422579976621,-20.268447648449722,46.19608518085326,-16.232674209815514,0.022222222222222223,1.2648399026875357,66.54587725777692,78.0,Drowsy
1197,39.501,0.35832686481475945,0.21247595132744673,0.06666666666666667,7.0,0.0,0.0,53.063097823041716,-20.15494931429862,46.41638057237881,-15.968405783792036,0.022222222222222223,-0.9992405190651491,-68.60849762886663,78.0,Drowsy
1198,39.534,0.36207028076037995,0.21643180189932407,0.06666666666666667,7.0,0.0,0.0,51.811789771070714,-20.418710405921672,44.8511704753119,-15.997197618184373,0.022222222222222223,0.11343684683700493,33.717495936434894,78.0,Drowsy
1199,39.567,0.30453899883071245,0.15706197167569974,0.06666666666666667,7.0,0.0,0.0,36.517926287369555,-13.750339428616797,32.876866439868536,-7.974883009965026,0.022222222222222223,-1.7433721796868278,-56.26694019768976,78.0,Drowsy
1200,39.6,0.3519463256964398,0.19876493957275881,0.06666666666666667,7.0,0.0,0.0,49.81327416718634,-22.1344251165919,41.906381034761324,-15.338993988611378,0.022222222222222223,1.436585662597744,96.36235885710458,78.0,Drowsy
1201,39.633,0.2536269356358567,0.15333828557888887,0.06666666666666667,7.0,0.0,0.0,40.92781826095149,-25.753953880991105,30.048924091678202,-10.434669521830529,0.022222222222222223,-2.9793754563811934,-133.81700360541726,78.0,Drowsy
1202,39.666,0.23724025871422877,0.15420974986151575,0.06666666666666667,7.0,0.0,0.0,41.60320161123103,-25.68767663401775,30.60807326909685,-11.580824849917803,0.022222222222222223,-0.49656596732203967,75.23665118360786,78.0,Drowsy
1203,39.699,0.23896620111788408,0.17939405635776534,0.06666666666666667,7.0,0.0,0.0,45.791911936845636,-23.62325879380981,36.614732737172545,-14.078429932983966,0.022222222222222223,0.05230128495924989,16.632340978220263,78.0,Drowsy
1204,39.732,0.27596343883614216,0.14295340801037648,0.06666666666666667,7.0,0.0,0.0,42.70122086506343,-24.320938638104053,32.228004846478825,-13.90114782109174,0.022222222222222223,1.1211284157049892,32.388700931694814,78.0,Drowsy
1205,39.765,0.2491621923745873,0.14902182525826377,0.06666666666666667,7.0,0.0,0.0,42.41186017882497,-25.608239848040824,30.65511986883118,-14.256491908636065,0.022222222222222223,-0.8121589836834495,-58.584466648132285,78.0,Drowsy
1206,39.798,0.32577267171025814,0.15736638560541658,0.06666666666666667,7.0,0.0,0.0,36.280624058949186,-14.693951872116912,32.229139426818904,-7.852008169467325,0.022222222222222223,2.321529676838422,94.96026244005311,78.0,Drowsy
1207,39.831,0.24398902262529187,0.13771390327903246,0.06666666666666667,7.0,0.0,0.0,41.99981980526482,-25.42289486048682,30.118565360567914,-14.5097657185961,0.022222222222222223,-2.4782923965140355,-145.44915373794774,78.0,Drowsy
1208,39.864,0.3276606830699713,0.16201669139391736,0.06666666666666667,7.0,0.0,0.0,36.391965022184344,-15.222766982660744,32.22417060552317,-7.36514170628368,0.022222222222222223,2.535504861959887,151.9332502567798,78.0,Drowsy
1209,39.897,0.30283467158055466,0.1681142157816666,0.06666666666666667,7.0,0.0,0.0,36.27596369866045,-9.31818148545267,34.69120462993746,-5.0633346121408636,0.022222222222222223,-0.7523033784673049,-99.63055274023561,78.0,Drowsy
1210,39.93,0.32866515095262927,0.14364095045850625,0.06666666666666667,7.0,0.0,0.0,43.58639362527005,-23.717771783793353,32.41615525822465,-16.924357865028497,0.022222222222222223,0.7827417991537464,46.51652053396949,78.0,Drowsy
1211,39.963,0.3315294584672407,0.13029096337015852,0.06666666666666667,7.0,0.0,0.0,43.78170463078752,-23.538323866033295,32.6883711426982,-17.153873090135193,0.022222222222222223,0.08679719741246397,-21.08923035579564,78.0,Drowsy
1212,39.996,0.3320589626469047,0.2005331032426218,0.06666666666666667,7.0,0.0,0.0,68.13373120097492,-30.538147572613838,53.50748110363023,-29.095984880127673,0.022222222222222223,0.01604558120193939,-2.1439883700158155,78.0,Drowsy
1213,40.029,0.2738976350573017,0.1315440590573125,0.06666666666666667,7.0,0.0,0.0,26.27334426690895,-19.578452021816133,15.442063144015492,-8.27741029871055,0.011111111111111112,-1.7624644724121459,-53.89424404890963,78.0,Drowsy
1214,40.062,0.3617189688981367,0.14389113250576363,0.06666666666666667,7.0,0.0,0.0,49.25050245623651,-20.078018880264267,41.25838857829817,-17.894985944606532,0.011111111111111112,2.661252540631263,134.05203069828005,78.0,Drowsy
1215,40.095,0.3607640127819871,0.14844142120201778,0.06666666666666667,7.0,0.0,0.0,46.20128001033692,-17.311815447607472,39.556852985318926,-16.435166637409026,0.0,-0.02893806412575049,-81.52092741689367,78.0,Drowsy
1216,40.128,0.3573249156401331,0.15807261386545696,0.06666666666666667,7.0,0.0,0.0,41.47925927454169,-14.090782320641722,36.55222058026192,-13.635027473709783,0.0,-0.10421506490466365,-2.2811212357245547,78.0,Drowsy
1217,40.161,0.3282028559379558,0.14756749649601503,0.06666666666666667,7.0,0.0,0.0,50.069974149083706,-17.834379708439428,42.54716686330465,-19.459594127607716,0.0,-0.8824866576417028,-23.583987658697264,78.0,Drowsy
1218,40.194,0.34118817149177194,0.1577182504846384,0.06666666666666667,7.0,0.0,0.0,51.386818260345,-17.662068297793382,43.06863438599356,-21.765779712461978,0.0,0.39349441072168684,38.66609298070731,78.0,Drowsy
1219,40.227,0.39413583035261757,0.20058671815612206,0.06666666666666667,7.0,0.0,0.0,37.19272652365894,-10.993286997675852,34.7309282648294,-7.497277446759483,0.0,1.6044745109346552,36.69636667311886,78.0,Drowsy
1220,40.26,0.43051481187677365,0.23157525241868263,0.06666666666666667,7.0,0.0,0.0,39.845443646156,-4.820686064680274,38.57639500747723,-8.733963215624215,0.0,1.1023933795198395,-15.214579739842323,78.0,Drowsy
1221,40.293,0.3216164584866894,0.18656641175234517,0.06666666666666667,7.0,0.0,0.0,23.507955886833905,-11.227562091628215,17.87273176952965,-10.350425042016752,0.0,-3.2999501027304112,-133.40434794700096,78.0,Drowsy
1222,40.326,0.39001082477840354,0.20482955468562863,0.06666666666666667,7.0,0.0,0.0,38.413943551582854,-13.065244590300779,34.13465016793276,-11.821848454986139,0.0,2.072556554294289,162.80323203104538,78.0,Drowsy
1223,40.359,0.30747901307737957,0.18057448957477543,0.06666666666666667,7.0,0.0,0.0,41.647047451357196,-3.236820122463911,41.51510948495542,-0.7037338719825925,0.0,-2.5009639909400256,-138.59153167376186,78.0,Drowsy
1224,40.392,0.4050666648194896,0.21935250616987995,0.06666666666666667,7.0,0.0,0.0,40.94966160057759,-12.035666032059652,36.330460701026425,-14.564173633190421,0.0,2.9572015679426165,165.39895632977078,78.0,Drowsy
1225,40.425,0.2637745093026987,0.14985015849734243,0.06666666666666667,7.0,0.0,0.0,34.74281032413433,-13.116595451871603,31.27229311935821,-7.553904687488284,0.0,-4.281580470205623,-219.35703145902923,78.0,Drowsy
1226,40.458,0.344960319555605,0.23179105688421117,0.06666666666666667,7.0,0.0,0.0,38.48425202529993,-17.77541330171391,32.42227718581313,-10.67090802070544,0.0,2.4601760682703255,204.2956526811256,78.0,Drowsy
1452,47.916,0.3,0.28,0.06666666666666667,7.0,0.0,0.0,0.0,0.0,0.0,0.0,0.0,-0.006028468698793913,-0.33067907441259287,12.0,Alert
1453,47.949,0.3,0.28,0.06666666666666667,7.0,0.0,0.0,0.0,0.0,0.0,0.0,0.0,0.0,0.1826808696604147,12.0,Alert
1454,47.982,0.3,0.28,0.06666666666666667,7.0,0.0,0.0,0.0,0.0,0.0,0.0,0.0,0.0,0.0,12.0,Alert
1455,48.015,0.3,0.28,0.06666666666666667,7.0,0.0,0.0,0.0,0.0,0.0,0.0,0.0,0.0,0.0,12.0,Alert
1456,48.048,0.3,0.28,0.06666666666666667,7.0,0.0,0.0,0.0,0.0,0.0,0.0,0.0,0.0,0.0,12.0,Alert
1457,48.081,0.3,0.28,0.06666666666666667,7.0,0.0,0.0,0.0,0.0,0.0,0.0,0.0,0.0,0.0,12.0,Alert
1458,48.114,0.3,0.28,0.06666666666666667,7.0,0.0,0.0,0.0,0.0,0.0,0.0,0.0,0.0,0.0,12.0,Alert
1459,48.147,0.3,0.28,0.06666666666666667,7.0,0.0,0.0,0.0,0.0,0.0,0.0,0.0,0.0,0.0,12.0,Alert
1460,48.18,0.3,0.28,0.06666666666666667,7.0,0.0,0.0,0.0,0.0,0.0,0.0,0.0,0.0,0.0,12.0,Alert
1461,48.213,0.3,0.28,0.06666666666666667,7.0,0.0,0.0,0.0,0.0,0.0,0.0,0.0,0.0,0.0,12.0,Alert
1462,48.246,0.3,0.28,0.06666666666666667,7.0,0.0,0.0,0.0,0.0,0.0,0.0,0.0,0.0,0.0,12.0,Alert
1463,48.279,0.3,0.28,0.06666666666666667,7.0,0.0,0.0,0.0,0.0,0.0,0.0,0.0,0.0,0.0,12.0,Alert
1464,48.312,0.3,0.28,0.06666666666666667,7.0,0.0,0.0,0.0,0.0,0.0,0.0,0.0,0.0,0.0,12.0,Alert
1465,48.345,0.3,0.28,0.06666666666666667,7.0,0.0,0.0,0.0,0.0,0.0,0.0,0.0,0.0,0.0,12.0,Alert
1466,48.378,0.3,0.28,0.06666666666666667,7.0,0.0,0.0,0.0,0.0,0.0,0.0,0.0,0.0,0.0,12.0,Alert
1467,48.411,0.3,0.28,0.06666666666666667,7.0,0.0,0.0,0.0,0.0,0.0,0.0,0.0,0.0,0.0,12.0,Alert
1468,48.444,0.3,0.28,0.06666666666666667,7.0,0.0,0.0,0.0,0.0,0.0,0.0,0.0,0.0,0.0,12.0,Alert
1469,48.477,0.24615137174415225,0.1271015001372978,0.06666666666666667,7.0,0.0,0.0,20.118693020336334,-19.313125544675444,2.3541681819776272,-5.120828322947261,0.0,-1.6317766138135061,-49.44777617616498,12.0,Alert
1470,48.51,0.3,0.28,0.06666666666666667,7.0,0.0,0.0,0.0,0.0,0.0,0.0,0.0,1.6317766138135061,98.89555235232996,12.0,Alert
1471,48.543,0.3,0.28,0.06666666666666667,7.0,0.0,0.0,0.0,0.0,0.0,0.0,0.0,0.0,-49.44777617617562,12.0,Alert
1472,48.576,0.3,0.28,0.06666666666666667,7.0,0.0,0.0,0.0,0.0,0.0,0.0,0.0,0.0,0.0,12.0,Alert
1473,48.609,0.3,0.28,0.06666666666666667,7.0,0.0,0.0,0.0,0.0,0.0,0.0,0.0,0.0,0.0,12.0,Alert
1474,48.642,0.3,0.28,0.06666666666666667,7.0,0.0,0.0,0.0,0.0,0.0,0.0,0.0,0.0,0.0,12.0,Alert
1475,48.675,0.3,0.28,0.06666666666666667,7.0,0.0,0.0,0.0,0.0,0.0,0.0,0.0,0.0,0.0,12.0,Alert
1476,48.708,0.3,0.28,0.06666666666666667,7.0,0.0,0.0,0.0,0.0,0.0,0.0,0.0,0.0,0.0,12.0,Alert
1477,48.741,0.3,0.28,0.06666666666666667,7.0,0.0,0.0,0.0,0.0,0.0,0.0,0.0,0.0,0.0,12.0,Alert
1478,48.774,0.3,0.28,0.06666666666666667,7.0,0.0,0.0,0.0,0.0,0.0,0.0,0.0,0.0,0.0,12.0,Alert
1479,48.807,0.3,0.28,0.06666666666666667,7.0,0.0,0.0,0.0,0.0,0.0,0.0,0.0,0.0,0.0,12.0,Alert
1480,48.84,0.3,0.28,0.06666666666666667,7.0,0.0,0.0,0.0,0.0,0.0,0.0,0.0,0.0,0.0,12.0,Alert
1481,48.873,0.3,0.28,0.06666666666666667,7.0,0.0,0.0,0.0,0.0,0.0,0.0,0.0,0.0,0.0,12.0,Alert
1482,48.906,0.3,0.28,0.06666666666666667,7.0,0.0,0.0,0.0,0.0,0.0,0.0,0.0,0.0,0.0,12.0,Alert
1483,48.939,0.3,0.28,0.06666666666666667,7.0,0.0,0.0,0.0,0.0,0.0,0.0,0.0,0.0,0.0,12.0,Alert
1484,48.972,0.3,0.28,0.06666666666666667,7.0,0.0,0.0,0.0,0.0,0.0,0.0,0.0,0.0,0.0,12.0,Alert
1485,49.005,0.3,0.28,0.06666666666666667,7.0,0.0,0.0,0.0,0.0,0.0,0.0,0.0,0.0,0.0,12.0,Alert
1486,49.038,0.3,0.28,0.06666666666666667,7.0,0.0,0.0,0.0,0.0,0.0,0.0,0.0,0.0,0.0,12.0,Alert
1487,49.071,0.3,0.28,0.06666666666666667,7.0,0.0,0.0,0.0,0.0,0.0,0.0,0.0,0.0,0.0,12.0,Alert
1488,49.104,0.3,0.28,0.06666666666666667,7.0,0.0,0.0,0.0,0.0,0.0,0.0,0.0,0.0,0.0,12.0,Alert
1489,49.137,0.3,0.28,0.06666666666666667,7.0,0.0,0.0,0.0,0.0,0.0,0.0,0.0,0.0,0.0,12.0,Alert
1490,49.17,0.3,0.28,0.06666666666666667,7.0,0.0,0.0,0.0,0.0,0.0,0.0,0.0,0.0,0.0,12.0,Alert
1491,49.203,0.3,0.28,0.06666666666666667,7.0,0.0,0.0,0.0,0.0,0.0,0.0,0.0,0.0,0.0,12.0,Alert
1492,49.236,0.3,0.28,0.06666666666666667,7.0,0.0,0.0,0.0,0.0,0.0,0.0,0.0,0.0,0.0,12.0,Alert
1493,49.269,0.3,0.28,0.06666666666666667,7.0,0.0,0.0,0.0,0.0,0.0,0.0,0.0,0.0,0.0,12.0,Alert
1494,49.302,0.3,0.28,0.06666666666666667,7.0,0.0,0.0,0.0,0.0,0.0,0.0,0.0,0.0,0.0,12.0,Alert
1495,49.335,0.3,0.28,0.06666666666666667,7.0,0.0,0.0,0.0,0.0,0.0,0.0,0.0,0.0,0.0,12.0,Alert
1496,49.368,0.3,0.28,0.06666666666666667,7.0,0.0,0.0,0.0,0.0,0.0,0.0,0.0,0.0,0.0,12.0,Alert
1497,49.401,0.3,0.28,0.06666666666666667,7.0,0.0,0.0,0.0,0.0,0.0,0.0,0.0,0.0,0.0,12.0,Alert
1498,49.434,0.3,0.28,0.06666666666666667,7.0,0.0,0.0,0.0,0.0,0.0,0.0,0.0,0.0,0.0,12.0,Alert
1499,49.467,0.3,0.28,0.06666666666666667,7.0,0.0,0.0,0.0,0.0,0.0,0.0,0.0,0.0,0.0,12.0,Alert
1500,49.5,0.3,0.28,0.06666666666666667,7.0,0.0,0.0,0.0,0.0,0.0,0.0,0.0,0.0,0.0,12.0,Alert
1501,49.533,0.3,0.28,0.06666666666666667,7.0,0.0,0.0,0.0,0.0,0.0,0.0,0.0,0.0,0.0,12.0,Alert
1502,49.566,0.3,0.28,0.06666666666666667,7.0,0.0,0.0,0.0,0.0,0.0,0.0,0.0,0.0,0.0,12.0,Alert
1503,49.599,0.3,0.28,0.06666666666666667,7.0,0.0,0.0,0.0,0.0,0.0,0.0,0.0,0.0,0.0,12.0,Alert
1504,49.632,0.3,0.28,0.06666666666666667,7.0,0.0,0.0,0.0,0.0,0.0,0.0,0.0,0.0,0.0,12.0,Alert
1505,49.665,0.3,0.28,0.06666666666666667,7.0,0.0,0.0,0.0,0.0,0.0,0.0,0.0,0.0,0.0,12.0,Alert
1506,49.698,0.3,0.28,0.06666666666666667,7.0,0.0,0.0,0.0,0.0,0.0,0.0,0.0,0.0,0.0,12.0,Alert
1507,49.731,0.3,0.28,0.06666666666666667,7.0,0.0,0.0,0.0,0.0,0.0,0.0,0.0,0.0,0.0,12.0,Alert
1508,49.764,0.3,0.28,0.06666666666666667,7.0,0.0,0.0,0.0,0.0,0.0,0.0,0.0,0.0,0.0,12.0,Alert
1509,49.797,0.3,0.28,0.06666666666666667,7.0,0.0,0.0,0.0,0.0,0.0,0.0,0.0,0.0,0.0,12.0,Alert
1510,49.83,0.3,0.28,0.06666666666666667,7.0,0.0,0.0,0.0,0.0,0.0,0.0,0.0,0.0,0.0,12.0,Alert
1511,49.863,0.3,0.28,0.06666666666666667,7.0,0.0,0.0,0.0,0.0,0.0,0.0,0.0,0.0,0.0,12.0,Alert
1512,49.896,0.3,0.28,0.06666666666666667,7.0,0.0,0.0,0.0,0.0,0.0,0.0,0.0,0.0,0.0,12.0,Alert
1513,49.929,0.3,0.28,0.06666666666666667,7.0,0.0,0.0,0.0,0.0,0.0,0.0,0.0,0.0,0.0,12.0,Alert
1514,49.962,0.3,0.28,0.06666666666666667,7.0,0.0,0.0,0.0,0.0,0.0,0.0,0.0,0.0,0.0,12.0,Alert
1515,49.995,0.3,0.28,0.06666666666666667,7.0,0.0,0.0,0.0,0.0,0.0,0.0,0.0,0.0,0.0,12.0,Alert
1516,50.028,0.3,0.28,0.06666666666666667,7.0,0.0,0.0,0.0,0.0,0.0,0.0,0.0,0.0,0.0,12.0,Alert
1517,50.061,0.3,0.28,0.06666666666666667,7.0,0.0,0.0,0.0,0.0,0.0,0.0,0.0,0.0,0.0,12.0,Alert
1518,50.094,0.3,0.28,0.06666666666666667,7.0,0.0,0.0,0.0,0.0,0.0,0.0,0.0,0.0,0.0,12.0,Alert
1519,50.127,0.3,0.28,0.06666666666666667,7.0,0.0,0.0,0.0,0.0,0.0,0.0,0.0,0.0,0.0,12.0,Alert
1520,50.16,0.3,0.28,0.06666666666666667,7.0,0.0,0.0,0.0,0.0,0.0,0.0,0.0,0.0,0.0,12.0,Alert
1521,50.193,0.3,0.28,0.06666666666666667,7.0,0.0,0.0,0.0,0.0,0.0,0.0,0.0,0.0,0.0,12.0,Alert
1522,50.226,0.3,0.28,0.06666666666666667,7.0,0.0,0.0,0.0,0.0,0.0,0.0,0.0,0.0,0.0,12.0,Alert
1523,50.259,0.3,0.28,0.06666666666666667,7.0,0.0,0.0,0.0,0.0,0.0,0.0,0.0,0.0,0.0,12.0,Alert
1524,50.292,0.3,0.28,0.06666666666666667,7.0,0.0,0.0,0.0,0.0,0.0,0.0,0.0,0.0,0.0,12.0,Alert
1525,50.325,0.3,0.28,0.06666666666666667,7.0,0.0,0.0,0.0,0.0,0.0,0.0,0.0,0.0,0.0,12.0,Alert
1526,50.358,0.3,0.28,0.06666666666666667,7.0,0.0,0.0,0.0,0.0,0.0,0.0,0.0,0.0,0.0,12.0,Alert
1527,50.391,0.3,0.28,0.06666666666666667,7.0,0.0,0.0,0.0,0.0,0.0,0.0,0.0,0.0,0.0,12.0,Alert
1528,50.424,0.3,0.28,0.06666666666666667,7.0,0.0,0.0,0.0,0.0,0.0,0.0,0.0,0.0,0.0,12.0,Alert
1529,50.457,0.3,0.28,0.06666666666666667,7.0,0.0,0.0,0.0,0.0,0.0,0.0,0.0,0.0,0.0,12.0,Alert
1530,50.49,0.3,0.28,0.06666666666666667,7.0,0.0,0.0,0.0,0.0,0.0,0.0,0.0,0.0,0.0,12.0,Alert
1531,50.523,0.3,0.28,0.06666666666666667,7.0,0.0,0.0,0.0,0.0,0.0,0.0,0.0,0.0,0.0,12.0,Alert
1532,50.556,0.3,0.28,0.06666666666666667,7.0,0.0,0.0,0.0,0.0,0.0,0.0,0.0,0.0,0.0,12.0,Alert
1533,50.589,0.3,0.28,0.06666666666666667,7.0,0.0,0.0,0.0,0.0,0.0,0.0,0.0,0.0,0.0,12.0,Alert
1534,50.622,0.3,0.28,0.06666666666666667,7.0,0.0,0.0,0.0,0.0,0.0,0.0,0.0,0.0,0.0,12.0,Alert
1535,50.655,0.3,0.28,0.06666666666666667,7.0,0.0,0.0,0.0,0.0,0.0,0.0,0.0,0.0,0.0,12.0,Alert
1536,50.688,0.3,0.28,0.06666666666666667,7.0,0.0,0.0,0.0,0.0,0.0,0.0,0.0,0.0,0.0,12.0,Alert
1537,50.721,0.3,0.28,0.06666666666666667,7.0,0.0,0.0,0.0,0.0,0.0,0.0,0.0,0.0,0.0,12.0,Alert
1538,50.754,0.3,0.28,0.06666666666666667,7.0,0.0,0.0,0.0,0.0,0.0,0.0,0.0,0.0,0.0,12.0,Alert
1539,50.787,0.3,0.28,0.06666666666666667,7.0,0.0,0.0,0.0,0.0,0.0,0.0,0.0,0.0,0.0,12.0,Alert
1540,50.82,0.3,0.28,0.06666666666666667,7.0,0.0,0.0,0.0,0.0,0.0,0.0,0.0,0.0,0.0,12.0,Alert
1541,50.853,0.3,0.28,0.06666666666666667,7.0,0.0,0.0,0.0,0.0,0.0,0.0,0.0,0.0,0.0,12.0,Alert
1542,50.886,0.3,0.28,0.06666666666666667,7.0,0.0,0.0,0.0,0.0,0.0,0.0,0.0,0.0,0.0,12.0,Alert
1543,50.919,0.3,0.28,0.06666666666666667,7.0,0.0,0.0,0.0,0.0,0.0,0.0,0.0,0.0,0.0,12.0,Alert
1544,50.952,0.3,0.28,0.06666666666666667,7.0,0.0,0.0,0.0,0.0,0.0,0.0,0.0,0.0,0.0,12.0,Alert
1545,50.985,0.3,0.28,0.06666666666666667,7.0,0.0,0.0,0.0,0.0,0.0,0.0,0.0,0.0,0.0,12.0,Alert
1546,51.018,0.3,0.28,0.06666666666666667,7.0,0.0,0.0,0.0,0.0,0.0,0.0,0.0,0.0,0.0,12.0,Alert
1547,51.051,0.3,0.28,0.06666666666666667,7.0,0.0,0.0,0.0,0.0,0.0,0.0,0.0,0.0,0.0,12.0,Alert
1548,51.084,0.3,0.28,0.06666666666666667,7.0,0.0,0.0,0.0,0.0,0.0,0.0,0.0,0.0,0.0,12.0,Alert
1549,51.117,0.3,0.28,0.06666666666666667,7.0,0.0,0.0,0.0,0.0,0.0,0.0,0.0,0.0,0.0,12.0,Alert
1550,51.15,0.3,0.28,0.06666666666666667,7.0,0.0,0.0,0.0,0.0,0.0,0.0,0.0,0.0,0.0,12.0,Alert
1551,51.183,0.3,0.28,0.06666666666666667,7.0,0.0,0.0,0.0,0.0,0.0,0.0,0.0,0.0,0.0,12.0,Alert
1552,51.216,0.3,0.28,0.06666666666666667,7.0,0.0,0.0,0.0,0.0,0.0,0.0,0.0,0.0,0.0,12.0,Alert
1553,51.249,0.3,0.28,0.06666666666666667,7.0,0.0,0.0,0.0,0.0,0.0,0.0,0.0,0.0,0.0,12.0,Alert
1554,51.282,0.3,0.28,0.06666666666666667,7.0,0.0,0.0,0.0,0.0,0.0,0.0,0.0,0.0,0.0,12.0,Alert
1555,51.315,0.3,0.28,0.06666666666666667,7.0,0.0,0.0,0.0,0.0,0.0,0.0,0.0,0.0,0.0,12.0,Alert
1556,51.348,0.3,0.28,0.06666666666666667,7.0,0.0,0.0,0.0,0.0,0.0,0.0,0.0,0.0,0.0,12.0,Alert
1557,51.381,0.3,0.28,0.06666666666666667,7.0,0.0,0.0,0.0,0.0,0.0,0.0,0.0,0.0,0.0,12.0,Alert
1558,51.414,0.3,0.28,0.06666666666666667,7.0,0.0,0.0,0.0,0.0,0.0,0.0,0.0,0.0,0.0,12.0,Alert
1559,51.447,0.3,0.28,0.06666666666666667,7.0,0.0,0.0,0.0,0.0,0.0,0.0,0.0,0.0,0.0,12.0,Alert
1560,51.48,0.3,0.28,0.06666666666666667,7.0,0.0,0.0,0.0,0.0,0.0,0.0,0.0,0.0,0.0,12.0,Alert
1561,51.513,0.3,0.28,0.06666666666666667,7.0,0.0,0.0,0.0,0.0,0.0,0.0,0.0,0.0,0.0,12.0,Alert
1562,51.546,0.3,0.28,0.06666666666666667,7.0,0.0,0.0,0.0,0.0,0.0,0.0,0.0,0.0,0.0,12.0,Alert
1563,51.579,0.3,0.28,0.06666666666666667,7.0,0.0,0.0,0.0,0.0,0.0,0.0,0.0,0.0,0.0,12.0,Alert
1564,51.612,0.3,0.28,0.06666666666666667,7.0,0.0,0.0,0.0,0.0,0.0,0.0,0.0,0.0,0.0,12.0,Alert
1565,51.645,0.3,0.28,0.06666666666666667,7.0,0.0,0.0,0.0,0.0,0.0,0.0,0.0,0.0,0.0,12.0,Alert
1566,51.678,0.3,0.28,0.06666666666666667,7.0,0.0,0.0,0.0,0.0,0.0,0.0,0.0,0.0,0.0,12.0,Alert
1567,51.711,0.3,0.28,0.06666666666666667,7.0,0.0,0.0,0.0,0.0,0.0,0.0,0.0,0.0,0.0,12.0,Alert
1568,51.744,0.3,0.28,0.06666666666666667,7.0,0.0,0.0,0.0,0.0,0.0,0.0,0.0,0.0,0.0,12.0,Alert
1569,51.777,0.3,0.28,0.06666666666666667,7.0,0.0,0.0,0.0,0.0,0.0,0.0,0.0,0.0,0.0,12.0,Alert
1570,51.81,0.3,0.28,0.06666666666666667,7.0,0.0,0.0,0.0,0.0,0.0,0.0,0.0,0.0,0.0,12.0,Alert
1571,51.843,0.3,0.28,0.06666666666666667,7.0,0.0,0.0,0.0,0.0,0.0,0.0,0.0,0.0,0.0,12.0,Alert
1572,51.876,0.3,0.28,0.06666666666666667,7.0,0.0,0.0,0.0,0.0,0.0,0.0,0.0,0.0,0.0,12.0,Alert
1573,51.909,0.3,0.28,0.06666666666666667,7.0,0.0,0.0,0.0,0.0,0.0,0.0,0.0,0.0,0.0,12.0,Alert
1574,51.942,0.3,0.28,0.06666666666666667,7.0,0.0,0.0,0.0,0.0,0.0,0.0,0.0,0.0,0.0,12.0,Alert
1575,51.975,0.3,0.28,0.06666666666666667,7.0,0.0,0.0,0.0,0.0,0.0,0.0,0.0,0.0,0.0,12.0,Alert
1576,52.008,0.3,0.28,0.06666666666666667,7.0,0.0,0.0,0.0,0.0,0.0,0.0,0.0,0.0,0.0,12.0,Alert
1577,52.041,0.3,0.28,0.06666666666666667,7.0,0.0,0.0,0.0,0.0,0.0,0.0,0.0,0.0,0.0,12.0,Alert
1578,52.074,0.3,0.28,0.06666666666666667,7.0,0.0,0.0,0.0,0.0,0.0,0.0,0.0,0.0,0.0,12.0,Alert
1579,52.107,0.3,0.28,0.06666666666666667,7.0,0.0,0.0,0.0,0.0,0.0,0.0,0.0,0.0,0.0,12.0,Alert
1580,52.14,0.3,0.28,0.06666666666666667,7.0,0.0,0.0,0.0,0.0,0.0,0.0,0.0,0.0,0.0,12.0,Alert
1581,52.173,0.3,0.28,0.06666666666666667,7.0,0.0,0.0,0.0,0.0,0.0,0.0,0.0,0.0,0.0,12.0,Alert
1582,52.206,0.3,0.28,0.06666666666666667,7.0,0.0,0.0,0.0,0.0,0.0,0.0,0.0,0.0,0.0,12.0,Alert
1583,52.239,0.3,0.28,0.06666666666666667,7.0,0.0,0.0,0.0,0.0,0.0,0.0,0.0,0.0,0.0,12.0,Alert
1584,52.272,0.3,0.28,0.06666666666666667,7.0,0.0,0.0,0.0,0.0,0.0,0.0,0.0,0.0,0.0,12.0,Alert
1585,52.305,0.3,0.28,0.06666666666666667,7.0,0.0,0.0,0.0,0.0,0.0,0.0,0.0,0.0,0.0,12.0,Alert
1586,52.338,0.3,0.28,0.06666666666666667,7.0,0.0,0.0,0.0,0.0,0.0,0.0,0.0,0.0,0.0,12.0,Alert
1587,52.371,0.3,0.28,0.06666666666666667,7.0,0.0,0.0,0.0,0.0,0.0,0.0,0.0,0.0,0.0,12.0,Alert
1588,52.404,0.3,0.28,0.06666666666666667,7.0,0.0,0.0,0.0,0.0,0.0,0.0,0.0,0.0,0.0,12.0,Alert
1589,52.437,0.3,0.28,0.06666666666666667,7.0,0.0,0.0,0.0,0.0,0.0,0.0,0.0,0.0,0.0,12.0,Alert
1590,52.47,0.3,0.28,0.06666666666666667,7.0,0.0,0.0,0.0,0.0,0.0,0.0,0.0,0.0,0.0,12.0,Alert
1591,52.503,0.3,0.28,0.06666666666666667,7.0,0.0,0.0,0.0,0.0,0.0,0.0,0.0,0.0,0.0,12.0,Alert
1592,52.536,0.3,0.28,0.06666666666666667,7.0,0.0,0.0,0.0,0.0,0.0,0.0,0.0,0.0,0.0,12.0,Alert
1593,52.569,0.3,0.28,0.06666666666666667,7.0,0.0,0.0,0.0,0.0,0.0,0.0,0.0,0.0,0.0,12.0,Alert
1594,52.602,0.3,0.28,0.06666666666666667,7.0,0.0,0.0,0.0,0.0,0.0,0.0,0.0,0.0,0.0,12.0,Alert
1595,52.635,0.3,0.28,0.06666666666666667,7.0,0.0,0.0,0.0,0.0,0.0,0.0,0.0,0.0,0.0,12.0,Alert
1596,52.668,0.3,0.28,0.06666666666666667,7.0,0.0,0.0,0.0,0.0,0.0,0.0,0.0,0.0,0.0,12.0,Alert
1597,52.701,0.3,0.28,0.06666666666666667,7.0,0.0,0.0,0.0,0.0,0.0,0.0,0.0,0.0,0.0,12.0,Alert
1598,52.734,0.3,0.28,0.06666666666666667,7.0,0.0,0.0,0.0,0.0,0.0,0.0,0.0,0.0,0.0,12.0,Alert
1599,52.767,0.3,0.28,0.06666666666666667,7.0,0.0,0.0,0.0,0.0,0.0,0.0,0.0,0.0,0.0,12.0,Alert
1600,52.8,0.3,0.28,0.06666666666666667,7.0,0.0,0.0,0.0,0.0,0.0,0.0,0.0,0.0,0.0,12.0,Alert
1601,52.833,0.3,0.28,0.06666666666666667,7.0,0.0,0.0,0.0,0.0,0.0,0.0,0.0,0.0,0.0,12.0,Alert
1602,52.866,0.3,0.28,0.06666666666666667,7.0,0.0,0.0,0.0,0.0,0.0,0.0,0.0,0.0,0.0,12.0,Alert
1603,52.899,0.3,0.28,0.06666666666666667,7.0,0.0,0.0,0.0,0.0,0.0,0.0,0.0,0.0,0.0,12.0,Alert
1604,52.932,0.3,0.28,0.06666666666666667,7.0,0.0,0.0,0.0,0.0,0.0,0.0,0.0,0.0,0.0,12.0,Alert
1605,52.965,0.3,0.28,0.06666666666666667,7.0,0.0,0.0,0.0,0.0,0.0,0.0,0.0,0.0,0.0,12.0,Alert
1606,52.998,0.3,0.28,0.06666666666666667,7.0,0.0,0.0,0.0,0.0,0.0,0.0,0.0,0.0,0.0,12.0,Alert
1607,53.031,0.3,0.28,0.06666666666666667,7.0,0.0,0.0,0.0,0.0,0.0,0.0,0.0,0.0,0.0,12.0,Alert
1608,53.064,0.3,0.28,0.06666666666666667,7.0,0.0,0.0,0.0,0.0,0.0,0.0,0.0,0.0,0.0,12.0,Alert
1609,53.097,0.3,0.28,0.06666666666666667,7.0,0.0,0.0,0.0,0.0,0.0,0.0,0.0,0.0,0.0,12.0,Alert
1610,53.13,0.3,0.28,0.06666666666666667,7.0,0.0,0.0,0.0,0.0,0.0,0.0,0.0,0.0,0.0,12.0,Alert
1611,53.163,0.32517423180871363,0.25188249826798575,0.06666666666666667,7.0,0.0,0.0,33.143297482550885,25.531582622266654,9.452523144115645,18.90148838132049,0.0,0.76285550935493,23.116833616815182,12.0,Alert
1612,53.196,0.3,0.28,0.06666666666666667,7.0,0.0,0.0,0.0,0.0,0.0,0.0,0.0,-0.76285550935493,-46.233667233630364,12.0,Alert
1613,53.229,0.3,0.28,0.06666666666666667,7.0,0.0,0.0,0.0,0.0,0.0,0.0,0.0,0.0,23.11683361682016,12.0,Alert
1614,53.262,0.3,0.28,0.06666666666666667,7.0,0.0,0.0,0.0,0.0,0.0,0.0,0.0,0.0,0.0,12.0,Alert
1615,53.295,0.3,0.28,0.06666666666666667,7.0,0.0,0.0,0.0,0.0,0.0,0.0,0.0,0.0,0.0,12.0,Alert
1616,53.328,0.3,0.28,0.06666666666666667,7.0,0.0,0.0,0.0,0.0,0.0,0.0,0.0,0.0,0.0,12.0,Alert
1617,53.361,0.3,0.28,0.06666666666666667,7.0,0.0,0.0,0.0,0.0,0.0,0.0,0.0,0.0,0.0,12.0,Alert
1618,53.394,0.3,0.28,0.06666666666666667,7.0,0.0,0.0,0.0,0.0,0.0,0.0,0.0,0.0,0.0,12.0,Alert
1619,53.427,0.3,0.28,0.06666666666666667,7.0,0.0,0.0,0.0,0.0,0.0,0.0,0.0,0.0,0.0,12.0,Alert
1620,53.46,0.3,0.28,0.06666666666666667,7.0,0.0,0.0,0.0,0.0,0.0,0.0,0.0,0.0,0.0,12.0,Alert
1621,53.493,0.3,0.28,0.06666666666666667,7.0,0.0,0.0,0.0,0.0,0.0,0.0,0.0,0.0,0.0,12.0,Alert
1622,53.526,0.3,0.28,0.06666666666666667,7.0,0.0,0.0,0.0,0.0,0.0,0.0,0.0,0.0,0.0,12.0,Alert
1623,53.559,0.3,0.28,0.06666666666666667,7.0,0.0,0.0,0.0,0.0,0.0,0.0,0.0,0.0,0.0,12.0,Alert
1624,53.592,0.3,0.28,0.06666666666666667,7.0,0.0,0.0,0.0,0.0,0.0,0.0,0.0,0.0,0.0,12.0,Alert
1625,53.625,0.3,0.28,0.06666666666666667,7.0,0.0,0.0,0.0,0.0,0.0,0.0,0.0,0.0,0.0,12.0,Alert
1626,53.658,0.3,0.28,0.06666666666666667,7.0,0.0,0.0,0.0,0.0,0.0,0.0,0.0,0.0,0.0,12.0,Alert
1627,53.691,0.3,0.28,0.06666666666666667,7.0,0.0,0.0,0.0,0.0,0.0,0.0,0.0,0.0,0.0,12.0,Alert
1628,53.724,0.3,0.28,0.06666666666666667,7.0,0.0,0.0,0.0,0.0,0.0,0.0,0.0,0.0,0.0,12.0,Alert
1629,53.757,0.3,0.28,0.06666666666666667,7.0,0.0,0.0,0.0,0.0,0.0,0.0,0.0,0.0,0.0,12.0,Alert
1630,53.79,0.3,0.28,0.06666666666666667,7.0,0.0,0.0,0.0,0.0,0.0,0.0,0.0,0.0,0.0,12.0,Alert
1631,53.823,0.3,0.28,0.06666666666666667,7.0,0.0,0.0,0.0,0.0,0.0,0.0,0.0,0.0,0.0,12.0,Alert
1632,53.856,0.3,0.28,0.06666666666666667,7.0,0.0,0.0,0.0,0.0,0.0,0.0,0.0,0.0,0.0,12.0,Alert
1633,53.889,0.3,0.28,0.06666666666666667,7.0,0.0,0.0,0.0,0.0,0.0,0.0,0.0,0.0,0.0,12.0,Alert
1634,53.922,0.3,0.28,0.06666666666666667,7.0,0.0,0.0,0.0,0.0,0.0,0.0,0.0,0.0,0.0,12.0,Alert
1635,53.955,0.3,0.28,0.06666666666666667,7.0,0.0,0.0,0.0,0.0,0.0,0.0,0.0,0.0,0.0,12.0,Alert
1636,53.988,0.3,0.28,0.06666666666666667,7.0,0.0,0.0,0.0,0.0,0.0,0.0,0.0,0.0,0.0,12.0,Alert
1637,54.021,0.3,0.28,0.06666666666666667,7.0,0.0,0.0,0.0,0.0,0.0,0.0,0.0,0.0,0.0,12.0,Alert
1638,54.054,0.3088262668156674,0.17882567828823662,0.06666666666666667,7.0,0.0,0.0,21.91325204793623,3.7930163703203448,21.56957219148478,0.7464567014835097,0.0,0.2674626307777897,8.10492820538726,12.0,Alert
1639,54.087,0.3,0.28,0.06666666666666667,7.0,0.0,0.0,0.0,0.0,0.0,0.0,0.0,-0.2674626307777897,-16.20985641077452,12.0,Alert
1640,54.12,0.3,0.28,0.06666666666666667,7.0,0.0,0.0,0.0,0.0,0.0,0.0,0.0,0.0,8.10492820538726,12.0,Alert
1641,54.153,0.3,0.28,0.06666666666666667,7.0,0.0,0.0,0.0,0.0,0.0,0.0,0.0,0.0,0.0,12.0,Alert
1642,54.186,0.3,0.28,0.06666666666666667,7.0,0.0,0.0,0.0,0.0,0.0,0.0,0.0,0.0,0.0,12.0,Alert
1643,54.219,0.3,0.28,0.06666666666666667,7.0,0.0,0.0,0.0,0.0,0.0,0.0,0.0,0.0,0.0,12.0,Alert
1644,54.252,0.3,0.28,0.06666666666666667,7.0,0.0,0.0,0.0,0.0,0.0,0.0,0.0,0.0,0.0,12.0,Alert
1645,54.285,0.3,0.28,0.06666666666666667,7.0,0.0,0.0,0.0,0.0,0.0,0.0,0.0,0.0,0.0,12.0,Alert
1646,54.318,0.2467455314778923,0.16050805941287238,0.06666666666666667,7.0,0.0,0.0,32.092193447675406,25.70000393120867,18.665485267739683,4.5845760914911295,0.0,-1.6137717733971415,-48.90217495142668,12.0,Alert
1647,54.351,0.3,0.28,0.06666666666666667,7.0,0.0,0.0,0.0,0.0,0.0,0.0,0.0,1.613771773397489,97.80434990288495,12.0,Alert
1648,54.384,0.3,0.28,0.06666666666666667,7.0,0.0,0.0,0.0,0.0,0.0,0.0,0.0,0.0,-48.90217495143721,12.0,Alert
1649,54.417,0.3,0.28,0.06666666666666667,7.0,0.0,0.0,0.0,0.0,0.0,0.0,0.0,0.0,0.0,12.0,Alert
1650,54.45,0.3,0.28,0.06666666666666667,7.0,0.0,0.0,0.0,0.0,0.0,0.0,0.0,0.0,0.0,12.0,Alert
1651,54.483,0.3,0.28,0.06666666666666667,7.0,0.0,0.0,0.0,0.0,0.0,0.0,0.0,0.0,0.0,12.0,Alert
1652,54.516,0.3,0.28,0.06666666666666667,7.0,0.0,0.0,0.0,0.0,0.0,0.0,0.0,0.0,0.0,12.0,Alert
1653,54.549,0.3,0.28,0.06666666666666667,7.0,0.0,0.0,0.0,0.0,0.0,0.0,0.0,0.0,0.0,12.0,Alert
1654,54.582,0.3,0.28,0.06666666666666667,7.0,0.0,0.0,0.0,0.0,0.0,0.0,0.0,0.0,0.0,12.0,Alert
1655,54.615,0.3,0.28,0.06666666666666667,7.0,0.0,0.0,0.0,0.0,0.0,0.0,0.0,0.0,0.0,12.0,Alert
1656,54.648,0.3,0.28,0.06666666666666667,7.0,0.0,0.0,0.0,0.0,0.0,0.0,0.0,0.0,0.0,12.0,Alert
1657,54.681,0.3,0.28,0.06666666666666667,7.0,0.0,0.0,0.0,0.0,0.0,0.0,0.0,0.0,0.0,12.0,Alert
1658,54.714,0.3,0.28,0.06666666666666667,7.0,0.0,0.0,0.0,0.0,0.0,0.0,0.0,0.0,0.0,12.0,Alert
1659,54.747,0.3,0.28,0.06666666666666667,7.0,0.0,0.0,0.0,0.0,0.0,0.0,0.0,0.0,0.0,12.0,Alert
1660,54.78,0.3,0.28,0.06666666666666667,7.0,0.0,0.0,0.0,0.0,0.0,0.0,0.0,0.0,0.0,12.0,Alert
1661,54.813,0.3,0.28,0.06666666666666667,7.0,0.0,0.0,0.0,0.0,0.0,0.0,0.0,0.0,0.0,12.0,Alert
1662,54.846,0.3,0.28,0.06666666666666667,7.0,0.0,0.0,0.0,0.0,0.0,0.0,0.0,0.0,0.0,12.0,Alert
1663,54.879,0.3,0.28,0.06666666666666667,7.0,0.0,0.0,0.0,0.0,0.0,0.0,0.0,0.0,0.0,12.0,Alert
1664,54.912,0.3,0.28,0.06666666666666667,7.0,0.0,0.0,0.0,0.0,0.0,0.0,0.0,0.0,0.0,12.0,Alert
1665,54.945,0.3,0.28,0.06666666666666667,7.0,0.0,0.0,0.0,0.0,0.0,0.0,0.0,0.0,0.0,12.0,Alert
1666,54.978,0.3,0.28,0.06666666666666667,7.0,0.0,0.0,0.0,0.0,0.0,0.0,0.0,0.0,0.0,12.0,Alert
1667,55.011,0.3,0.28,0.06666666666666667,7.0,0.0,0.0,0.0,0.0,0.0,0.0,0.0,0.0,0.0,12.0,Alert
1668,55.044,0.3,0.28,0.06666666666666667,7.0,0.0,0.0,0.0,0.0,0.0,0.0,0.0,0.0,0.0,12.0,Alert
1669,55.077,0.3,0.28,0.06666666666666667,7.0,0.0,0.0,0.0,0.0,0.0,0.0,0.0,0.0,0.0,12.0,Alert
1670,55.11,0.3,0.28,0.06666666666666667,7.0,0.0,0.0,0.0,0.0,0.0,0.0,0.0,0.0,0.0,12.0,Alert
1671,55.143,0.3,0.28,0.06666666666666667,7.0,0.0,0.0,0.0,0.0,0.0,0.0,0.0,0.0,0.0,12.0,Alert
1672,55.176,0.3,0.28,0.06666666666666667,7.0,0.0,0.0,0.0,0.0,0.0,0.0,0.0,0.0,0.0,12.0,Alert
1673,55.209,0.3,0.28,0.06666666666666667,7.0,0.0,0.0,0.0,0.0,0.0,0.0,0.0,0.0,0.0,12.0,Alert
1674,55.242,0.3,0.28,0.06666666666666667,7.0,0.0,0.0,0.0,0.0,0.0,0.0,0.0,0.0,0.0,12.0,Alert
1675,55.275,0.3,0.28,0.06666666666666667,7.0,0.0,0.0,0.0,0.0,0.0,0.0,0.0,0.0,0.0,12.0,Alert
1676,55.308,0.3,0.28,0.06666666666666667,7.0,0.0,0.0,0.0,0.0,0.0,0.0,0.0,0.0,0.0,12.0,Alert
1677,55.341,0.3,0.28,0.06666666666666667,7.0,0.0,0.0,0.0,0.0,0.0,0.0,0.0,0.0,0.0,12.0,Alert
1678,55.374,0.3,0.28,0.06666666666666667,7.0,0.0,0.0,0.0,0.0,0.0,0.0,0.0,0.0,0.0,12.0,Alert
1679,55.407,0.3,0.28,0.06666666666666667,7.0,0.0,0.0,0.0,0.0,0.0,0.0,0.0,0.0,0.0,12.0,Alert
1680,55.44,0.3,0.28,0.06666666666666667,7.0,0.0,0.0,0.0,0.0,0.0,0.0,0.0,0.0,0.0,12.0,Alert
1681,55.473,0.3,0.28,0.06666666666666667,7.0,0.0,0.0,0.0,0.0,0.0,0.0,0.0,0.0,0.0,12.0,Alert
1682,55.506,0.3,0.28,0.06666666666666667,7.0,0.0,0.0,0.0,0.0,0.0,0.0,0.0,0.0,0.0,12.0,Alert
1683,55.539,0.3,0.28,0.06666666666666667,7.0,0.0,0.0,0.0,0.0,0.0,0.0,0.0,0.0,0.0,12.0,Alert
1684,55.572,0.3,0.28,0.06666666666666667,7.0,0.0,0.0,0.0,0.0,0.0,0.0,0.0,0.0,0.0,12.0,Alert
1685,55.605,0.3,0.28,0.06666666666666667,7.0,0.0,0.0,0.0,0.0,0.0,0.0,0.0,0.0,0.0,12.0,Alert
1686,55.638,0.3,0.28,0.06666666666666667,7.0,0.0,0.0,0.0,0.0,0.0,0.0,0.0,0.0,0.0,12.0,Alert
1687,55.671,0.3,0.28,0.06666666666666667,7.0,0.0,0.0,0.0,0.0,0.0,0.0,0.0,0.0,0.0,12.0,Alert
1688,55.704,0.3,0.28,0.06666666666666667,7.0,0.0,0.0,0.0,0.0,0.0,0.0,0.0,0.0,0.0,12.0,Alert
1689,55.737,0.3,0.28,0.06666666666666667,7.0,0.0,0.0,0.0,0.0,0.0,0.0,0.0,0.0,0.0,12.0,Alert
1690,55.77,0.3,0.28,0.06666666666666667,7.0,0.0,0.0,0.0,0.0,0.0,0.0,0.0,0.0,0.0,12.0,Alert
1691,55.803,0.3,0.28,0.06666666666666667,7.0,0.0,0.0,0.0,0.0,0.0,0.0,0.0,0.0,0.0,12.0,Alert
1692,55.836,0.3,0.28,0.06666666666666667,7.0,0.0,0.0,0.0,0.0,0.0,0.0,0.0,0.0,0.0,12.0,Alert
1693,55.869,0.3,0.28,0.06666666666666667,7.0,0.0,0.0,0.0,0.0,0.0,0.0,0.0,0.0,0.0,12.0,Alert
1694,55.902,0.3,0.28,0.06666666666666667,7.0,0.0,0.0,0.0,0.0,0.0,0.0,0.0,0.0,0.0,12.0,Alert
1695,55.935,0.3,0.28,0.06666666666666667,7.0,0.0,0.0,0.0,0.0,0.0,0.0,0.0,0.0,0.0,12.0,Alert
1696,55.968,0.3002151115296755,0.20607306018789215,0.06666666666666667,7.0,0.0,0.0,57.61500096789345,-9.58756338056196,-32.803281750743764,46.38439038443204,0.0,0.006518531202288108,0.1975312485541776,12.0,Alert
1697,56.001,0.3,0.28,0.06666666666666667,7.0,0.0,0.0,0.0,0.0,0.0,0.0,0.0,-0.006518531202288108,-0.3950624971083552,12.0,Alert
1698,56.034,0.3,0.28,0.06666666666666667,7.0,0.0,0.0,0.0,0.0,0.0,0.0,0.0,0.0,0.1975312485541776,12.0,Alert
1699,56.067,0.3,0.28,0.06666666666666667,7.0,0.0,0.0,0.0,0.0,0.0,0.0,0.0,0.0,0.0,12.0,Alert
1700,56.1,0.3,0.28,0.06666666666666667,7.0,0.0,0.0,0.0,0.0,0.0,0.0,0.0,0.0,0.0,12.0,Alert
1701,56.133,0.3,0.28,0.06666666666666667,7.0,0.0,0.0,0.0,0.0,0.0,0.0,0.0,0.0,0.0,12.0,Alert
1702,56.166,0.3,0.28,0.06666666666666667,7.0,0.0,0.0,0.0,0.0,0.0,0.0,0.0,0.0,0.0,12.0,Alert
1703,56.199,0.3,0.28,0.06666666666666667,7.0,0.0,0.0,0.0,0.0,0.0,0.0,0.0,0.0,0.0,12.0,Alert
1704,56.232,0.3,0.28,0.06666666666666667,7.0,0.0,0.0,0.0,0.0,0.0,0.0,0.0,0.0,0.0,12.0,Alert
1705,56.265,0.3,0.28,0.06666666666666667,7.0,0.0,0.0,0.0,0.0,0.0,0.0,0.0,0.0,0.0,12.0,Alert
1706,56.298,0.3,0.28,0.06666666666666667,7.0,0.0,0.0,0.0,0.0,0.0,0.0,0.0,0.0,0.0,12.0,Alert
1707,56.331,0.3,0.28,0.06666666666666667,7.0,0.0,0.0,0.0,0.0,0.0,0.0,0.0,0.0,0.0,12.0,Alert
1708,56.364,0.3,0.28,0.06666666666666667,7.0,0.0,0.0,0.0,0.0,0.0,0.0,0.0,0.0,0.0,12.0,Alert
1709,56.397,0.3,0.28,0.06666666666666667,7.0,0.0,0.0,0.0,0.0,0.0,0.0,0.0,0.0,0.0,12.0,Alert
1710,56.43,0.3,0.28,0.06666666666666667,7.0,0.0,0.0,0.0,0.0,0.0,0.0,0.0,0.0,0.0,12.0,Alert
1711,56.463,0.3,0.28,0.06666666666666667,7.0,0.0,0.0,0.0,0.0,0.0,0.0,0.0,0.0,0.0,12.0,Alert
1712,56.496,0.3,0.28,0.06666666666666667,7.0,0.0,0.0,0.0,0.0,0.0,0.0,0.0,0.0,0.0,12.0,Alert
1713,56.529,0.3,0.28,0.06666666666666667,7.0,0.0,0.0,0.0,0.0,0.0,0.0,0.0,0.0,0.0,12.0,Alert
1714,56.562,0.3,0.28,0.06666666666666667,7.0,0.0,0.0,0.0,0.0,0.0,0.0,0.0,0.0,0.0,12.0,Alert
1715,56.595,0.3,0.28,0.06666666666666667,7.0,0.0,0.0,0.0,0.0,0.0,0.0,0.0,0.0,0.0,12.0,Alert
1716,56.628,0.3,0.28,0.06666666666666667,7.0,0.0,0.0,0.0,0.0,0.0,0.0,0.0,0.0,0.0,12.0,Alert
1717,56.661,0.3,0.28,0.06666666666666667,7.0,0.0,0.0,0.0,0.0,0.0,0.0,0.0,0.0,0.0,12.0,Alert
1718,56.694,0.3,0.28,0.06666666666666667,7.0,0.0,0.0,0.0,0.0,0.0,0.0,0.0,0.0,0.0,12.0,Alert
1719,56.727,0.3,0.28,0.06666666666666667,7.0,0.0,0.0,0.0,0.0,0.0,0.0,0.0,0.0,0.0,12.0,Alert
1720,56.76,0.3,0.28,0.06666666666666667,7.0,0.0,0.0,0.0,0.0,0.0,0.0,0.0,0.0,0.0,12.0,Alert
1721,56.793,0.3,0.28,0.06666666666666667,7.0,0.0,0.0,0.0,0.0,0.0,0.0,0.0,0.0,0.0,12.0,Alert
1722,56.826,0.3,0.28,0.06666666666666667,7.0,0.0,0.0,0.0,0.0,0.0,0.0,0.0,0.0,0.0,12.0,Alert
1723,56.859,0.3,0.28,0.06666666666666667,7.0,0.0,0.0,0.0,0.0,0.0,0.0,0.0,0.0,0.0,12.0,Alert
1724,56.892,0.3,0.28,0.06666666666666667,7.0,0.0,0.0,0.0,0.0,0.0,0.0,0.0,0.0,0.0,12.0,Alert
1725,56.925,0.3,0.28,0.06666666666666667,7.0,0.0,0.0,0.0,0.0,0.0,0.0,0.0,0.0,0.0,12.0,Alert
1726,56.958,0.3,0.28,0.06666666666666667,7.0,0.0,0.0,0.0,0.0,0.0,0.0,0.0,0.0,0.0,12.0,Alert
1727,56.991,0.3,0.28,0.06666666666666667,7.0,0.0,0.0,0.0,0.0,0.0,0.0,0.0,0.0,0.0,12.0,Alert
1728,57.024,0.3,0.28,0.06666666666666667,7.0,0.0,0.0,0.0,0.0,0.0,0.0,0.0,0.0,0.0,12.0,Alert
1729,57.057,0.3,0.28,0.06666666666666667,7.0,0.0,0.0,0.0,0.0,0.0,0.0,0.0,0.0,0.0,12.0,Alert
1730,57.09,0.3,0.28,0.06666666666666667,7.0,0.0,0.0,0.0,0.0,0.0,0.0,0.0,0.0,0.0,12.0,Alert
1731,57.123,0.3,0.28,0.06666666666666667,7.0,0.0,0.0,0.0,0.0,0.0,0.0,0.0,0.0,0.0,12.0,Alert
1732,57.156,0.3,0.28,0.06666666666666667,7.0,0.0,0.0,0.0,0.0,0.0,0.0,0.0,0.0,0.0,12.0,Alert
1733,57.189,0.3,0.28,0.06666666666666667,7.0,0.0,0.0,0.0,0.0,0.0,0.0,0.0,0.0,0.0,12.0,Alert
1734,57.222,0.3,0.28,0.06666666666666667,7.0,0.0,0.0,0.0,0.0,0.0,0.0,0.0,0.0,0.0,12.0,Alert
1735,57.255,0.3,0.28,0.06666666666666667,7.0,0.0,0.0,0.0,0.0,0.0,0.0,0.0,0.0,0.0,12.0,Alert
1736,57.288,0.3,0.28,0.06666666666666667,7.0,0.0,0.0,0.0,0.0,0.0,0.0,0.0,0.0,0.0,12.0,Alert
1737,57.321,0.3,0.28,0.06666666666666667,7.0,0.0,0.0,0.0,0.0,0.0,0.0,0.0,0.0,0.0,12.0,Alert
1738,57.354,0.3,0.28,0.06666666666666667,7.0,0.0,0.0,0.0,0.0,0.0,0.0,0.0,0.0,0.0,12.0,Alert
1739,57.387,0.3,0.28,0.06666666666666667,7.0,0.0,0.0,0.0,0.0,0.0,0.0,0.0,0.0,0.0,12.0,Alert
1740,57.42,0.3,0.28,0.06666666666666667,7.0,0.0,0.0,0.0,0.0,0.0,0.0,0.0,0.0,0.0,12.0,Alert
1741,57.453,0.3,0.28,0.06666666666666667,7.0,0.0,0.0,0.0,0.0,0.0,0.0,0.0,0.0,0.0,12.0,Alert
1742,57.486,0.3,0.28,0.06666666666666667,7.0,0.0,0.0,0.0,0.0,0.0,0.0,0.0,0.0,0.0,12.0,Alert
1743,57.519,0.3,0.28,0.06666666666666667,7.0,0.0,0.0,0.0,0.0,0.0,0.0,0.0,0.0,0.0,12.0,Alert
1744,57.552,0.3,0.28,0.06666666666666667,7.0,0.0,0.0,0.0,0.0,0.0,0.0,0.0,0.0,0.0,12.0,Alert
1745,57.585,0.3,0.28,0.06666666666666667,7.0,0.0,0.0,0.0,0.0,0.0,0.0,0.0,0.0,0.0,12.0,Alert
1746,57.618,0.3,0.28,0.06666666666666667,7.0,0.0,0.0,0.0,0.0,0.0,0.0,0.0,0.0,0.0,12.0,Alert
1747,57.651,0.3,0.28,0.06666666666666667,7.0,0.0,0.0,0.0,0.0,0.0,0.0,0.0,0.0,0.0,12.0,Alert
1748,57.684,0.3,0.28,0.06666666666666667,7.0,0.0,0.0,0.0,0.0,0.0,0.0,0.0,0.0,0.0,12.0,Alert
1749,57.717,0.3,0.28,0.06666666666666667,7.0,0.0,0.0,0.0,0.0,0.0,0.0,0.0,0.0,0.0,12.0,Alert
1750,57.75,0.3,0.28,0.06666666666666667,7.0,0.0,0.0,0.0,0.0,0.0,0.0,0.0,0.0,0.0,12.0,Alert
1751,57.783,0.3,0.28,0.06666666666666667,7.0,0.0,0.0,0.0,0.0,0.0,0.0,0.0,0.0,0.0,12.0,Alert
1752,57.816,0.3,0.28,0.06666666666666667,7.0,0.0,0.0,0.0,0.0,0.0,0.0,0.0,0.0,0.0,12.0,Alert
1753,57.849,0.3,0.28,0.06666666666666667,7.0,0.0,0.0,0.0,0.0,0.0,0.0,0.0,0.0,0.0,12.0,Alert
1754,57.882,0.3,0.28,0.06666666666666667,7.0,0.0,0.0,0.0,0.0,0.0,0.0,0.0,0.0,0.0,12.0,Alert
1755,57.915,0.3,0.28,0.06666666666666667,7.0,0.0,0.0,0.0,0.0,0.0,0.0,0.0,0.0,0.0,12.0,Alert
1756,57.948,0.3,0.28,0.06666666666666667,7.0,0.0,0.0,0.0,0.0,0.0,0.0,0.0,0.0,0.0,12.0,Alert
1757,57.981,0.3,0.28,0.06666666666666667,7.0,0.0,0.0,0.0,0.0,0.0,0.0,0.0,0.0,0.0,12.0,Alert
1758,58.014,0.3,0.28,0.06666666666666667,7.0,0.0,0.0,0.0,0.0,0.0,0.0,0.0,0.0,0.0,12.0,Alert
1759,58.047,0.3,0.28,0.06666666666666667,7.0,0.0,0.0,0.0,0.0,0.0,0.0,0.0,0.0,0.0,12.0,Alert
1760,58.08,0.3,0.28,0.06666666666666667,7.0,0.0,0.0,0.0,0.0,0.0,0.0,0.0,0.0,0.0,12.0,Alert
1761,58.113,0.3,0.28,0.06666666666666667,7.0,0.0,0.0,0.0,0.0,0.0,0.0,0.0,0.0,0.0,12.0,Alert
1762,58.146,0.3,0.28,0.06666666666666667,7.0,0.0,0.0,0.0,0.0,0.0,0.0,0.0,0.0,0.0,12.0,Alert
1763,58.179,0.3,0.28,0.06666666666666667,7.0,0.0,0.0,0.0,0.0,0.0,0.0,0.0,0.0,0.0,12.0,Alert
1764,58.212,0.3,0.28,0.06666666666666667,7.0,0.0,0.0,0.0,0.0,0.0,0.0,0.0,0.0,0.0,12.0,Alert
1765,58.245,0.3,0.28,0.06666666666666667,7.0,0.0,0.0,0.0,0.0,0.0,0.0,0.0,0.0,0.0,12.0,Alert
1766,58.278,0.3,0.28,0.06666666666666667,7.0,0.0,0.0,0.0,0.0,0.0,0.0,0.0,0.0,0.0,12.0,Alert
1767,58.311,0.3,0.28,0.06666666666666667,7.0,0.0,0.0,0.0,0.0,0.0,0.0,0.0,0.0,0.0,12.0,Alert
1768,58.344,0.3,0.28,0.06666666666666667,7.0,0.0,0.0,0.0,0.0,0.0,0.0,0.0,0.0,0.0,12.0,Alert
1769,58.377,0.3,0.28,0.06666666666666667,7.0,0.0,0.0,0.0,0.0,0.0,0.0,0.0,0.0,0.0,12.0,Alert
1770,58.41,0.3,0.28,0.06666666666666667,7.0,0.0,0.0,0.0,0.0,0.0,0.0,0.0,0.0,0.0,12.0,Alert
1771,58.443,0.3,0.28,0.06666666666666667,7.0,0.0,0.0,0.0,0.0,0.0,0.0,0.0,0.0,0.0,12.0,Alert
1772,58.476,0.3,0.28,0.06666666666666667,7.0,0.0,0.0,0.0,0.0,0.0,0.0,0.0,0.0,0.0,12.0,Alert
1773,58.509,0.3,0.28,0.06666666666666667,7.0,0.0,0.0,0.0,0.0,0.0,0.0,0.0,0.0,0.0,12.0,Alert
1774,58.542,0.3,0.28,0.06666666666666667,7.0,0.0,0.0,0.0,0.0,0.0,0.0,0.0,0.0,0.0,12.0,Alert
1775,58.575,0.3,0.28,0.06666666666666667,7.0,0.0,0.0,0.0,0.0,0.0,0.0,0.0,0.0,0.0,12.0,Alert
1776,58.608,0.3,0.28,0.06666666666666667,7.0,0.0,0.0,0.0,0.0,0.0,0.0,0.0,0.0,0.0,12.0,Alert
1777,58.641,0.3,0.28,0.06666666666666667,7.0,0.0,0.0,0.0,0.0,0.0,0.0,0.0,0.0,0.0,12.0,Alert
1778,58.674,0.3,0.28,0.06666666666666667,7.0,0.0,0.0,0.0,0.0,0.0,0.0,0.0,0.0,0.0,12.0,Alert
1779,58.707,0.3,0.28,0.06666666666666667,7.0,0.0,0.0,0.0,0.0,0.0,0.0,0.0,0.0,0.0,12.0,Alert
1780,58.74,0.3,0.28,0.06666666666666667,7.0,0.0,0.0,0.0,0.0,0.0,0.0,0.0,0.0,0.0,12.0,Alert
1781,58.773,0.3,0.28,0.06666666666666667,7.0,0.0,0.0,0.0,0.0,0.0,0.0,0.0,0.0,0.0,12.0,Alert
1782,58.806,0.3,0.28,0.06666666666666667,7.0,0.0,0.0,0.0,0.0,0.0,0.0,0.0,0.0,0.0,12.0,Alert
1783,58.839,0.3,0.28,0.06666666666666667,7.0,0.0,0.0,0.0,0.0,0.0,0.0,0.0,0.0,0.0,12.0,Alert
1784,58.872,0.3,0.28,0.06666666666666667,7.0,0.0,0.0,0.0,0.0,0.0,0.0,0.0,0.0,0.0,12.0,Alert
1785,58.905,0.3,0.28,0.06666666666666667,7.0,0.0,0.0,0.0,0.0,0.0,0.0,0.0,0.0,0.0,12.0,Alert
1786,58.938,0.3,0.28,0.06666666666666667,7.0,0.0,0.0,0.0,0.0,0.0,0.0,0.0,0.0,0.0,12.0,Alert
1787,58.971,0.3,0.28,0.06666666666666667,7.0,0.0,0.0,0.0,0.0,0.0,0.0,0.0,0.0,0.0,12.0,Alert
1788,59.004,0.3,0.28,0.06666666666666667,7.0,0.0,0.0,0.0,0.0,0.0,0.0,0.0,0.0,0.0,12.0,Alert
1789,59.037,0.3,0.28,0.06666666666666667,7.0,0.0,0.0,0.0,0.0,0.0,0.0,0.0,0.0,0.0,12.0,Alert
1790,59.07,0.3,0.28,0.06666666666666667,7.0,0.0,0.0,0.0,0.0,0.0,0.0,0.0,0.0,0.0,12.0,Alert
1791,59.103,0.3,0.28,0.06666666666666667,7.0,0.0,0.0,0.0,0.0,0.0,0.0,0.0,0.0,0.0,12.0,Alert
1792,59.136,0.3,0.28,0.06666666666666667,7.0,0.0,0.0,0.0,0.0,0.0,0.0,0.0,0.0,0.0,12.0,Alert
1793,59.169,0.3,0.28,0.06666666666666667,7.0,0.0,0.0,0.0,0.0,0.0,0.0,0.0,0.0,0.0,12.0,Alert
1794,59.202,0.3,0.28,0.06666666666666667,7.0,0.0,0.0,0.0,0.0,0.0,0.0,0.0,0.0,0.0,12.0,Alert
1795,59.235,0.3,0.28,0.06666666666666667,7.0,0.0,0.0,0.0,0.0,0.0,0.0,0.0,0.0,0.0,12.0,Alert
1796,59.268,0.3,0.28,0.06666666666666667,7.0,0.0,0.0,0.0,0.0,0.0,0.0,0.0,0.0,0.0,12.0,Alert
1797,59.301,0.3,0.28,0.06666666666666667,7.0,0.0,0.0,0.0,0.0,0.0,0.0,0.0,0.0,0.0,12.0,Alert
1798,59.334,0.3,0.28,0.06666666666666667,7.0,0.0,0.0,0.0,0.0,0.0,0.0,0.0,0.0,0.0,12.0,Alert
1799,59.367,0.3,0.28,0.06666666666666667,7.0,0.0,0.0,0.0,0.0,0.0,0.0,0.0,0.0,0.0,12.0,Alert
1800,59.4,0.3,0.28,0.06666666666666667,7.0,0.0,0.0,0.0,0.0,0.0,0.0,0.0,0.0,0.0,12.0,Alert
1801,59.433,0.3,0.28,0.06666666666666667,7.0,0.0,0.0,0.0,0.0,0.0,0.0,0.0,0.0,0.0,12.0,Alert
1802,59.466,0.3,0.28,0.06666666666666667,7.0,0.0,0.0,0.0,0.0,0.0,0.0,0.0,0.0,0.0,12.0,Alert
1803,59.499,0.3,0.28,0.06666666666666667,7.0,0.0,0.0,0.0,0.0,0.0,0.0,0.0,0.0,0.0,12.0,Alert
1804,59.532,0.3,0.28,0.06666666666666667,7.0,0.0,0.0,0.0,0.0,0.0,0.0,0.0,0.0,0.0,12.0,Alert
1805,59.565,0.3,0.28,0.06666666666666667,7.0,0.0,0.0,0.0,0.0,0.0,0.0,0.0,0.0,0.0,12.0,Alert
1806,59.598,0.3,0.28,0.06666666666666667,7.0,0.0,0.0,0.0,0.0,0.0,0.0,0.0,0.0,0.0,12.0,Alert
1807,59.631,0.3,0.28,0.06666666666666667,7.0,0.0,0.0,0.0,0.0,0.0,0.0,0.0,0.0,0.0,12.0,Alert
1808,59.664,0.3,0.28,0.06666666666666667,7.0,0.0,0.0,0.0,0.0,0.0,0.0,0.0,0.0,0.0,12.0,Alert
1809,59.697,0.3,0.28,0.06666666666666667,7.0,0.0,0.0,0.0,0.0,0.0,0.0,0.0,0.0,0.0,12.0,Alert
1810,59.73,0.3,0.28,0.06666666666666667,7.0,0.0,0.0,0.0,0.0,0.0,0.0,0.0,0.0,0.0,12.0,Alert
1811,59.763,0.3,0.28,0.06666666666666667,7.0,0.0,0.0,0.0,0.0,0.0,0.0,0.0,0.0,0.0,12.0,Alert
1812,59.796,0.3,0.28,0.06666666666666667,7.0,0.0,0.0,0.0,0.0,0.0,0.0,0.0,0.0,0.0,12.0,Alert
1813,59.829,0.3,0.28,0.06666666666666667,7.0,0.0,0.0,0.0,0.0,0.0,0.0,0.0,0.0,0.0,12.0,Alert
1814,59.862,0.3,0.28,0.06666666666666667,7.0,0.0,0.0,0.0,0.0,0.0,0.0,0.0,0.0,0.0,12.0,Alert
1815,59.895,0.3,0.28,0.06666666666666667,7.0,0.0,0.0,0.0,0.0,0.0,0.0,0.0,0.0,0.0,12.0,Alert
1816,59.928,0.3,0.28,0.06666666666666667,7.0,0.0,0.0,0.0,0.0,0.0,0.0,0.0,0.0,0.0,12.0,Alert
1817,59.961,0.3,0.28,0.06666666666666667,7.0,0.0,0.0,0.0,0.0,0.0,0.0,0.0,0.0,0.0,12.0,Alert
1818,59.994,0.3,0.28,0.06666666666666667,7.0,0.0,0.0,0.0,0.0,0.0,0.0,0.0,0.0,0.0,12.0,Alert
1819,60.027,0.3,0.28,0.06666666666666667,7.0,0.0,0.0,0.0,0.0,0.0,0.0,0.0,0.0,0.0,12.0,Alert
1820,60.06,0.3,0.28,0.06666666666666667,7.0,0.0,0.0,0.0,0.0,0.0,0.0,0.0,0.0,0.0,12.0,Alert
1821,60.093,0.3,0.28,0.06666666666666667,7.0,0.0,0.0,0.0,0.0,0.0,0.0,0.0,0.0,0.0,12.0,Alert
1822,60.126,0.3,0.28,0.06666666666666667,7.0,0.0,0.0,0.0,0.0,0.0,0.0,0.0,0.0,0.0,12.0,Alert
1823,60.159,0.3,0.28,0.06666666666666667,7.0,0.0,0.0,0.0,0.0,0.0,0.0,0.0,0.0,0.0,12.0,Alert
1824,60.192,0.3,0.28,0.06666666666666667,7.0,0.0,0.0,0.0,0.0,0.0,0.0,0.0,0.0,0.0,12.0,Alert
1825,60.225,0.3,0.28,0.06666666666666667,7.0,0.0,0.0,0.0,0.0,0.0,0.0,0.0,0.0,0.0,12.0,Alert
1826,60.258,0.3,0.28,0.06666666666666667,7.0,0.0,0.0,0.0,0.0,0.0,0.0,0.0,0.0,0.0,12.0,Alert
1827,60.291,0.3,0.28,0.06666666666666667,7.0,0.0,0.0,0.0,0.0,0.0,0.0,0.0,0.0,0.0,12.0,Alert
1828,60.324,0.3,0.28,0.06666666666666667,7.0,0.0,0.0,0.0,0.0,0.0,0.0,0.0,0.0,0.0,12.0,Alert
1829,60.357,0.3,0.28,0.06666666666666667,7.0,0.0,0.0,0.0,0.0,0.0,0.0,0.0,0.0,0.0,12.0,Alert
1830,60.39,0.3,0.28,0.06666666666666667,7.0,0.0,0.0,0.0,0.0,0.0,0.0,0.0,0.0,0.0,12.0,Alert
1831,60.423,0.3,0.28,0.06666666666666667,7.0,0.0,0.0,0.0,0.0,0.0,0.0,0.0,0.0,0.0,12.0,Alert
1832,60.456,0.3,0.28,0.06666666666666667,7.0,0.0,0.0,0.0,0.0,0.0,0.0,0.0,0.0,0.0,12.0,Alert
1833,60.489,0.3,0.28,0.06666666666666667,7.0,0.0,0.0,0.0,0.0,0.0,0.0,0.0,0.0,0.0,12.0,Alert
1834,60.522,0.3,0.28,0.06666666666666667,7.0,0.0,0.0,0.0,0.0,0.0,0.0,0.0,0.0,0.0,12.0,Alert
1835,60.555,0.3,0.28,0.06666666666666667,7.0,0.0,0.0,0.0,0.0,0.0,0.0,0.0,0.0,0.0,12.0,Alert
1836,60.588,0.3,0.28,0.06666666666666667,7.0,0.0,0.0,0.0,0.0,0.0,0.0,0.0,0.0,0.0,12.0,Alert
1837,60.621,0.3,0.28,0.06666666666666667,7.0,0.0,0.0,0.0,0.0,0.0,0.0,0.0,0.0,0.0,12.0,Alert
1838,60.654,0.2412966308183082,0.18394099412454767,0.06666666666666667,7.0,0.0,0.0,29.75386090836729,-2.1682821886210206,-4.57054449777894,-29.320656784915286,0.0,-1.7788899752027136,-53.905756824322616,12.0,Alert
1839,60.687,0.3,0.28,0.06666666666666667,7.0,0.0,0.0,0.0,0.0,0.0,0.0,0.0,1.7788899752027136,107.81151364864523,12.0,Alert
1840,60.72,0.3,0.28,0.06666666666666667,7.0,0.0,0.0,0.0,0.0,0.0,0.0,0.0,0.0,-53.905756824322616,12.0,Alert
1841,60.753,0.3,0.28,0.06666666666666667,7.0,0.0,0.0,0.0,0.0,0.0,0.0,0.0,0.0,0.0,12.0,Alert
1842,60.786,0.3,0.28,0.06666666666666667,7.0,0.0,0.0,0.0,0.0,0.0,0.0,0.0,0.0,0.0,12.0,Alert
1843,60.819,0.3,0.28,0.06666666666666667,7.0,0.0,0.0,0.0,0.0,0.0,0.0,0.0,0.0,0.0,12.0,Alert
1844,60.852,0.3,0.28,0.06666666666666667,7.0,0.0,0.0,0.0,0.0,0.0,0.0,0.0,0.0,0.0,12.0,Alert
1845,60.885,0.3,0.28,0.06666666666666667,7.0,0.0,0.0,0.0,0.0,0.0,0.0,0.0,0.0,0.0,12.0,Alert
1846,60.918,0.3,0.28,0.06666666666666667,7.0,0.0,0.0,0.0,0.0,0.0,0.0,0.0,0.0,0.0,12.0,Alert
1847,60.951,0.3,0.28,0.06666666666666667,7.0,0.0,0.0,0.0,0.0,0.0,0.0,0.0,0.0,0.0,12.0,Alert
1848,60.984,0.3,0.28,0.06666666666666667,7.0,0.0,0.0,0.0,0.0,0.0,0.0,0.0,0.0,0.0,12.0,Alert
1849,61.017,0.3,0.28,0.06666666666666667,7.0,0.0,0.0,0.0,0.0,0.0,0.0,0.0,0.0,0.0,12.0,Alert
1850,61.05,0.3,0.28,0.06666666666666667,7.0,0.0,0.0,0.0,0.0,0.0,0.0,0.0,0.0,0.0,12.0,Alert
1851,61.083,0.3,0.28,0.06666666666666667,7.0,0.0,0.0,0.0,0.0,0.0,0.0,0.0,0.0,0.0,12.0,Alert
1852,61.116,0.3,0.28,0.06666666666666667,7.0,0.0,0.0,0.0,0.0,0.0,0.0,0.0,0.0,0.0,12.0,Alert
1853,61.149,0.3,0.28,0.06666666666666667,7.0,0.0,0.0,0.0,0.0,0.0,0.0,0.0,0.0,0.0,12.0,Alert
1854,61.182,0.3,0.28,0.06666666666666667,7.0,0.0,0.0,0.0,0.0,0.0,0.0,0.0,0.0,0.0,12.0,Alert
1855,61.215,0.3,0.28,0.06666666666666667,7.0,0.0,0.0,0.0,0.0,0.0,0.0,0.0,0.0,0.0,12.0,Alert
1856,61.248,0.3,0.28,0.06666666666666667,7.0,0.0,0.0,0.0,0.0,0.0,0.0,0.0,0.0,0.0,12.0,Alert
1857,61.281,0.3,0.28,0.06666666666666667,7.0,0.0,0.0,0.0,0.0,0.0,0.0,0.0,0.0,0.0,12.0,Alert
1858,61.314,0.3,0.28,0.06666666666666667,7.0,0.0,0.0,0.0,0.0,0.0,0.0,0.0,0.0,0.0,12.0,Alert
1859,61.347,0.3,0.28,0.06666666666666667,7.0,0.0,0.0,0.0,0.0,0.0,0.0,0.0,0.0,0.0,12.0,Alert
1860,61.38,0.3,0.28,0.06666666666666667,7.0,0.0,0.0,0.0,0.0,0.0,0.0,0.0,0.0,0.0,12.0,Alert
1861,61.413,0.3,0.28,0.06666666666666667,7.0,0.0,0.0,0.0,0.0,0.0,0.0,0.0,0.0,0.0,12.0,Alert
1862,61.446,0.3,0.28,0.06666666666666667,7.0,0.0,0.0,0.0,0.0,0.0,0.0,0.0,0.0,0.0,12.0,Alert
1863,61.479,0.3,0.28,0.06666666666666667,7.0,0.0,0.0,0.0,0.0,0.0,0.0,0.0,0.0,0.0,12.0,Alert
1864,61.512,0.32095853875843083,0.2673530826471349,0.06666666666666667,7.0,0.0,0.0,76.41862182059599,14.242138538566422,-29.504517522283294,69.03948650290519,0.0,0.6351072351040776,19.24567379103607,12.0,Alert
1865,61.545,0.3,0.28,0.06666666666666667,7.0,0.0,0.0,0.0,0.0,0.0,0.0,0.0,-0.635107235103941,-38.49134758205971,12.0,Alert
1866,61.578,0.3,0.28,0.06666666666666667,7.0,0.0,0.0,0.0,0.0,0.0,0.0,0.0,0.0,19.245673791027784,12.0,Alert
1867,61.611,0.3,0.28,0.06666666666666667,7.0,0.0,0.0,0.0,0.0,0.0,0.0,0.0,0.0,0.0,12.0,Alert
1868,61.644,0.3,0.28,0.06666666666666667,7.0,0.0,0.0,0.0,0.0,0.0,0.0,0.0,0.0,0.0,12.0,Alert
1869,61.677,0.3,0.28,0.06666666666666667,7.0,0.0,0.0,0.0,0.0,0.0,0.0,0.0,0.0,0.0,12.0,Alert
1870,61.71,0.3,0.28,0.06666666666666667,7.0,0.0,0.0,0.0,0.0,0.0,0.0,0.0,0.0,0.0,12.0,Alert
1871,61.743,0.3,0.28,0.06666666666666667,7.0,0.0,0.0,0.0,0.0,0.0,0.0,0.0,0.0,0.0,12.0,Alert
1872,61.776,0.3,0.28,0.06666666666666667,7.0,0.0,0.0,0.0,0.0,0.0,0.0,0.0,0.0,0.0,12.0,Alert
1873,61.809,0.3,0.28,0.06666666666666667,7.0,0.0,0.0,0.0,0.0,0.0,0.0,0.0,0.0,0.0,12.0,Alert
1874,61.842,0.3,0.28,0.06666666666666667,7.0,0.0,0.0,0.0,0.0,0.0,0.0,0.0,0.0,0.0,12.0,Alert
1875,61.875,0.3,0.28,0.06666666666666667,7.0,0.0,0.0,0.0,0.0,0.0,0.0,0.0,0.0,0.0,12.0,Alert
1876,61.908,0.3,0.28,0.06666666666666667,7.0,0.0,0.0,0.0,0.0,0.0,0.0,0.0,0.0,0.0,12.0,Alert
1877,61.941,0.3,0.28,0.06666666666666667,7.0,0.0,0.0,0.0,0.0,0.0,0.0,0.0,0.0,0.0,12.0,Alert
1878,61.974,0.3,0.28,0.06666666666666667,7.0,0.0,0.0,0.0,0.0,0.0,0.0,0.0,0.0,0.0,12.0,Alert
1879,62.007,0.3,0.28,0.06666666666666667,7.0,0.0,0.0,0.0,0.0,0.0,0.0,0.0,0.0,0.0,12.0,Alert
1880,62.04,0.3,0.28,0.06666666666666667,7.0,0.0,0.0,0.0,0.0,0.0,0.0,0.0,0.0,0.0,12.0,Alert
1881,62.073,0.3,0.28,0.06666666666666667,7.0,0.0,0.0,0.0,0.0,0.0,0.0,0.0,0.0,0.0,12.0,Alert
1882,62.106,0.3,0.28,0.06666666666666667,7.0,0.0,0.0,0.0,0.0,0.0,0.0,0.0,0.0,0.0,12.0,Alert
1883,62.139,0.3,0.28,0.06666666666666667,7.0,0.0,0.0,0.0,0.0,0.0,0.0,0.0,0.0,0.0,12.0,Alert
1884,62.172,0.3,0.28,0.06666666666666667,7.0,0.0,0.0,0.0,0.0,0.0,0.0,0.0,0.0,0.0,12.0,Alert
1885,62.205,0.3,0.28,0.06666666666666667,7.0,0.0,0.0,0.0,0.0,0.0,0.0,0.0,0.0,0.0,12.0,Alert
1886,62.238,0.3,0.28,0.06666666666666667,7.0,0.0,0.0,0.0,0.0,0.0,0.0,0.0,0.0,0.0,12.0,Alert
1887,62.271,0.3,0.28,0.06666666666666667,7.0,0.0,0.0,0.0,0.0,0.0,0.0,0.0,0.0,0.0,12.0,Alert
1888,62.304,0.3,0.28,0.06666666666666667,7.0,0.0,0.0,0.0,0.0,0.0,0.0,0.0,0.0,0.0,12.0,Alert
1889,62.337,0.3,0.28,0.06666666666666667,7.0,0.0,0.0,0.0,0.0,0.0,0.0,0.0,0.0,0.0,12.0,Alert
1890,62.37,0.3,0.28,0.06666666666666667,7.0,0.0,0.0,0.0,0.0,0.0,0.0,0.0,0.0,0.0,12.0,Alert
1891,62.403,0.3,0.28,0.06666666666666667,7.0,0.0,0.0,0.0,0.0,0.0,0.0,0.0,0.0,0.0,12.0,Alert
1892,62.436,0.3,0.28,0.06666666666666667,7.0,0.0,0.0,0.0,0.0,0.0,0.0,0.0,0.0,0.0,12.0,Alert
1893,62.469,0.3,0.28,0.06666666666666667,7.0,0.0,0.0,0.0,0.0,0.0,0.0,0.0,0.0,0.0,12.0,Alert
1894,62.502,0.3,0.28,0.06666666666666667,7.0,0.0,0.0,0.0,0.0,0.0,0.0,0.0,0.0,0.0,12.0,Alert
1895,62.535,0.3,0.28,0.06666666666666667,7.0,0.0,0.0,0.0,0.0,0.0,0.0,0.0,0.0,0.0,12.0,Alert
1896,62.568,0.3,0.28,0.06666666666666667,7.0,0.0,0.0,0.0,0.0,0.0,0.0,0.0,0.0,0.0,12.0,Alert
1897,62.601,0.3,0.28,0.06666666666666667,7.0,0.0,0.0,0.0,0.0,0.0,0.0,0.0,0.0,0.0,12.0,Alert
1898,62.634,0.3,0.28,0.06666666666666667,7.0,0.0,0.0,0.0,0.0,0.0,0.0,0.0,0.0,0.0,12.0,Alert
1899,62.667,0.3,0.28,0.06666666666666667,7.0,0.0,0.0,0.0,0.0,0.0,0.0,0.0,0.0,0.0,12.0,Alert
1900,62.7,0.3,0.28,0.06666666666666667,7.0,0.0,0.0,0.0,0.0,0.0,0.0,0.0,0.0,0.0,12.0,Alert
1901,62.733,0.3,0.28,0.06666666666666667,7.0,0.0,0.0,0.0,0.0,0.0,0.0,0.0,0.0,0.0,12.0,Alert
1902,62.766,0.3,0.28,0.06666666666666667,7.0,0.0,0.0,0.0,0.0,0.0,0.0,0.0,0.0,0.0,12.0,Alert
1903,62.799,0.3,0.28,0.06666666666666667,7.0,0.0,0.0,0.0,0.0,0.0,0.0,0.0,0.0,0.0,12.0,Alert
1904,62.832,0.3,0.28,0.06666666666666667,7.0,0.0,0.0,0.0,0.0,0.0,0.0,0.0,0.0,0.0,12.0,Alert
1905,62.865,0.3,0.28,0.06666666666666667,7.0,0.0,0.0,0.0,0.0,0.0,0.0,0.0,0.0,0.0,12.0,Alert
1906,62.898,0.3,0.28,0.06666666666666667,7.0,0.0,0.0,0.0,0.0,0.0,0.0,0.0,0.0,0.0,12.0,Alert
1907,62.931,0.3,0.28,0.06666666666666667,7.0,0.0,0.0,0.0,0.0,0.0,0.0,0.0,0.0,0.0,12.0,Alert
1908,62.964,0.3,0.28,0.06666666666666667,7.0,0.0,0.0,0.0,0.0,0.0,0.0,0.0,0.0,0.0,12.0,Alert
1909,62.997,0.3,0.28,0.06666666666666667,7.0,0.0,0.0,0.0,0.0,0.0,0.0,0.0,0.0,0.0,12.0,Alert
1910,63.03,0.3,0.28,0.06666666666666667,7.0,0.0,0.0,0.0,0.0,0.0,0.0,0.0,0.0,0.0,12.0,Alert
1911,63.063,0.3,0.28,0.06666666666666667,7.0,0.0,0.0,0.0,0.0,0.0,0.0,0.0,0.0,0.0,12.0,Alert
1912,63.096,0.3,0.28,0.06666666666666667,7.0,0.0,0.0,0.0,0.0,0.0,0.0,0.0,0.0,0.0,12.0,Alert
1913,63.129,0.3,0.28,0.06666666666666667,7.0,0.0,0.0,0.0,0.0,0.0,0.0,0.0,0.0,0.0,12.0,Alert
1914,63.162,0.3,0.28,0.06666666666666667,7.0,0.0,0.0,0.0,0.0,0.0,0.0,0.0,0.0,0.0,12.0,Alert
1915,63.195,0.3,0.28,0.06666666666666667,7.0,0.0,0.0,0.0,0.0,0.0,0.0,0.0,0.0,0.0,12.0,Alert
1916,63.228,0.3,0.28,0.06666666666666667,7.0,0.0,0.0,0.0,0.0,0.0,0.0,0.0,0.0,0.0,12.0,Alert
1917,63.261,0.3,0.28,0.06666666666666667,7.0,0.0,0.0,0.0,0.0,0.0,0.0,0.0,0.0,0.0,12.0,Alert
1918,63.294,0.3,0.28,0.06666666666666667,7.0,0.0,0.0,0.0,0.0,0.0,0.0,0.0,0.0,0.0,12.0,Alert
1919,63.327,0.3,0.28,0.06666666666666667,7.0,0.0,0.0,0.0,0.0,0.0,0.0,0.0,0.0,0.0,12.0,Alert
1920,63.36,0.3,0.28,0.06666666666666667,7.0,0.0,0.0,0.0,0.0,0.0,0.0,0.0,0.0,0.0,12.0,Alert
1921,63.393,0.3,0.28,0.06666666666666667,7.0,0.0,0.0,0.0,0.0,0.0,0.0,0.0,0.0,0.0,12.0,Alert
1922,63.426,0.3,0.28,0.06666666666666667,7.0,0.0,0.0,0.0,0.0,0.0,0.0,0.0,0.0,0.0,12.0,Alert
1923,63.459,0.3,0.28,0.06666666666666667,7.0,0.0,0.0,0.0,0.0,0.0,0.0,0.0,0.0,0.0,12.0,Alert
1924,63.492,0.3,0.28,0.06666666666666667,7.0,0.0,0.0,0.0,0.0,0.0,0.0,0.0,0.0,0.0,12.0,Alert
1925,63.525,0.3,0.28,0.06666666666666667,7.0,0.0,0.0,0.0,0.0,0.0,0.0,0.0,0.0,0.0,12.0,Alert
1926,63.558,0.3,0.28,0.06666666666666667,7.0,0.0,0.0,0.0,0.0,0.0,0.0,0.0,0.0,0.0,12.0,Alert
1927,63.591,0.3,0.28,0.06666666666666667,7.0,0.0,0.0,0.0,0.0,0.0,0.0,0.0,0.0,0.0,12.0,Alert
1928,63.624,0.3,0.28,0.06666666666666667,7.0,0.0,0.0,0.0,0.0,0.0,0.0,0.0,0.0,0.0,12.0,Alert
1929,63.657,0.3,0.28,0.06666666666666667,7.0,0.0,0.0,0.0,0.0,0.0,0.0,0.0,0.0,0.0,12.0,Alert
1930,63.69,0.3,0.28,0.06666666666666667,7.0,0.0,0.0,0.0,0.0,0.0,0.0,0.0,0.0,0.0,12.0,Alert
1931,63.723,0.3,0.28,0.06666666666666667,7.0,0.0,0.0,0.0,0.0,0.0,0.0,0.0,0.0,0.0,12.0,Alert
1932,63.756,0.3,0.28,0.06666666666666667,7.0,0.0,0.0,0.0,0.0,0.0,0.0,0.0,0.0,0.0,12.0,Alert
1933,63.789,0.3,0.28,0.06666666666666667,7.0,0.0,0.0,0.0,0.0,0.0,0.0,0.0,0.0,0.0,12.0,Alert
1934,63.822,0.3,0.28,0.06666666666666667,7.0,0.0,0.0,0.0,0.0,0.0,0.0,0.0,0.0,0.0,12.0,Alert
1935,63.855,0.3,0.28,0.06666666666666667,7.0,0.0,0.0,0.0,0.0,0.0,0.0,0.0,0.0,0.0,12.0,Alert
1936,63.888,0.3,0.28,0.06666666666666667,7.0,0.0,0.0,0.0,0.0,0.0,0.0,0.0,0.0,0.0,12.0,Alert
1937,63.921,0.3,0.28,0.06666666666666667,7.0,0.0,0.0,0.0,0.0,0.0,0.0,0.0,0.0,0.0,12.0,Alert
1938,63.954,0.3,0.28,0.06666666666666667,7.0,0.0,0.0,0.0,0.0,0.0,0.0,0.0,0.0,0.0,12.0,Alert
1939,63.987,0.3,0.28,0.06666666666666667,7.0,0.0,0.0,0.0,0.0,0.0,0.0,0.0,0.0,0.0,12.0,Alert
1940,64.02,0.3,0.28,0.06666666666666667,7.0,0.0,0.0,0.0,0.0,0.0,0.0,0.0,0.0,0.0,12.0,Alert
1941,64.053,0.3,0.28,0.06666666666666667,7.0,0.0,0.0,0.0,0.0,0.0,0.0,0.0,0.0,0.0,12.0,Alert
1942,64.086,0.3,0.28,0.06666666666666667,7.0,0.0,0.0,0.0,0.0,0.0,0.0,0.0,0.0,0.0,12.0,Alert
1943,64.119,0.3,0.28,0.06666666666666667,7.0,0.0,0.0,0.0,0.0,0.0,0.0,0.0,0.0,0.0,12.0,Alert
1944,64.152,0.3,0.28,0.06666666666666667,7.0,0.0,0.0,0.0,0.0,0.0,0.0,0.0,0.0,0.0,12.0,Alert
1945,64.185,0.3,0.28,0.06666666666666667,7.0,0.0,0.0,0.0,0.0,0.0,0.0,0.0,0.0,0.0,12.0,Alert
1946,64.218,0.3,0.28,0.06666666666666667,7.0,0.0,0.0,0.0,0.0,0.0,0.0,0.0,0.0,0.0,12.0,Alert
1947,64.251,0.3,0.28,0.06666666666666667,7.0,0.0,0.0,0.0,0.0,0.0,0.0,0.0,0.0,0.0,12.0,Alert
1948,64.284,0.3,0.28,0.06666666666666667,7.0,0.0,0.0,0.0,0.0,0.0,0.0,0.0,0.0,0.0,12.0,Alert
1949,64.317,0.3,0.28,0.06666666666666667,7.0,0.0,0.0,0.0,0.0,0.0,0.0,0.0,0.0,0.0,12.0,Alert
1950,64.35,0.3,0.28,0.06666666666666667,7.0,0.0,0.0,0.0,0.0,0.0,0.0,0.0,0.0,0.0,12.0,Alert
1951,64.383,0.3,0.28,0.06666666666666667,7.0,0.0,0.0,0.0,0.0,0.0,0.0,0.0,0.0,0.0,12.0,Alert
